time,v1,v2,v3,i1,i2,i3
0,4.7234e-12,-31.428,31.428,2.4601e-12,-16.369,16.369
0.00017321,0.043103,-120,119.96,0.02245,-62.5,62.477
0.00034642,1.1599,-537.02,535.86,0.60411,-279.7,279.1
0.00051963,4.9645,-1080,1075.1,2.5857,-562.52,559.93
0.00069284,13.061,-1718.2,1705.2,6.8028,-894.91,888.1
0.00086605,24.839,-2332.6,2307.8,12.937,-1214.9,1202
0.0010393,45.265,-3091.3,3046,23.576,-1610,1586.5
0.0012125,71.343,-3813.9,3742.6,37.158,-1986.4,1949.3
0.0013857,109.94,-4639.6,4529.6,57.258,-2416.4,2359.2
0.0015589,155.95,-5418.7,5262.7,81.225,-2822.2,2741
0.0017321,208.99,-6154.1,5945.1,108.85,-3205.2,3096.4
0.0019053,283.77,-7007.3,6723.5,147.8,-3649.6,3501.8
0.0020785,368.02,-7802.4,7434.4,191.68,-4063.8,3872.1
0.0022517,461.1,-8543.7,8082.6,240.15,-4449.8,4209.7
0.0024249,562.37,-9235.1,8672.7,292.9,-4810,4517.1
0.0025982,700.68,-10040,9339.7,364.94,-5229.4,4864.4
0.0027714,849.99,-10779,9929.2,442.7,-5614.1,5171.4
0.0029446,1009.3,-11457,10448,525.69,-5967.4,5441.7
0.0031178,1177.7,-12081,10903,613.4,-6292,5678.6
0.003291,1397.3,-12783,11385,727.77,-6657.7,5929.9
0.0034642,1628,-13416,11788,847.92,-6987.8,6139.8
0.0036374,1868.5,-13989,12121,973.16,-7286.1,6312.9
0.0038106,2117.5,-14508,12390,1102.9,-7556.1,6453.2
0.0039838,2436.7,-15084,12647,1269.1,-7856,6586.9
0.004157,2765.5,-15594,12829,1440.3,-8121.9,6681.5
0.0043303,3102.2,-16047,12945,1615.7,-8357.8,6742.1
0.0045035,3445.6,-16450,13004,1794.6,-8567.5,6773
0.0046767,3887.9,-16897,13009,2024.9,-8800.5,6775.5
0.0048499,4336.4,-17283,12947,2258.6,-9001.6,6743
0.0050231,4789.3,-17617,12827,2494.4,-9175.3,6680.9
0.0051963,5351.6,-17966,12615,2787.3,-9357.4,6570.1
0.0053695,5915.4,-18257,12341,3081,-9508.7,6427.7
0.0055427,6478.5,-18496,12018,3374.2,-9633.6,6259.3
0.0057159,7199.6,-18741,11541,3749.8,-9760.9,6011.1
0.0058891,7913.3,-18923,11010,4121.5,-9855.7,5734.1
0.0060624,8782.4,-19073,10291,4574.2,-9933.8,5359.7
0.0062356,9632.2,-19150,9517.7,5016.8,-9973.9,4957.1
0.0064088,10705,-19153,8447.6,5575.5,-9975.3,4399.8
0.006582,11733,-19055,7321.7,6111,-9924.4,3813.4
0.0067552,12711,-18864,6152.5,6620.4,-9824.9,3204.4
0.0069284,13635,-18585,4949.9,7101.4,-9679.4,2578.1
0.0071016,14499,-18221,3721.8,7551.7,-9490.1,1938.4
0.0072748,15301,-17776,2475.2,7969.3,-9258.5,1289.2
0.007448,16037,-17253,1216.5,8352.5,-8986.1,633.58
0.0076212,16703,-16655,-48.324,8699.5,-8674.3,-25.169
0.0077945,17297,-15984,-1313.4,9008.9,-8324.8,-684.05
0.0079677,17816,-15243,-2573,9279.3,-7939.2,-1340.1
0.0081409,18258,-14437,-3821.7,9509.6,-7519.1,-1990.5
0.0083141,18621,-13568,-5053.9,9698.7,-7066.5,-2632.2
0.0084873,18904,-12640,-6264.3,9845.9,-6583.2,-3262.6
0.0086605,19105,-11657,-7447.6,9950.5,-6071.5,-3879
0.0088337,19223,-10624,-8598.7,10012,-5533.6,-4478.5
0.0090069,19258,-9545.6,-9712.6,10030,-4971.7,-5058.7
0.0091801,19210,-8425.5,-10785,10005,-4388.3,-5616.9
0.0093533,19079,-7269,-11810,9936.9,-3785.9,-6150.9
0.0095266,18865,-6081.1,-12784,9825.5,-3167.2,-6658.3
0.0096998,18570,-4866.8,-13703,9671.7,-2534.8,-7136.9
0.009873,18194,-3631.6,-14562,9476,-1891.5,-7584.6
0.010046,17740,-2380.7,-15359,9239.4,-1239.9,-7999.5
0.010219,17209,-1119.5,-16089,8962.8,-583.05,-8379.8
0.010393,16603,146.58,-16750,8647.5,76.343,-8723.8
0.010566,15926,1412,-17338,8294.7,735.4,-9030.1
0.010739,15180,2671.2,-17851,7906.1,1391.3,-9297.4
0.010912,14368,3918.9,-18287,7483.3,2041.1,-9524.4
0.011085,13494,5149.6,-18644,7028.1,2682.1,-9710.2
0.011259,12562,6358.1,-18920,6542.6,3311.5,-9854.1
0.011432,11575,7539,-19114,6028.8,3926.6,-9955.3
0.011605,10539,8687.3,-19226,5488.9,4524.6,-10013
0.011778,9456.4,9798,-19254,4925.2,5103.1,-10028
0.011952,8333.3,10866,-19200,4340.3,5659.5,-9999.8
0.012125,7174.2,11888,-19062,3736.6,6191.5,-9928
0.012298,5984.1,12857,-18842,3116.7,6696.6,-9813.3
0.012471,4768.1,13772,-18540,2483.4,7172.8,-9656.2
0.012644,3531.5,14626,-18158,1839.3,7617.9,-9457.2
0.012818,2279.6,15418,-17697,1187.3,8030.1,-9217.4
0.012991,1017.9,16143,-17160,530.13,8407.6,-8937.7
0.013164,-248.26,16797,-16549,-129.3,8748.6,-8619.3
0.013337,-1513.3,17380,-15866,-788.18,9051.9,-8263.7
0.01351,-2771.8,17887,-15115,-1443.6,9316,-7872.3
0.013684,-4018.3,18316,-14298,-2092.8,9539.7,-7446.9
0.013857,-5247.3,18667,-13419,-2733,9722.2,-6989.3
0.01403,-6453.7,18936,-12483,-3361.3,9862.7,-6501.4
0.014203,-7632.2,19124,-11492,-3975.1,9960.5,-5985.4
0.014376,-8777.6,19229,-10452,-4571.7,10015,-5443.5
0.01455,-9885,19251,-9365.9,-5148.5,10027,-4878.1
0.014723,-10950,19190,-8239.8,-5703,9994.5,-4291.6
0.014896,-11967,19045,-7078,-6232.8,9919.3,-3686.5
0.015069,-12933,18818,-5885.7,-6735.7,9801.2,-3065.5
0.015242,-13842,18510,-4667.8,-7209.4,9640.6,-2431.2
0.015416,-14692,18122,-3429.8,-7652,9438.4,-1786.4
0.015589,-15478,17655,-2177,-8061.4,9195.3,-1133.8
0.015762,-16197,17112,-914.71,-8436,8912.4,-476.41
0.015935,-16846,16495,351.51,-8774.1,8591,183.08
0.016109,-17422,15806,1616.2,-9074.2,8232.4,841.77
0.016282,-17923,15049,2873.9,-9335,7838.2,1496.8
0.016455,-18347,14227,4119.1,-9555.5,7410.1,2145.4
0.016628,-18690,13344,5346.6,-9734.6,6949.9,2784.7
0.016801,-18953,12403,6550.9,-9871.6,6459.7,3411.9
0.016975,-19135,11408,7726.8,-9965.9,5941.5,4024.4
0.017148,-19233,10363,8869.3,-10017,5397.6,4619.4
0.017321,-19248,9274.4,9973.5,-10025,4830.4,5194.5
0.017494,-19180,8145.1,11034,-9989.4,4242.3,5747.1
0.017667,-19028,6980.7,12048,-9910.6,3635.8,6274.9
0.017841,-18795,5786,13009,-9789,3013.6,6775.4
0.018014,-18480,4566.3,13914,-9625,2378.3,7246.7
0.018187,-18085,3326.9,14758,-9419.4,1732.8,7686.6
0.01836,-17612,2073.1,15539,-9173,1079.7,8093.3
0.018533,-17063,810.25,16253,-8886.9,422,8464.9
0.018707,-16440,-456.07,16896,-8562.4,-237.54,8799.9
0.01888,-15746,-1720.4,17466,-8200.8,-896.05,9096.9
0.019053,-14983,-2977.3,17961,-7803.8,-1550.7,9354.4
0.019226,-14156,-4221.3,18377,-7372.9,-2198.6,9571.6
0.0194,-13268,-5447.1,18715,-6910.2,-2837,9747.2
0.019573,-12322,-6649.3,18971,-6417.6,-3463.2,9880.8
0.019746,-11323,-7822.7,19145,-5897.2,-4074.3,9971.5
0.019919,-10274,-8962.3,19237,-5351.3,-4667.8,10019
0.020092,-9181.8,-10063,19245,-4782.2,-5241.2,10023
0.020266,-8049.5,-11120,19170,-4192.4,-5791.8,9984.3
0.020439,-6882.3,-12129,19012,-3584.5,-6317.4,9902
0.020612,-5685.3,-13086,18771,-2961.1,-6815.7,9776.8
0.020785,-4463.8,-13986,18450,-2324.9,-7284.5,9609.3
0.020958,-3222.9,-14826,18049,-1678.6,-7721.7,9400.3
0.021132,-1968,-15601,17569,-1025,-8125.5,9150.6
0.021305,-704.68,-16309,17014,-367.02,-8494.2,8861.2
0.021478,561.73,-16946,16384,292.57,-8826.1,8533.6
0.021651,1825.7,-17510,15684,950.9,-9119.9,8169
0.021824,3081.8,-17998,14917,1605.1,-9374.1,7769
0.021998,4324.6,-18409,14084,2252.4,-9587.8,7335.5
0.022171,5548.6,-18739,13191,2889.9,-9760.1,6870.1
0.022344,6748.7,-18989,12240,3514.9,-9890,6375.1
0.022517,7919.5,-19156,11237,4124.8,-9977.2,5852.5
0.022691,9056.1,-19241,10185,4716.7,-10021,5304.5
0.022864,10154,-19242,9088.5,5288.3,-10022,4733.6
0.023037,11207,-19160,7953,5837,-9979.2,4142.2
0.02321,12212,-18995,6783.1,6360.4,-9893.2,3532.8
0.023383,13164,-18748,5583.8,6856.3,-9764.5,2908.2
0.023557,14059,-18420,4360.3,7322.6,-9593.5,2271
0.02373,14894,-18012,3118,7757.1,-9381.1,1623.9
0.023903,15664,-17526,1862.1,8158.1,-9128,969.86
0.024076,16366,-16964,598.23,8523.8,-8835.4,311.58
0.024249,16997,-16329,-668.27,8852.6,-8504.5,-348.06
0.024423,17555,-15623,-1931.9,9143.1,-8136.9,-1006.2
0.024596,18036,-14849,-3187.2,9394,-7734,-1660
0.024769,18440,-14012,-4428.6,9604.3,-7297.7,-2306.6
0.024942,18764,-13113,-5651,9773,-6829.8,-2943.2
0.025115,19007,-12158,-6848.9,9899.4,-6332.3,-3567.1
0.025289,19167,-11150,-8017.1,9983,-5807.4,-4175.6
0.025462,19245,-10094,-9150.7,10023,-5257.4,-4766
0.025635,19239,-8994.4,-10245,10020,-4684.6,-5335.8
0.025808,19150,-7855.8,-11294,9974,-4091.6,-5882.4
0.025982,18978,-6683.1,-12295,9884.5,-3480.8,-6403.7
0.026155,18724,-5481.5,-13243,9752.2,-2854.9,-6897.2
0.026328,18389,-4256.1,-14133,9577.6,-2216.7,-7360.9
0.026501,17974,-3012.4,-14962,9361.7,-1568.9,-7792.7
0.026674,17482,-1755.5,-15726,9105.2,-914.34,-8190.8
0.026848,16914,-491.09,-16423,8809.3,-255.78,-8553.5
0.027021,16273,775.48,-17048,8475.3,403.9,-8879.2
0.027194,15561,2038.7,-17599,8104.6,1061.8,-9166.4
0.027367,14782,3293.1,-18075,7698.8,1715.2,-9414
0.02754,13939,4533.3,-18472,7259.7,2361.1,-9620.8
0.027714,13035,5753.9,-18789,6789.1,2996.8,-9786
0.027887,12075,6949.6,-19025,6289.2,3619.6,-9908.8
0.02806,11063,8115.2,-19178,5762.1,4226.7,-9988.7
0.028233,10003,9245.7,-19249,5210,4815.5,-10025
0.028406,8899.9,10336,-19236,4635.3,5383.4,-10019
0.02858,7758,11382,-19140,4040.6,5928.1,-9968.8
0.028753,6582.6,12379,-18961,3428.4,6447.2,-9875.6
0.028926,5378.7,13322,-18700,2801.4,6938.3,-9739.7
0.029099,4151.4,14207,-18358,2162.2,7399.4,-9561.6
0.029273,2906.2,15031,-17937,1513.7,7828.5,-9342.1
0.029446,1648.4,15789,-17438,858.55,8223.7,-9082.3
0.029619,383.47,16480,-16863,199.73,8583.3,-8783
0.029792,-883.15,17099,-16216,-459.97,8905.8,-8445.8
0.029965,-2146,17644,-15498,-1117.7,9189.7,-8072.1
0.030139,-3399.5,18113,-14714,-1770.6,9433.9,-7663.3
0.030312,-4638.4,18504,-13865,-2415.8,9637.3,-7221.4
0.030485,-5857.2,18814,-12957,-3050.6,9798.9,-6748.3
0.030658,-7050.6,19043,-11992,-3672.2,9918.1,-6245.9
0.030831,-8213.6,19189,-10976,-4277.9,9994.4,-5716.5
0.031005,-9341,19253,-9911.8,-4865.1,10027,-5162.4
0.031178,-10428,19233,-8804.9,-5431.2,10017,-4585.9
0.031351,-11470,19130,-7659.9,-5973.9,9963.4,-3989.5
0.031524,-12462,18944,-6481.7,-6490.7,9866.6,-3375.9
0.031697,-13400,18676,-5275.5,-6979.4,9727.1,-2747.6
0.031871,-14281,18327,-4046.4,-7437.9,9545.4,-2107.5
0.032044,-15099,17899,-2799.8,-7864.3,9322.5,-1458.2
0.032217,-15853,17394,-1541,-8256.6,9059.2,-802.61
0.03239,-16537,16813,-275.56,-8613.1,8756.6,-143.52
0.032564,-17150,16159,991.09,-8932.4,8416.2,516.19
0.032737,-17689,15436,2253.5,-9213.1,8039.4,1173.7
0.03291,-18151,14645,3506.1,-9453.8,7627.7,1826.1
0.033083,-18535,13791,4743.6,-9653.7,7183.1,2470.6
0.033256,-18839,12878,5960.6,-9811.8,6707.3,3104.5
0.03343,-19061,11909,7151.8,-9927.4,6202.5,3724.9
0.033603,-19200,10888,8312,-10000,5670.8,4329.2
0.033776,-19256,9820.1,9436.3,-10029,5114.6,4914.8
0.033949,-19229,8709.6,10520,-10015,4536.3,5479.1
0.034122,-19119,7561.5,11558,-9957.9,3938.3,6019.7
0.034296,-18926,6380.6,12546,-9857.5,3323.2,6534.2
0.034469,-18651,5172.1,13479,-9714.3,2693.8,7020.5
0.034642,-18296,3941.1,14355,-9529.1,2052.7,7476.4
0.034815,-17861,2693.1,15168,-9302.6,1402.7,7900
0.034988,-17349,1433.5,15916,-9035.9,746.59,8289.3
0.035162,-16762,167.55,16594,-8730.1,87.267,8642.8
0.035335,-16102,-1099.1,17201,-8386.5,-572.45,8958.9
0.035508,-15373,-2361,17734,-8006.6,-1229.7,9236.3
0.035681,-14577,-3612.7,18189,-7592,-1881.6,9473.6
0.035855,-13718,-4848.8,18566,-7144.5,-2525.4,9670
0.036028,-12799,-6063.9,18863,-6666.2,-3158.3,9824.5
0.036201,-11825,-7252.8,19078,-6158.9,-3777.5,9936.5
0.036374,-10800,-8410.4,19210,-5625,-4380.4,10005
0.036547,-9728.2,-9531.5,19260,-5066.8,-4964.3,10031
0.036721,-8614.3,-10611,19226,-4486.6,-5526.8,10013
0.036894,-7463,-11645,19108,-3887,-6065.3,9952.3
0.037067,-6279.4,-12629,18908,-3270.5,-6577.6,9848.2
0.03724,-5068.6,-13558,18627,-2639.9,-7061.5,9701.4
0.037413,-3835.9,-14428,18264,-1997.9,-7514.8,9512.6
0.037587,-2586.5,-15236,17823,-1347.2,-7935.5,9282.7
0.03776,-1326,-15978,17304,-690.6,-8322,9012.6
0.037933,-59.62,-16651,16711,-31.052,-8672.4,8703.4
0.038106,1207,-17252,16045,628.64,-8985.3,8356.6
0.038279,2468.4,-17778,15309,1285.6,-9259.3,7973.7
0.038453,3719.2,-18227,14508,1937.1,-9493.2,7556.2
0.038626,4953.8,-18597,13643,2580.1,-9686.1,7106
0.038799,6167.1,-18887,12720,3212,-9837,6625
0.038972,7353.7,-19095,11741,3830,-9945.4,6115.3
0.039145,8508.5,-19221,10712,4431.5,-10011,5579.2
0.039319,9626.4,-19263,9636.4,5013.8,-10033,5018.9
0.039492,10703,-19222,8518.9,5574.4,-10011,4436.9
0.039665,11733,-19097,7364.6,6110.8,-9946.5,3835.7
0.039838,12712,-18890,6178.3,6620.9,-9838.7,3217.9
0.040012,13636,-18602,4965.3,7102.2,-9688.3,2586.1
0.040185,14502,-18232,3730.8,7552.9,-9496,1943.1
0.040358,15304,-17784,2480.1,7970.9,-9262.6,1291.7
0.040531,16040,-17259,1218.7,8354.4,-8989.1,634.73
0.040704,16707,-16659,-48.058,8701.7,-8676.7,-25.03
0.040878,17302,-15987,-1314.6,9011.4,-8326.7,-684.69
0.041051,17822,-15246,-2575.5,9282.1,-7940.7,-1341.4
0.041224,18264,-14439,-3825.2,9512.6,-7520.3,-1992.3
0.041397,18628,-13569,-5058.5,9702,-7067.4,-2634.6
0.04157,18911,-12641,-6269.8,9849.3,-6583.8,-3265.5
0.041744,19112,-11658,-7454.1,9954.1,-6071.8,-3882.3
0.041917,19230,-10624,-8606.1,10016,-5533.4,-4482.3
0.04209,19265,-9544.6,-9720.8,10034,-4971.2,-5062.9
0.042263,19217,-8423.7,-10794,10009,-4387.3,-5621.7
0.042436,19086,-7266.3,-11820,9940.6,-3784.5,-6156
0.04261,18872,-6077.4,-12795,9829.1,-3165.3,-6663.8
0.042783,18576,-4862.3,-13714,9675.2,-2532.4,-7142.7
0.042956,18200,-3626,-14574,9479.3,-1888.5,-7590.8
0.043129,17745,-2374,-15371,9242.4,-1236.5,-8005.9
0.043303,17214,-1111.8,-16102,8965.5,-579.05,-8386.5
0.043476,16608,155.31,-16763,8649.9,80.891,-8730.8
0.043649,15930,1421.8,-17351,8296.7,740.5,-9037.2
0.043822,15183,2682.1,-17865,7907.7,1396.9,-9304.6
0.043995,14370,3930.8,-18301,7484.4,2047.3,-9531.7
0.044169,13495,5162.5,-18658,7028.8,2688.8,-9717.6
0.044342,12562,6372,-18934,6542.7,3318.7,-9861.4
0.044515,11574,7553.8,-19128,6028.3,3934.3,-9962.6
0.044688,10536,8703.1,-19240,5487.8,4532.8,-10021
0.044861,9453.1,9814.6,-19268,4923.5,5111.8,-10035
0.045035,8328.8,10884,-19212,4337.9,5668.6,-10007
0.045208,7168.4,11906,-19074,3733.5,6200.9,-9934.4
0.045381,5976.9,12876,-18853,3113,6706.4,-9819.4
0.045554,4759.6,13791,-18551,2479,7182.9,-9661.8
0.045727,3521.7,14646,-18168,1834.2,7628.3,-9462.5
0.045901,2268.5,15438,-17707,1181.5,8040.7,-9222.2
0.046074,1005.4,16163,-17169,523.67,8418.3,-8941.9
0.046247,-261.98,16818,-16556,-136.45,8759.5,-8623
0.04642,-1528.3,17400,-15872,-795.98,9062.7,-8266.8
0.046594,-2788,17907,-15119,-1452.1,9326.8,-7874.7
0.046767,-4035.7,18337,-14301,-2101.9,9550.5,-7448.6
0.04694,-5265.9,18687,-13421,-2742.7,9732.9,-6990.3
0.047113,-6473.4,18957,-12483,-3371.6,9873.2,-6501.6
0.047286,-7652.9,19144,-11491,-3985.9,9970.8,-5984.9
0.04746,-8799.3,19248,-10449,-4582.9,10025,-5442.2
0.047633,-9907.6,19270,-9361.9,-5160.2,10036,-4876
0.047806,-10973,19207,-8234.2,-5715.1,10004,-4288.7
0.047979,-11991,19062,-7070.9,-6245.4,9928.1,-3682.8
0.048152,-12957,18834,-5877,-6748.6,9809.5,-3060.9
0.048326,-13867,18525,-4657.6,-7222.6,9648.4,-2425.8
0.048499,-14717,18135,-3418,-7665.4,9445.5,-1780.2
0.048672,-15504,17668,-2163.6,-8075,9201.8,-1126.9
0.048845,-16223,17123,-899.8,-8449.6,8918.3,-468.64
0.049018,-16872,16505,367.9,-8787.8,8596.1,191.62
0.049192,-17449,15815,1634,-9087.9,8236.8,851.06
0.049365,-17949,15056,2893.1,-9348.6,7841.8,1506.8
0.049538,-18372,14233,4139.7,-9569,7412.9,2156.1
0.049711,-18716,13348,5368.4,-9747.9,6951.9,2796
0.049885,-18979,12405,6573.9,-9884.7,6460.8,3423.9
0.050058,-19159,11408,7751,-9978.7,5941.7,4037
0.050231,-19257,10362,8894.5,-10029,5396.9,4632.6
0.050404,-19271,9271.3,9999.6,-10037,4828.8,5208.1
0.050577,-19202,8140.3,11061,-10001,4239.7,5761.2
0.050751,-19050,6974.1,12076,-9921.6,3632.3,6289.3
0.050924,-18815,5777.6,13037,-9799.4,3009.2,6790.3
0.051097,-18499,4556.2,13943,-9634.8,2373,7261.8
0.05127,-18103,3315,14788,-9428.5,1726.6,7702
0.051443,-17628,2059.5,15569,-9181.4,1072.7,8108.8
0.051617,-17078,795.01,16283,-8894.6,414.07,8480.5
0.05179,-16453,-472.93,16926,-8569.3,-246.32,8815.6
0.051963,-15757,-1738.8,17496,-8206.9,-905.65,9112.6
0.052136,-14993,-2997.3,17991,-7809,-1561.1,9370.1
0.052309,-14164,-4242.7,18407,-7377.3,-2209.8,9587.1
0.052483,-13274,-5469.9,18744,-6913.7,-2848.9,9762.6
0.052656,-12327,-6673.4,19000,-6420.1,-3475.7,9895.8
0.052829,-11326,-7848,19174,-5898.8,-4087.5,9986.3
0.053002,-10276,-8988.8,19264,-5351.9,-4681.6,10034
0.053176,-9181.2,-10091,19272,-4781.9,-5255.5,10037
0.053349,-8047,-11149,19196,-4191.1,-5806.7,9997.8
0.053522,-6877.9,-12159,19037,-3582.3,-6332.7,9915
0.053695,-5679.1,-13116,18795,-2957.9,-6831.4,9789.3
0.053868,-4455.7,-14017,18473,-2320.7,-7300.5,9621.2
0.054042,-3213,-14857,18070,-1673.4,-7738,9411.5
0.054215,-1956.4,-15633,17589,-1018.9,-8142.1,9161
0.054388,-691.22,-16341,17032,-360.01,-8511,8871
0.054561,576.92,-16979,16402,300.48,-8843,8542.5
0.054734,1842.6,-17543,15700,959.68,-9136.8,8177.1
0.054908,3100.3,-18031,14931,1614.7,-9391.1,7776.3
0.055081,4344.6,-18441,14096,2262.8,-9604.7,7341.9
0.055254,5570.2,-18771,13201,2901.1,-9776.8,6875.7
0.055427,6771.7,-19021,12249,3526.9,-9906.6,6379.7
0.0556,7943.9,-19188,11244,4137.5,-9993.6,5856.1
0.055774,9081.8,-19272,10190,4730.1,-10037,5307.2
0.055947,10180,-19272,9091.8,5302.3,-10038,4735.3
0.05612,11235,-19189,7954.5,5851.6,-9994.5,4143
0.056293,12241,-19024,6782.7,6375.5,-9908.2,3532.6
0.056467,13194,-18776,5581.5,6871.9,-9779,2907
0.05664,14090,-18446,4356.2,7338.6,-9607.4,2268.8
0.056813,14925,-18037,3112,7773.5,-9394.4,1620.8
0.056986,15696,-17550,1854.3,8174.9,-9140.7,965.78
0.057159,16398,-16987,588.58,8540.8,-8847.4,306.55
0.057333,17030,-16350,-679.72,8869.9,-8515.9,-354.02
0.057506,17588,-15643,-1945.1,9160.5,-8147.5,-1013.1
0.057679,18070,-14868,-3202.1,9411.6,-7743.8,-1667.8
0.057852,18474,-14029,-4445.3,9622,-7306.7,-2315.2
0.058025,18798,-13129,-5669.2,9790.7,-6838,-2952.7
0.058199,19041,-12172,-6868.7,9917.1,-6339.6,-3577.4
0.058372,19201,-11163,-8038.5,10001,-5813.9,-4186.7
0.058545,19278,-10105,-9173.5,10041,-5262.9,-4777.9
0.058718,19272,-9003.4,-10269,10038,-4689.3,-5348.4
0.058891,19183,-7862.9,-11320,9991,-4095.3,-5895.8
0.059065,19010,-6688.4,-12322,9901.2,-3483.5,-6417.6
0.059238,18756,-5485,-13271,9768.6,-2856.8,-6911.8
0.059411,18420,-4257.8,-14162,9593.7,-2217.6,-7376.1
0.059584,18004,-3012.2,-14992,9377.3,-1568.8,-7808.4
0.059758,17511,-1753.5,-15757,9120.3,-913.27,-8207
0.059931,16942,-487.2,-16455,8823.9,-253.75,-8570.1
0.060104,16299,781.22,-17081,8489.3,406.88,-8896.2
0.060277,15587,2046.3,-17633,8118,1065.8,-9183.8
0.06045,14806,3302.5,-18109,7711.6,1720.1,-9431.7
0.060624,13962,4544.5,-18506,7271.8,2366.9,-9638.7
0.060797,13057,5766.8,-18824,6800.6,3003.6,-9804.1
0.06097,12096,6964.3,-19060,6299.9,3627.2,-9927.1
0.061143,11082,8131.6,-19214,5772,4235.2,-10007
0.061316,10021,9263.8,-19285,5219.1,4824.9,-10044
0.06149,8915.8,10356,-19272,4643.7,5393.7,-10037
0.061663,7772.4,11403,-19176,4048.1,5939.2,-9987.3
0.061836,6595.3,12401,-18997,3435,6459,-9894.1
0.062009,5389.6,13346,-18735,2807.1,6951,-9758
0.062182,4160.6,14233,-18393,2167,7412.8,-9579.8
0.062356,2913.6,15058,-17971,1517.5,7842.6,-9360.2
0.062529,1654,15818,-17472,861.47,8238.5,-9100
0.062702,387.22,16510,-16897,201.68,8598.8,-8800.5
0.062875,-881.27,17130,-16249,-458.99,8921.9,-8462.9
0.063048,-2146,17676,-15530,-1117.7,9206.5,-8088.8
0.063222,-3401.4,18146,-14745,-1771.6,9451.2,-7679.6
0.063395,-4642.2,18538,-13896,-2417.8,9655,-7237.2
0.063568,-5862.9,18849,-12986,-3053.6,9817.2,-6763.6
0.063741,-7058.3,19079,-12020,-3676.2,9936.8,-6260.6
0.063915,-8223.2,19226,-11003,-4282.9,10014,-5730.6
0.064088,-9352.5,19290,-9937.6,-4871.1,10047,-5175.8
0.064261,-10441,19271,-8829.4,-5438.2,10037,-4598.6
0.064434,-11485,19168,-7683,-5981.9,9983.4,-4001.6
0.064607,-12479,18983,-6503.3,-6499.7,9886.8,-3387.2
0.064781,-13420,18715,-5295.5,-6989.4,9747.5,-2758.1
0.064954,-14302,18367,-4064.8,-7448.9,9566,-2117.1
0.065127,-15122,17939,-2816.5,-7876.1,9343.1,-1466.9
0.0653,-15877,17433,-1556,-8269.4,9079.8,-810.43
0.065473,-16564,16852,-288.77,-8626.9,8777.3,-150.4
0.065647,-17178,16199,979.76,-8947.1,8436.8,510.29
0.06582,-17719,15475,2244.1,-9228.6,8059.8,1168.8
0.065993,-18183,14684,3498.7,-9470.2,7648,1822.2
0.066166,-18568,13830,4738.2,-9670.9,7203,2467.8
0.066339,-18873,12916,5957.3,-9829.8,6727,3102.8
0.066513,-19097,11946,7150.6,-9946.1,6221.8,3724.3
0.066686,-19237,10924,8313.1,-10020,5689.8,4329.7
0.066859,-19295,9855.6,9439.6,-10050,5133.1,4916.5
0.067032,-19269,8744.1,10525,-10036,4554.2,5481.9
0.067206,-19160,7594.9,11566,-9979.4,3955.7,6023.7
0.067379,-18969,6412.8,12556,-9879.5,3340,6539.5
0.067552,-18695,5202.9,13492,-9736.8,2709.8,7027
0.067725,-18340,3970.5,14370,-9552.1,2068,7484.1
0.067898,-17906,2721,15185,-9326.1,1417.2,7908.9
0.068072,-17395,1459.6,15935,-9059.7,760.23,8299.5
0.068245,-16808,191.96,16616,-8754.2,99.979,8654.2
0.068418,-16149,-1076.6,17225,-8410.9,-560.71,8971.6
0.068591,-15420,-2340.5,17760,-8031.1,-1219,9250.1
0.068764,-14624,-3594.3,18218,-7616.7,-1872,9488.7
0.068938,-13765,-4832.5,18598,-7169.3,-2517,9686.2
0.069111,-12846,-6050,18896,-6690.9,-3151,9841.9
0.069284,-11872,-7241.2,19114,-6183.6,-3771.5,9955
0.069457,-10847,-8401.3,19248,-5649.5,-4375.7,10025
0.06963,-9774.7,-9525,19300,-5091,-4960.9,10052
0.069804,-8660.2,-10608,19268,-4510.5,-5524.7,10035
0.069977,-7508.1,-11644,19152,-3910.5,-6064.7,9975.2
0.07015,-6323.6,-12631,18954,-3293.6,-6578.5,9872
0.070323,-5111.8,-13562,18674,-2662.4,-7063.8,9726.2
0.070497,-3877.8,-14436,18314,-2019.7,-7518.6,9538.3
0.07067,-2627.1,-15247,17874,-1368.3,-7940.9,9309.2
0.070843,-1365,-15992,17356,-710.91,-8328.9,9039.8
0.071016,-96.907,-16667,16764,-50.472,-8680.9,8731.4
0.071189,1171.6,-17271,16100,610.2,-8995.4,8385.2
0.071363,2435,-17800,15365,1268.2,-9271,8002.8
0.071536,3688,-18253,14565,1920.8,-9506.6,7585.8
0.071709,4925,-18626,13701,2565.1,-9701.1,7136
0.071882,6140.8,-18919,12778,3198.3,-9853.6,6655.3
0.072055,7330,-19130,11800,3817.7,-9963.6,6145.9
0.072229,8487.6,-19258,10771,4420.6,-10030,5609.9
0.072402,9608.5,-19304,9695.2,5004.4,-10054,5049.6
0.072575,10688,-19266,8577.6,5566.6,-10034,4467.5
0.072748,11721,-19144,7422.9,6104.8,-9970.9,3866.1
0.072921,12704,-18940,6236.1,6616.5,-9864.5,3248
0.073095,13631,-18654,5022.3,7099.7,-9715.5,2615.8
0.073268,14500,-18287,3786.8,7552.2,-9524.5,1972.3
0.073441,15306,-17841,2534.9,7972.1,-9292.4,1320.3
0.073614,16047,-17319,1272.1,8357.6,-9020.1,662.55
0.073788,16717,-16721,3.7186,8706.9,-8708.8,1.9367
0.073961,17316,-16051,-1264.7,9018.6,-8359.9,-658.69
0.074134,17839,-15312,-2527.7,9291.3,-7974.8,-1316.5
0.074307,18286,-14506,-3779.7,9523.9,-7555.3,-1968.6
0.07448,18654,-13638,-5015.5,9715.4,-7103.2,-2612.2
0.074654,18941,-12711,-6229.6,9864.8,-6620.3,-3244.6
0.074827,19146,-11729,-7416.8,9971.7,-6108.8,-3862.9
0.075,19268,-10696,-8572,10035,-5570.9,-4464.6
0.075173,19307,-9617.1,-9690.1,10056,-5008.9,-5046.9
0.075346,19263,-8496.5,-10766,10033,-4425.3,-5607.5
0.07552,19135,-7339.3,-11796,9966.4,-3822.5,-6143.9
0.075693,18925,-6150.2,-12775,9856.9,-3203.2,-6653.7
0.075866,18633,-4934.6,-13699,9704.9,-2570.1,-7134.7
0.076039,18261,-3697.7,-14563,9510.9,-1925.9,-7585
0.076212,17809,-2444.7,-15365,9275.8,-1273.3,-8002.5
0.076386,17281,-1181.2,-16100,9000.6,-615.19,-8385.4
0.076559,16678,87.501,-16766,8686.5,45.573,-8732.1
0.076732,16003,1355.8,-17359,8334.9,706.15,-9041.1
0.076905,15259,2618.3,-17877,7947.3,1363.7,-9311
0.077079,14449,3869.4,-18318,7525.4,2015.3,-9540.7
0.077252,13576,5103.9,-18680,7070.9,2658.3,-9729.2
0.077425,12645,6316.4,-18961,6585.9,3289.8,-9875.6
0.077598,11659,7501.5,-19161,6072.4,3907,-9979.4
0.077771,10623,8654.3,-19277,5532.7,4507.5,-10040
0.077945,9540.5,9769.7,-19310,4969,5088.4,-10057
0.078118,8417.1,10843,-19260,4383.9,5647.4,-10031
0.078291,7257.3,11869,-19127,3779.8,6182,-9961.8
0.078464,6066.1,12845,-18911,3159.4,6689.9,-9849.3
0.078637,4848.7,13764,-18613,2525.4,7168.8,-9694.2
0.078811,3610.4,14624,-18235,1880.4,7616.9,-9497.3
0.078984,2356.4,15421,-17778,1227.3,8032,-9259.3
0.079157,1092.3,16152,-17244,568.88,8412.5,-8981.4
0.07933,-176.65,16813,-16636,-92.006,8756.6,-8664.6
0.079503,-1444.8,17401,-15956,-752.51,9062.9,-8310.4
0.079677,-2706.8,17914,-15207,-1409.8,9330,-7920.3
0.07985,-3957,18349,-14392,-2060.9,9556.9,-7496
0.080023,-5190.2,18706,-13515,-2703.2,9742.5,-7039.3
0.080196,-6401,18981,-12580,-3333.9,9886,-6552.1
0.08037,-7584.2,19175,-11590,-3950.1,9986.8,-6036.7
0.080543,-8734.6,19285,-10551,-4549.3,10044,-5495.2
0.080716,-9847.3,19313,-9465.5,-5128.8,10059,-4930
0.080889,-10918,19257,-8339.3,-5686.2,10030,-4343.4
0.081062,-11941,19118,-7177.1,-6219,9957.1,-3738.1
0.081236,-12912,18896,-5983.9,-6725,9841.7,-3116.6
0.081409,-13828,18593,-4764.8,-7202,9683.7,-2481.7
0.081582,-14684,18209,-3525.1,-7647.9,9483.9,-1836
0.081755,-15477,17747,-2270.2,-8060.7,9243.1,-1182.4
0.081928,-16202,17208,-1005.5,-8438.7,8962.4,-523.68
0.082102,-16858,16595,263.64,-8780.3,8643,137.31
0.082275,-17441,15910,1531.6,-9084,8286.3,797.72
0.082448,-17949,15156,2793,-9348.4,7893.7,1454.7
0.082621,-18379,14337,4042.4,-9572.5,7467.1,2105.4
0.082794,-18730,13456,5274.3,-9755.3,7008.2,2747
0.082968,-19000,12517,6483.4,-9895.9,6519.1,3376.8
0.083141,-19188,11523,7664.6,-9993.8,6001.8,3992
0.083314,-19293,10480,8812.7,-10049,5458.6,4589.9
0.083487,-19315,9392.2,9922.7,-10060,4891.8,5168.1
0.083661,-19253,8263.4,10990,-10028,4303.8,5723.9
0.083834,-19109,7098.9,12010,-9952.4,3697.3,6255.1
0.084007,-18881,5903.7,12978,-9834,3074.8,6759.2
0.08418,-18573,4683,13890,-9673.2,2439,7234.2
0.084353,-18184,3442,14742,-9470.6,1792.7,7677.9
0.084527,-17716,2186.2,15530,-9227.1,1138.6,8088.5
0.0847,-17172,920.9,16251,-8943.8,479.64,8464.1
0.084873,-16554,-348.37,16902,-8621.8,-181.44,8803.2
0.085046,-15864,-1616.2,17480,-8262.6,-841.75,9104.4
0.085219,-15106,-2877,17983,-7867.7,-1498.4,9366.2
0.085393,-14283,-4125.4,18408,-7438.9,-2148.7,9587.5
0.085566,-13398,-5356,18754,-6977.9,-2789.6,9767.5
0.085739,-12455,-6563.6,19018,-6486.8,-3418.5,9905.4
0.085912,-11458,-7742.8,19201,-5967.7,-4032.7,10000
0.086085,-10412,-8888.5,19300,-5422.8,-4629.5,10052
0.086259,-9320.7,-9996,19317,-4854.5,-5206.2,10061
0.086432,-8189.3,-11060,19250,-4265.3,-5760.6,10026
0.086605,-7022.6,-12077,19099,-3657.6,-6290,9947.6
0.086778,-5825.5,-13041,18867,-3034.1,-6792.3,9826.4
0.086952,-4603.2,-13949,18553,-2397.5,-7265.3,9662.8
0.087125,-3361.1,-14797,18158,-1750.6,-7707,9457.5
0.087298,-2104.4,-15581,17686,-1096,-8115.3,9211.4
0.087471,-838.64,-16298,17137,-436.79,-8488.7,8925.5
0.087644,430.76,-16945,16514,224.36,-8825.4,8601
0.087818,1698.3,-17518,15820,884.54,-9124,8239.5
0.087991,2958.6,-18016,15057,1540.9,-9383.2,7842.3
0.088164,4206.1,-18436,14230,2190.7,-9602,7411.3
0.088337,5435.4,-18776,13341,2830.9,-9779.3,6948.3
0.08851,6641.3,-19036,12394,3459,-9914.4,6455.3
0.088684,7818.6,-19213,11394,4072.2,-10007,5934.5
0.088857,8962.1,-19307,10345,4667.8,-10056,5388
0.08903,10067,-19318,9251.1,5243.2,-10061,4818.3
0.089203,11128,-19246,8117.2,5796,-10024,4227.7
0.089376,12142,-19090,6948.3,6323.9,-9942.8,3618.9
0.08955,13103,-18852,5749.4,6824.4,-9818.9,2994.5
0.089723,14007,-18533,4525.7,7295.5,-9652.6,2357.1
0.089896,14851,-18134,3282.4,7735.1,-9444.7,1709.6
0.090069,15631,-17656,2025,8141.3,-9196,1054.7
0.090242,16344,-17103,758.77,8512.4,-8907.6,395.19
0.090416,16986,-16475,-510.73,8846.7,-8580.7,-266.01
0.090589,17554,-15776,-1778,9142.9,-8216.9,-926.06
0.090762,18047,-15010,-3037.7,9399.7,-7817.5,-1582.1
0.090935,18462,-14178,-4284.3,9615.8,-7384.5,-2231.4
0.091109,18798,-13285,-5512.3,9790.5,-6919.5,-2871
0.091282,19052,-12335,-6716.7,9923,-6424.7,-3498.3
0.091455,19224,-11332,-7892,10013,-5902.2,-4110.4
0.091628,19313,-10280,-9033.3,10059,-5354.1,-4704.8
0.091801,19319,-9183.4,-10136,10062,-4783,-5279
0.091975,19241,-8047.2,-11194,10022,-4191.2,-5830.3
0.092148,19081,-6876.3,-12205,9937.9,-3581.4,-6356.6
0.092321,18838,-5675.6,-13162,9811.4,-2956.1,-6855.3
0.092494,18514,-4450.5,-14063,9642.5,-2318,-7324.6
0.092667,18110,-3206.2,-14903,9432.1,-1669.9,-7762.2
0.092841,17627,-1948,-15679,9180.9,-1014.6,-8166.3
0.093014,17069,-681.37,-16388,8890.1,-354.88,-8535.2
0.093187,16437,588.19,-17025,8560.9,306.35,-8867.3
0.09336,15734,1855.2,-17589,8194.9,966.27,-9161.1
0.093533,14963,3114.3,-18078,7793.4,1622,-9415.4
0.093707,14128,4359.9,-18488,7358.3,2270.8,-9629.1
0.09388,13232,5586.7,-18818,6891.5,2909.8,-9801.3
0.094053,12278,6789.5,-19068,6394.9,3536.2,-9931.1
0.094226,11272,7963,-19235,5870.8,4147.4,-10018
0.0944,10217,9102.1,-19319,5321.3,4740.7,-10062
0.094573,9117.8,10202,-19320,4748.8,5313.5,-10062
0.094746,7979.3,11258,-19237,4155.9,5863.5,-10019
0.094919,6806.4,12265,-19072,3545,6388.1,-9933.1
0.095092,5604.2,13220,-18824,2918.8,6885.2,-9804
0.095266,4377.7,14117,-18495,2280.1,7352.6,-9632.7
0.095439,3132.4,14954,-18086,1631.4,7788.3,-9419.7
0.095612,1873.5,15726,-17599,975.77,8190.4,-9166.2
0.095785,606.52,16430,-17036,315.89,8557.2,-8873.1
0.095958,-663.08,17063,-16400,-345.35,8887,-8541.7
0.096132,-1929.8,17623,-15693,-1005.1,9178.6,-8173.4
0.096305,-3188.3,18107,-14918,-1660.6,9430.5,-7770
0.096478,-4433,18512,-14079,-2308.8,9641.8,-7333
0.096651,-5658.6,18838,-13180,-2947.2,9811.5,-6864.3
0.096824,-6859.8,19083,-12223,-3572.8,9938.9,-6366.1
0.096998,-8031.4,19245,-11214,-4183,10023,-5840.4
0.097171,-9168.4,19324,-10156,-4775.2,10065,-5289.5
0.097344,-10266,19320,-9054.2,-5346.8,10063,-4715.7
0.097517,-11319,19233,-7913.6,-5895.3,10017,-4121.7
0.097691,-12323,19062,-6738.9,-6418.5,9928.3,-3509.8
0.097864,-13275,18810,-5535.1,-6913.9,9796.8,-2882.8
0.098037,-14169,18476,-4307.4,-7379.6,9623,-2243.4
0.09821,-15002,18063,-3061.1,-7813.4,9407.7,-1594.3
0.098383,-15770,17572,-1801.6,-8213.5,9151.8,-938.32
0.098557,-16470,17004,-534.29,-8578.2,8856.5,-278.27
0.09873,-17099,16364,735.31,-8906,8523,382.98
0.098903,-17655,15653,2001.8,-9195.3,8152.7,1042.6
0.099076,-18134,14875,3259.6,-9445,7747.3,1697.7
0.099249,-18535,14032,4503.4,-9653.9,7308.4,2345.5
0.099423,-18857,13129,5727.7,-9821.2,6838,2983.2
0.099596,-19097,12169,6927.4,-9946.2,6338.2,3608
0.099769,-19254,11157,8097.2,-10028,5811,4217.3
0.099942,-19329,10097,9232.2,-10067,5258.7,4808.4
0.10012,-19320,8992.9,10327,-10063,4683.8,5378.8
0.10029,-19228,7850.3,11378,-10015,4088.7,5926
0.10046,-19053,6673.7,12379,-9923.6,3475.9,6447.7
0.10064,-18796,5468.5,13328,-9789.7,2848.2,6941.5
0.10081,-18458,4239.6,14218,-9613.5,2208.1,7405.4
0.10098,-18040,2992.4,15048,-9396,1558.5,7837.4
0.10115,-17545,1732.3,15812,-9137.9,902.25,8235.7
0.10133,-16974,464.75,16509,-8840.5,242.06,8598.4
0.1015,-16329,-804.83,17134,-8504.9,-419.18,8924.1
0.10167,-15615,-2071,17686,-8132.6,-1078.6,9211.2
0.10185,-14833,-3328.2,18161,-7725.3,-1733.4,9458.7
0.10202,-13987,-4571,18558,-7284.7,-2380.7,9665.4
0.10219,-13080,-5794.2,18875,-6812.7,-3017.8,9830.5
0.10237,-12118,-6992.4,19110,-6311.3,-3641.9,9953.2
0.10254,-11103,-8160.5,19263,-5782.7,-4250.3,10033
0.10271,-10040,-9293.4,19333,-5229.1,-4840.3,10069
0.10289,-8933.8,-10386,19320,-4653,-5409.5,10063
0.10306,-7789.3,-11434,19224,-4056.9,-5955.4,10012
0.10323,-6611.1,-12433,19044,-3443.3,-6475.6,9918.9
0.10341,-5404.4,-13378,18783,-2814.8,-6967.9,9782.7
0.10358,-4174.4,-14266,18440,-2174.2,-7430.2,9604.4
0.10375,-2926.4,-15092,18019,-1524.2,-7860.5,9384.6
0.10393,-1665.8,-15853,17519,-867.59,-8256.9,9124.5
0.1041,-397.97,-16546,16944,-207.28,-8617.7,8824.9
0.10427,871.56,-17167,16296,453.94,-8941.3,8487.4
0.10445,2137.3,-17715,15577,1113.2,-9226.5,8113.3
0.10462,3393.9,-18186,14792,1767.7,-9471.8,7704.2
0.10479,4635.9,-18579,13943,2414.5,-9676.4,7261.9
0.10497,5857.9,-18891,13033,3051,-9839.3,6788.3
0.10514,7054.7,-19123,12068,3674.3,-9959.7,6285.4
0.10531,8221,-19271,11050,4281.8,-10037,5755.4
0.10548,9352,-19337,9985.3,4870.8,-10072,5200.7
0.10566,10443,-19320,8877.1,5438.9,-10062,4623.5
0.10583,11488,-19219,7730.7,5983.5,-10010,4026.4
0.106,12485,-19035,6550.9,6502.4,-9914.3,3411.9
0.10618,13427,-18770,5342.9,6993.2,-9776,2782.8
0.10635,14311,-18423,4111.9,7453.9,-9595.5,2141.6
0.10652,15134,-17997,2863.1,7882.5,-9373.7,1491.2
0.1067,15892,-17494,1602,8277.1,-9111.5,834.39
0.10687,16581,-16915,334.02,8636,-8810,173.97
0.10704,17199,-16264,-935.45,8957.8,-8470.6,-487.21
0.10722,17743,-15542,-2200.9,9241,-8094.7,-1146.3
0.10739,18210,-14753,-3456.9,9484.3,-7683.9,-1800.4
0.10756,18599,-13901,-4698,9686.8,-7239.9,-2446.8
0.10774,18907,-12988,-5918.8,9847.5,-6764.8,-3082.7
0.10791,19134,-12020,-7114.2,9965.9,-6260.6,-3705.3
0.10808,19279,-11000,-8278.9,10041,-5729.3,-4311.9
0.10826,19341,-9933,-9408,10073,-5173.4,-4900
0.10843,19319,-8822.8,-10497,10062,-4595.2,-5466.9
0.1086,19214,-7674.6,-11540,10008,-3997.2,-6010.3
0.10878,19027,-6493.4,-12533,9909.8,-3382,-6527.8
0.10895,18757,-5284.2,-13473,9769.4,-2752.2,-7017.2
0.10912,18407,-4052.2,-14355,9586.9,-2110.5,-7476.4
0.1093,17977,-2802.7,-15174,9363.1,-1459.7,-7903.4
0.10947,17470,-1541.1,-15929,9099,-802.68,-8296.3
0.10964,16888,-272.95,-16615,8795.7,-142.16,-8653.5
0.10982,16233,996.43,-17229,8454.5,518.97,-8973.4
0.10999,15508,2261.5,-17769,8076.8,1177.9,-9254.7
0.11016,14716,3516.9,-18233,7664.4,1831.7,-9496.1
0.11033,13860,4757.1,-18618,7219,2477.7,-9696.6
0.11051,12945,5976.8,-18922,6742.4,3112.9,-9855.4
0.11068,11975,7170.9,-19146,6236.9,3734.8,-9971.7
0.11085,10952,8334,-19286,5704.4,4340.6,-10045
0.11103,9883,9461.2,-19344,5147.4,4927.7,-10075
0.1112,8771,10548,-19319,4568.2,5493.6,-10062
0.11137,7621.2,11589,-19210,3969.4,6035.8,-10005
0.11155,6438.5,12580,-19019,3353.4,6552.1,-9905.5
0.11172,5228.1,13517,-18745,2723,7040.1,-9763.1
0.11189,3995.2,14396,-18391,2080.8,7497.8,-9578.7
0.11207,2745.1,15213,-17958,1429.7,7923.2,-9353
0.11224,1483.2,15964,-17447,772.48,8314.6,-9087
0.11241,214.83,16647,-16861,111.89,8670.1,-8782
0.11259,-1054.4,17257,-16203,-549.19,8988.2,-8439
0.11276,-2319.2,17794,-15475,-1207.9,9267.7,-8059.8
0.11293,-3573.9,18254,-14680,-1861.4,9507.3,-7645.8
0.11311,-4813.3,18635,-13822,-2506.9,9705.9,-7199
0.11328,-6032,18936,-12904,-3141.7,9862.7,-6721.1
0.11345,-7224.7,19156,-11931,-3762.9,9977.1,-6214.3
0.11363,-8386.3,19293,-10907,-4367.9,10049,-5680.7
0.1138,-9511.8,19347,-9835.5,-4954,10077,-5122.6
0.11397,-10596,19318,-8721.7,-5518.9,10061,-4542.5
0.11415,-11635,19206,-7570.3,-6060,10003,-3942.9
0.11432,-12624,19010,-6386.4,-6575,9901.3,-3326.2
0.11449,-13559,18734,-5174.9,-7061.8,9757,-2695.3
0.11467,-14435,18376,-3941.2,-7518.1,9570.8,-2052.7
0.11484,-15249,17939,-2690.5,-7942,9343.3,-1401.3
0.11501,-15997,17425,-1428.2,-8331.8,9075.6,-743.83
0.11518,-16677,16836,-159.7,-8685.7,8768.9,-83.178
0.11536,-17284,16175,1109.5,-9002.2,8424.4,577.84
0.11553,-17818,15444,2373.8,-9280,8043.6,1236.4
0.1157,-18274,14646,3628,-9517.8,7628.2,1889.6
0.11588,-18652,13786,4866.6,-9714.6,7180,2534.7
0.11605,-18950,12866,6084.2,-9869.7,6700.8,3168.8
0.11622,-19166,11890,7275.6,-9982.2,6192.8,3789.4
0.1164,-19299,10864,8435.7,-10052,5658.2,4393.6
0.11657,-19350,9790.4,9559.6,-10078,5099.2,4978.9
0.11674,-19317,8675,10642,-10061,4518.2,5542.8
0.11692,-19201,7522.2,11679,-10001,3917.8,6082.9
0.11709,-19003,6337,12666,-9897.3,3300.5,6596.7
0.11726,-18722,5124.6,13598,-9751.2,2669,7082.2
0.11744,-18361,3890.1,14471,-9563.3,2026.1,7537.2
0.11761,-17922,2638.8,15283,-9334.1,1374.4,7959.8
0.11778,-17404,1376.2,16028,-9064.8,716.76,8348.1
0.11796,-16812,107.63,16705,-8756.5,56.057,8700.4
0.11813,-16148,-1161.4,17310,-8410.5,-604.89,9015.4
0.1183,-15414,-2425.4,17840,-8028.3,-1263.2,9291.5
0.11848,-14614,-3679,18293,-7611.5,-1916.1,9527.7
0.11865,-13751,-4916.8,18668,-7162,-2560.8,9722.8
0.11882,-12829,-6133.4,18962,-6681.7,-3194.5,9876.1
0.119,-11851,-7323.6,19175,-6172.6,-3814.4,9987
0.11917,-10823,-8482.3,19305,-5636.9,-4417.9,10055
0.11934,-9747.9,-9604.6,19352,-5077,-5002.4,10079
0.11952,-8630.9,-10685,19316,-4495.3,-5565.3,10061
0.11969,-7476.8,-11720,19197,-3894.2,-6104.4,9998.5
0.11986,-6290.5,-12705,18995,-3276.3,-6617.1,9893.4
0.12003,-5077.1,-13635,18712,-2644.3,-7101.4,9745.8
0.12021,-3841.9,-14506,18348,-2001,-7555.2,9556.2
0.12038,-2590.2,-15315,17905,-1349,-7976.4,9325.4
0.12055,-1327.3,-16058,17385,-691.29,-8363.3,9054.6
0.12073,-58.659,-16731,16790,-30.552,-8714.3,8744.8
0.1209,1210.2,-17333,16123,630.32,-9027.7,8397.4
0.12107,2473.9,-17860,15387,1288.5,-9302.3,8013.8
0.12125,3726.9,-18311,14584,1941.1,-9536.9,7595.8
0.12142,4963.9,-18683,13719,2585.4,-9730.5,7145.1
0.12159,6179.6,-18974,12794,3218.5,-9882.2,6663.7
0.12177,7368.6,-19183,11815,3837.8,-9991.4,6153.6
0.12194,8526,-19311,10785,4440.6,-10058,5617
0.12211,9646.7,-19355,9708,5024.3,-10081,5056.2
0.12229,10726,-19315,8589.6,5586.4,-10060,4473.7
0.12246,11759,-19193,7434.2,6124.5,-9996.5,3872
0.12263,12742,-18988,6246.9,6636.2,-9889.8,3253.6
0.12281,13669,-18702,5032.7,7119.4,-9740.6,2621.2
0.12298,14538,-18335,3796.8,7571.9,-9549.5,1977.5
0.12315,15345,-17889,2544.6,7991.9,-9317.3,1325.3
0.12333,16085,-17366,1281.5,8377.6,-9045,667.45
0.1235,16756,-16769,12.841,8727.2,-8733.8,6.6879
0.12367,17355,-16099,-1255.9,9039.2,-8385.1,-654.1
0.12385,17880,-15361,-2519.2,9312.4,-8000.3,-1312.1
0.12402,18327,-14556,-3771.7,9545.5,-7581.1,-1964.4
0.12419,18696,-13688,-5007.9,9737.6,-7129.3,-2608.3
0.12436,18985,-12762,-6222.7,9887.8,-6646.8,-3241
0.12454,19191,-11781,-7410.7,9995.5,-6135.8,-3859.7
0.12471,19316,-10749,-8566.8,10060,-5598.3,-4461.9
0.12488,19357,-9670.7,-9686,10082,-5036.8,-5044.8
0.12506,19315,-8551,-10764,10060,-4453.6,-5606.1
0.12523,19190,-7394.5,-11795,9994.5,-3851.3,-6143.2
0.1254,18982,-6206.2,-12776,9886.4,-3232.4,-6654
0.12558,18693,-4991.2,-13701,9735.7,-2599.6,-7136.1
0.12575,18323,-3754.8,-14568,9543.2,-1955.6,-7587.6
0.12592,17875,-2502.2,-15372,9309.6,-1303.2,-8006.4
0.1261,17349,-1238.9,-16110,9036.1,-645.26,-8390.8
0.12627,16749,29.781,-16779,8723.6,15.511,-8739.1
0.12644,16077,1298.3,-17376,8373.7,676.21,-9049.9
0.12662,15336,2561.3,-17898,7987.7,1334,-9321.7
0.12679,14529,3813.3,-18343,7567.4,1986.1,-9553.5
0.12696,13660,5048.8,-18709,7114.6,2629.6,-9744.2
0.12714,12732,6262.7,-18995,6631.2,3261.8,-9893
0.12731,11749,7449.6,-19199,6119.3,3880,-9999.3
0.12748,10716,8604.6,-19320,5581,4481.5,-10063
0.12766,9636.1,9722.5,-19359,5018.8,5063.8,-10083
0.12783,8515.2,10799,-19314,4435,5624.3,-10059
0.128,7357.7,11828,-19186,3832.1,6160.6,-9992.7
0.12818,6168.6,12807,-18976,3212.8,6670.4,-9883.2
0.12835,4952.9,13731,-18684,2579.6,7151.6,-9731.2
0.12852,3715.9,14596,-18312,1935.4,7602,-9537.4
0.1287,2463,15398,-17861,1282.8,8019.8,-9302.6
0.12887,1199.5,16134,-17333,624.74,8403,-9027.8
0.12904,-69.161,16800,-16731,-36.022,8750.2,-8714.2
0.12921,-1337.5,17395,-16057,-696.63,9059.7,-8363.1
0.12939,-2600.2,17914,-15314,-1354.3,9330.4,-7976.1
0.12956,-3851.6,18357,-14505,-2006.1,9560.9,-7554.8
0.12973,-5086.5,18721,-13634,-2649.2,9750.3,-7101
0.12991,-6299.6,19004,-12704,-3281,9897.8,-6616.8
0.13008,-7485.6,19205,-11720,-3898.7,10003,-6104
0.13025,-8639.4,19324,-10685,-4499.7,10065,-5565.1
0.13043,-9756,19360,-9604.3,-5081.3,10083,-5002.2
0.1306,-10831,19313,-8482.3,-5641,10059,-4417.9
0.13077,-11859,19183,-7323.8,-6176.6,9991.1,-3814.5
0.13095,-12836,18970,-6133.9,-6685.6,9880.3,-3194.8
0.13112,-13758,18676,-4917.7,-7165.8,9727.1,-2561.3
0.13129,-14621,18302,-3680.3,-7615.3,9532.1,-1916.8
0.13147,-15421,17849,-2427,-8032,9296.1,-1264.1
0.13164,-16155,17319,-1163.4,-8414.3,9020.2,-605.93
0.13181,-16820,16715,105.26,-8760.3,8705.5,54.823
0.13199,-17412,16039,1373.5,-9068.8,8353.4,715.34
0.13216,-17929,15294,2635.8,-9338.2,7965.5,1372.8
0.13233,-18370,14483,3886.7,-9567.6,7543.3,2024.3
0.13251,-18731,13610,5121,-9755.8,7088.6,2667.2
0.13268,-19012,12679,6333.3,-9902.2,6603.6,3298.6
0.13285,-19211,11693,7518.4,-10006,6090.1,3915.8
0.13303,-19328,10657,8671.1,-10067,5550.5,4516.2
0.1332,-19362,9575.2,9786.7,-10084,4987.1,5097.2
0.13337,-19312,8452.3,10860,-10059,4402.2,5656.3
0.13355,-19180,7293,11887,-9989.6,3798.4,6191.1
0.13372,-18965,6102.4,12863,-9877.7,3178.3,6699.3
0.13389,-18669,4885.6,13783,-9723.3,2544.6,7178.8
0.13406,-18292,3647.8,14645,-9527.2,1899.9,7627.4
0.13424,-17837,2394.3,15443,-9290.2,1247,8043.2
0.13441,-17306,1130.6,16175,-9013.3,588.84,8424.5
0.13458,-16700,-138.04,16838,-8697.7,-71.894,8769.6
0.13476,-16022,-1406.1,17428,-8344.7,-732.32,9077
0.13493,-15275,-2668,17943,-7955.8,-1389.6,9345.4
0.1351,-14463,-3918.6,18382,-7532.8,-2040.9,9573.7
0.13528,-13589,-5152.3,18741,-7077.4,-2683.5,9760.9
0.13545,-12656,-6363.8,19020,-6591.7,-3314.5,9906.2
0.13562,-11669,-7548.1,19217,-6077.6,-3931.3,10009
0.1358,-10632,-8699.9,19332,-5537.4,-4531.2,10069
0.13597,-9549,-9814.3,19363,-4973.5,-5111.6,10085
0.13614,-8425.2,-10887,19312,-4388.1,-5670.1,10058
0.13632,-7265.2,-11912,19177,-3784,-6204.3,9988.2
0.13649,-6074,-12887,18961,-3163.6,-6711.8,9875.3
0.13666,-4856.7,-13806,18662,-2529.6,-7190.4,9720
0.13684,-3618.6,-14665,18284,-1884.7,-7638.2,9522.9
0.13701,-2364.9,-15462,17827,-1231.7,-8053.2,9285
0.13718,-1101.1,-16193,17294,-573.49,-8433.6,9007.1
0.13736,167.45,-16853,16686,87.215,-8777.9,8690.6
0.13753,1435.3,-17442,16007,747.55,-9084.4,8336.8
0.1377,2697,-17956,15259,1404.7,-9351.9,7947.2
0.13788,3947.1,-18392,14445,2055.8,-9579.2,7523.5
0.13805,5180.2,-18750,13569,2698,-9765.4,7067.4
0.13822,6391.1,-19027,12636,3328.7,-9909.7,6581
0.13839,7574.6,-19222,11647,3945.1,-10011,6066.4
0.13857,8725.5,-19335,10609,4544.5,-10070,5525.7
0.13874,9839,-19365,9525.7,5124.5,-10086,4961.3
0.13891,10910,-19311,8401.1,5682.4,-10058,4375.6
0.13909,11935,-19175,7240.5,6216,-9987.1,3771.1
0.13926,12908,-18957,6048.8,6722.8,-9873.2,3150.4
0.13943,13826,-18657,4831.1,7200.8,-9717,2516.2
0.13961,14684,-18277,3592.7,7647.9,-9519.1,1871.2
0.13978,15479,-17818,2338.9,8062.2,-9280.3,1218.2
0.13995,16208,-17283,1075,8441.8,-9001.7,559.9
0.14013,16868,-16674,-193.47,8785.2,-8684.5,-100.77
0.1403,17455,-15993,-1461.1,9090.9,-8329.9,-761
0.14047,17967,-15244,-2722.5,9357.6,-7939.6,-1418
0.14065,18402,-14429,-3972.2,9584.1,-7515.3,-2068.9
0.14082,18757,-13553,-5204.9,9769.5,-7058.6,-2710.9
0.14099,19033,-12618,-6415.2,9912.9,-6571.7,-3341.2
0.14117,19227,-11629,-7597.9,10014,-6056.6,-3957.3
0.14134,19338,-10590,-8748.1,10072,-5515.5,-4556.3
0.14151,19366,-9505.3,-9860.7,10086,-4950.7,-5135.8
0.14169,19311,-8380.1,-10931,10058,-4364.6,-5693.2
0.14186,19173,-7218.9,-11954,9986.1,-3759.9,-6226.2
0.14203,18953,-6026.8,-12926,9871.5,-3139,-6732.5
0.14221,18652,-4808.8,-13843,9714.5,-2504.6,-7209.9
0.14238,18270,-3570.2,-14700,9515.9,-1859.5,-7656.4
0.14255,17811,-2316.2,-15494,9276.4,-1206.4,-8070
0.14273,17274,-1052.3,-16222,8997.1,-548.09,-8449
0.1429,16664,216.06,-16880,8679.1,112.53,-8791.7
0.14307,15982,1483.5,-17466,8324,772.68,-9096.7
0.14324,15232,2744.6,-17976,7933.1,1429.5,-9362.6
0.14342,14416,3994,-18410,7508.2,2080.2,-9588.4
0.14359,13538,5226.2,-18764,7051.1,2722,-9773
0.14376,12602,6435.9,-19038,6563.7,3352,-9915.8
0.14394,11612,7618.1,-19231,6048.2,3967.7,-10016
0.14411,10573,8767.5,-19340,5506.7,4566.4,-10073
0.14428,9487.8,9879.4,-19367,4941.6,5145.5,-10087
0.14446,8362.1,10949,-19311,4355.3,5702.5,-10058
0.14463,7200.5,11971,-19172,3750.3,6235.1,-9985.3
0.1448,6008.1,12942,-18951,3129.2,6740.9,-9870.1
0.14498,4789.8,13858,-18648,2494.7,7217.7,-9712.4
0.14515,3551,14714,-18265,1849.5,7663.6,-9513.1
0.14532,2297,15507,-17804,1196.3,8076.7,-9273
0.1455,1033.1,16234,-17267,538.08,8455.1,-8993.2
0.14567,-235.19,16891,-16655,-122.49,8797.2,-8674.7
0.14584,-1502.5,17475,-15973,-782.54,9101.6,-8319
0.14602,-2763.3,17984,-15221,-1439.2,9366.9,-7927.7
0.14619,-4012.3,18417,-14404,-2089.8,9592.1,-7502.3
0.14636,-5244.1,18770,-13526,-2731.3,9776.1,-7044.8
0.14654,-6453.4,19043,-12590,-3361.1,9918.2,-6557.1
0.14671,-7635,19234,-11599,-3976.6,10018,-6041.2
0.14688,-8783.8,19343,-10559,-4574.9,10074,-5499.4
0.14706,-9895,19368,-9473.4,-5153.7,10088,-4934
0.14723,-10964,19311,-8347.2,-5710.3,10058,-4347.5
0.1474,-11985,19171,-7185.3,-6242.4,9984.8,-3742.4
0.14758,-12956,18948,-5992.6,-6747.8,9869,-3121.1
0.14775,-13871,18645,-4774.2,-7224.2,9710.8,-2486.5
0.14792,-14726,18261,-3535.3,-7669.7,9511,-1841.3
0.14809,-15518,17799,-2281.2,-8082.3,9270.4,-1188.1
0.14827,-16244,17261,-1017.4,-8460.2,8990,-529.88
0.14844,-16899,16649,250.82,-8801.8,8671.1,130.64
0.14861,-17483,15965,1517.9,-9105.7,8315.1,790.59
0.14879,-17991,15213,2778.5,-9370.5,7923.3,1447.2
0.14896,-18423,14395,4027.2,-9595.2,7497.6,2097.5
0.14913,-18775,13516,5258.6,-9778.7,7039.8,2738.9
0.14931,-19047,12579,6467.5,-9920.3,6551.8,3368.5
0.14948,-19237,11588,7648.6,-10019,6035.6,3983.7
0.14965,-19345,10548,8797,-10075,5493.6,4581.8
0.14983,-19370,9461.9,9907.6,-10088,4928.1,5160.2
0.15,-19311,8335.5,10976,-10058,4341.4,5716.5
0.15017,-19170,7173.3,11997,-9984.5,3736.1,6248.3
0.15035,-18947,5980.4,12966,-9868.2,3114.8,6753.4
0.15052,-18642,4761.9,13881,-9709.6,2480.2,7229.4
0.15069,-18258,3523,14735,-9509.4,1834.9,7674.5
0.15087,-17795,2268.9,15526,-9268.4,1181.7,8086.7
0.15104,-17256,1005.1,16251,-8987.7,523.51,8464.2
0.15121,-16644,-262.93,16906,-8668.5,-136.94,8805.4
0.15139,-15959,-1529.9,17489,-8312.1,-796.81,9108.9
0.15156,-15207,-2790.3,17997,-7920.1,-1453.3,9373.4
0.15173,-14389,-4038.7,18427,-7494.1,-2103.5,9597.6
0.15191,-13509,-5269.8,18779,-7036.1,-2744.7,9780.7
0.15208,-12572,-6478.3,19050,-6547.8,-3374.1,9921.9
0.15225,-11581,-7659,19240,-6031.5,-3989.1,10021
0.15242,-10540,-8806.9,19347,-5489.4,-4586.9,10076
0.1526,-9453.5,-9917.1,19371,-4923.7,-5165.2,10089
0.15277,-8326.9,-10985,19312,-4336.9,-5721.2,10058
0.15294,-7164.6,-12005,19170,-3731.6,-6252.8,9984.4
0.15312,-5971.6,-12974,18946,-3110.2,-6757.5,9867.8
0.15329,-4753.1,-13888,18641,-2475.6,-7233.3,9708.9
0.15346,-3514.1,-14742,18256,-1830.3,-7678.1,9508.4
0.15364,-2260.1,-15533,17793,-1177.2,-8090,9267.2
0.15381,-996.46,-16257,17254,-518.99,-8467.2,8986.2
0.15398,271.49,-16912,16640,141.4,-8808.2,8666.8
0.15416,1538.3,-17494,15956,801.18,-9111.3,8310.2
0.15433,2798.4,-18001,15203,1457.5,-9375.5,7918
0.1545,4046.6,-18431,14384,2107.6,-9599.5,7491.9
0.15468,5277.5,-18782,13505,2748.7,-9782.3,7033.6
0.15485,6485.7,-19053,12567,3378,-9923.2,6545.3
0.15502,7666.1,-19242,11575,3992.8,-10022,6028.9
0.1552,8813.7,-19348,10534,4590.5,-10077,5486.7
0.15537,9923.5,-19372,9448.2,5168.5,-10089,4920.9
0.15554,10991,-19312,8321.5,5724.4,-10059,4334.1
0.15572,12011,-19170,7159.2,6255.7,-9984.5,3728.7
0.15589,12980,-18946,5966.2,6760.3,-9867.7,3107.4
0.15606,13893,-18641,4747.7,7235.9,-9708.6,2472.7
0.15624,14747,-18255,3508.8,7680.5,-9508,1827.5
0.15641,15537,-17792,2254.9,8092.2,-9266.6,1174.4
0.15658,16261,-17252,991.34,8469.2,-8985.5,516.32
0.15676,16915,-16639,-276.46,8809.9,-8665.9,-143.99
0.15693,17497,-15954,-1543.1,9112.9,-8309.3,-803.68
0.1571,18004,-15201,-2803.1,9376.9,-7917,-1459.9
0.15727,18433,-14382,-4051,9600.7,-7490.8,-2109.9
0.15745,18784,-13502,-5281.7,9783.4,-7032.5,-2750.9
0.15762,19054,-12565,-6489.7,9924.2,-6544.1,-3380
0.15779,19243,-11573,-7669.9,10022,-6027.7,-3994.7
0.15797,19349,-10532,-8817.2,10078,-5485.5,-4592.3
0.15814,19373,-9446,-9926.8,10090,-4919.8,-5170.2
0.15831,19313,-8319.3,-10994,10059,-4333,-5726
0.15849,19171,-7157.1,-12014,9984.8,-3727.6,-6257.2
0.15866,18947,-5964.2,-12982,9868,-3106.3,-6761.6
0.15883,18641,-4745.7,-13895,9708.9,-2471.7,-7237.1
0.15901,18256,-3507,-14749,9508.2,-1826.6,-7681.6
0.15918,17792,-2253.2,-15539,9266.7,-1173.6,-8093.2
0.15935,17252,-989.81,-16263,8985.6,-515.53,-8470.1
0.15953,16639,277.83,-16917,8666.1,144.7,-8810.8
0.1597,15954,1544.3,-17498,8309.4,804.31,-9113.7
0.15987,15201,2804.1,-18005,7917.1,1460.5,-9377.6
0.16005,14383,4051.9,-18435,7491,2110.4,-9601.4
0.16022,13503,5282.4,-18785,7032.7,2751.2,-9784
0.16039,12565,6490.2,-19055,6544.4,3380.3,-9924.7
0.16057,11574,7670.3,-19244,6028.1,3994.9,-10023
0.16074,10533,8817.5,-19350,5485.9,4592.4,-10078
0.16091,9446.9,9926.9,-19374,4920.3,5170.3,-10091
0.16109,8320.4,10994,-19314,4333.5,5726,-10060
0.16126,7158.3,12014,-19172,3728.3,6257.2,-9985.4
0.16143,5965.6,12982,-18948,3107.1,6761.6,-9868.6
0.16161,4747.3,13895,-18642,2472.6,7237,-9709.6
0.16178,3508.7,14748,-18257,1827.5,7681.5,-9508.9
0.16195,2255.2,15539,-17794,1174.6,8093,-9267.6
0.16212,991.91,16262,-17254,516.62,8470,-8986.6
0.1623,-275.57,16916,-16641,-143.52,8810.7,-8667.1
0.16247,-1541.9,17498,-15956,-803.05,9113.6,-8310.6
0.16264,-2801.6,18005,-15203,-1459.1,9377.6,-7918.4
0.16282,-4049.2,18435,-14385,-2109,9601.4,-7492.4
0.16299,-5279.6,18785,-13506,-2749.8,9784.1,-7034.3
0.16316,-6487.3,19056,-12569,-3378.8,9924.9,-6546.1
0.16334,-7667.3,19245,-11577,-3993.4,10023,-6029.9
0.16351,-8814.5,19351,-10537,-4590.9,10079,-5487.9
0.16368,-9923.9,19375,-9450.9,-5168.7,10091,-4922.4
0.16386,-10991,19316,-8324.7,-5724.4,10060,-4335.8
0.16403,-12011,19174,-7162.9,-6255.6,9986.3,-3730.7
0.1642,-12979,18950,-5970.4,-6760,9869.6,-3109.6
0.16438,-13892,18645,-4752.4,-7235.5,9710.8,-2475.2
0.16455,-14746,18260,-3514.1,-7680.1,9510.3,-1830.2
0.16472,-15536,17797,-2260.7,-8091.7,9269.2,-1177.4
0.1649,-16260,17258,-997.66,-8468.8,8988.4,-519.61
0.16507,-16914,16645,269.65,-8809.6,8669.1,140.44
0.16524,-17496,15961,1535.8,-9112.7,8312.8,799.89
0.16542,-18003,15208,2795.4,-9376.8,7920.9,1455.9
0.16559,-18433,14391,4043,-9600.8,7495.1,2105.7
0.16576,-18785,13511,5273.3,-9783.7,7037.2,2746.5
0.16594,-19055,12575,6481,-9924.7,6549.2,3375.5
0.16611,-19245,11584,7661,-10023,6033.2,3990.1
0.16628,-19352,10544,8808.2,-10079,5491.4,4587.6
0.16645,-19376,9458.2,9917.7,-10092,4926.1,5165.5
0.16663,-19317,8332.4,10985,-10061,4339.8,5721.2
0.1668,-19176,7170.9,12005,-9987.4,3734.8,6252.5
0.16697,-18952,5978.8,12974,-9871,3113.9,6757.1
0.16715,-18648,4761.1,13887,-9712.4,2479.7,7232.7
0.16732,-18264,3523,14741,-9512.3,1834.9,7677.4
0.16749,-17801,2269.9,15531,-9271.5,1182.2,8089.3
0.16767,-17263,1007.1,16256,-8991,524.51,8466.5
0.16784,-16650,-260.06,16910,-8672.1,-135.45,8807.5
0.16801,-15967,-1526.1,17493,-8316.1,-794.82,9110.9
0.16819,-15215,-2785.5,18001,-7924.5,-1450.8,9375.3
0.16836,-14398,-4033.1,18431,-7499,-2100.6,9599.6
0.16853,-13520,-5263.4,18783,-7041.4,-2741.3,9782.8
0.16871,-12583,-6471.1,19054,-6553.8,-3370.4,9924.2
0.16888,-11593,-7651.2,19244,-6038.1,-3985,10023
0.16905,-10553,-8798.6,19352,-5496.6,-4582.6,10079
0.16923,-9468.6,-9908.3,19377,-4931.6,-5160.6,10092
0.1694,-8343.3,-10976,19319,-4345.5,-5716.5,10062
0.16957,-7182.3,-11996,19178,-3740.8,-6247.9,9988.7
0.16975,-5990.6,-12965,18956,-3120.1,-6752.7,9872.8
0.16992,-4773.3,-13879,18652,-2486.1,-7228.5,9714.6
0.17009,-3535.6,-14733,18269,-1841.4,-7673.5,9514.9
0.17027,-2282.7,-15524,17807,-1188.9,-8085.6,9274.5
0.17044,-1020.2,-16249,17269,-531.34,-8463.2,8994.5
0.17061,246.76,-16905,16658,128.52,-8804.5,8676
0.17079,1512.6,-17488,15975,787.83,-9108.3,8320.4
0.17096,2772,-17996,15224,1443.8,-9373,7929.3
0.17113,4019.6,-18428,14408,2093.5,-9597.7,7504.2
0.1713,5249.9,-18780,13530,2734.3,-9781.4,7047.1
0.17148,6457.8,-19053,12595,3363.4,-9923.2,6559.8
0.17165,7638,-19243,11605,3978.1,-10023,6044.5
0.17182,8785.7,-19352,10566,4575.9,-10079,5503.3
0.172,9895.7,-19378,9482.2,5154,-10093,4938.7
0.17217,10963,-19321,8357.5,5710.1,-10063,4352.9
0.17234,11984,-19181,7197.1,6241.8,-9990.3,3748.5
0.17252,12954,-18960,6005.9,6746.8,-9874.9,3128.1
0.17269,13868,-18657,4789.1,7223,-9717.3,2494.3
0.17286,14723,-18275,3551.8,7668.3,-9518.1,1849.9
0.17304,15515,-17814,2299.3,8080.8,-9278.3,1197.5
0.17321,16241,-17278,1037,8458.7,-8998.8,540.09
0.17338,16897,-16667,-229.75,8800.6,-8680.9,-119.66
0.17356,17481,-15986,-1495.5,9104.7,-8325.8,-778.9
0.17373,17990,-15236,-2754.8,9370,-7935.2,-1434.8
0.1739,18423,-14420,-4002.4,9595.2,-7510.7,-2084.6
0.17408,18777,-13544,-5232.8,9779.4,-7054,-2725.4
0.17425,19050,-12609,-6440.9,9921.9,-6567.2,-3354.6
0.17442,19242,-11621,-7621.4,10022,-6052.4,-3969.5
0.1746,19352,-10582,-8769.4,10079,-5511.7,-4567.4
0.17477,19379,-9499.1,-9879.8,10093,-4947.4,-5145.7
0.17494,19323,-8375.1,-10948,10064,-4362,-5702.1
0.17512,19185,-7215.3,-11970,9992.1,-3758,-6234.1
0.17529,18965,-6024.8,-12940,9877.4,-3137.9,-6739.5
0.17546,18663,-4808.5,-13855,9720.5,-2504.4,-7216
0.17564,18282,-3571.6,-14711,9522,-1860.2,-7661.8
0.17581,17823,-2319.5,-15504,9282.8,-1208.1,-8074.8
0.17598,17288,-1057.5,-16230,9004,-550.79,-8453.2
0.17615,16679,209,-16888,8686.7,108.85,-8795.6
0.17633,15998,1474.6,-17473,8332.3,768.03,-9100.4
0.1765,15249,2733.9,-17983,7942.3,1423.9,-9366.2
0.17667,14435,3981.5,-18417,7518.4,2073.7,-9592.1
0.17685,13560,5212.1,-18772,7062.4,2714.6,-9777
0.17702,12626,6420.4,-19047,6576.2,3344,-9920.1
0.17719,11639,7601.3,-19240,6061.8,3959,-10021
0.17737,10602,8749.7,-19351,5521.7,4557.1,-10079
0.17754,9519.1,9860.7,-19380,4957.9,5135.8,-10094
0.17771,8396,10930,-19326,4372.9,5692.5,-10065
0.17789,7237,11952,-19189,3769.3,6224.9,-9994.2
0.17806,6047.2,12923,-18970,3149.6,6730.7,-9880.2
0.17823,4831.5,13839,-18670,2516.4,7207.7,-9724.1
0.17841,3595.1,14696,-18291,1872.5,7654,-9526.4
0.17858,2343.5,15490,-17833,1220.6,8067.5,-9288.1
0.17875,1081.8,16217,-17299,563.43,8446.6,-9010
0.17893,-184.49,16876,-16692,-96.088,8789.6,-8693.5
0.1791,-1450,17463,-16013,-755.2,9095.1,-8339.9
0.17927,-2709.3,17974,-15265,-1411.1,9361.7,-7950.6
0.17945,-3957,18410,-14453,-2060.9,9588.3,-7527.4
0.17962,-5187.8,18766,-13578,-2702,9774,-7072.1
0.17979,-6396.4,19043,-12646,-3331.5,9918,-6586.5
0.17997,-7577.7,19238,-11660,-3946.7,10020,-6072.8
0.18014,-8726.6,19350,-10624,-4545.1,10078,-5533.2
0.18031,-9838.3,19381,-9542.4,-5124.1,10094,-4970
0.18048,-10908,19328,-8420.3,-5681.2,10067,-4385.6
0.18066,-11931,19193,-7262.2,-6214.1,9996.5,-3782.4
0.18083,-12903,18976,-6073.1,-6720.4,9883.4,-3163.1
0.181,-13820,18678,-4858.1,-7198,9728.2,-2530.3
0.18118,-14678,18300,-3622.4,-7644.8,9531.5,-1886.6
0.18135,-15473,17845,-2371.2,-8059.1,9294,-1235
0.18152,-16203,17312,-1109.8,-8438.9,9016.9,-578.04
0.1817,-16863,16706,156.2,-8782.6,8701.3,81.356
0.18187,-17451,16029,1421.6,-9088.9,8348.5,740.4
0.18204,-17964,15283,2680.9,-9356.4,7960.1,1396.3
0.18222,-18401,14472,3928.7,-9583.9,7537.7,2046.2
0.18239,-18759,13600,5159.7,-9770.5,7083.2,2687.4
0.18256,-19038,12669,6368.8,-9915.4,6598.4,3317.1
0.18274,-19235,11684,7550.6,-10018,6085.4,3932.6
0.18291,-19349,10649,8700.2,-10078,5546.5,4531.3
0.18308,-19382,9569,9812.6,-10095,4983.8,5110.7
0.18326,-19331,8447.9,10883,-10068,4400,5668.3
0.18343,-19198,7290.8,11907,-9999,3797.3,6201.7
0.1836,-18983,6102.6,12880,-9887,3178.5,6708.6
0.18378,-18687,4888.4,13799,-9732.8,2546,7186.8
0.18395,-18311,3653.3,14658,-9537.1,1902.8,7634.4
0.18412,-17857,2402.6,15455,-9300.7,1251.4,8049.4
0.1843,-17327,1141.7,16186,-9024.6,594.62,8430
0.18447,-16723,-124.12,16847,-8710,-64.648,8774.7
0.18464,-16048,-1389.4,17437,-8358.2,-723.63,9081.9
0.18482,-15304,-2648.7,17953,-7970.8,-1379.5,9350.3
0.18499,-14495,-3896.7,18391,-7549.3,-2029.5,9578.8
0.18516,-13624,-5128,18752,-7095.6,-2670.9,9766.5
0.18533,-12694,-6337.5,19032,-6611.7,-3300.8,9912.4
0.18551,-11711,-7519.9,19231,-6099.5,-3916.6,10016
0.18568,-10678,-8670.2,19348,-5561.3,-4515.7,10077
0.18585,-9598.8,-9783.5,19382,-4999.4,-5095.6,10095
0.18603,-8479,-10855,19334,-4416.1,-5653.7,10070
0.1862,-7323,-11880,19203,-3814,-6187.7,10002
0.18637,-6135.7,-12855,18991,-3195.7,-6695.2,9890.9
0.18655,-4922.3,-13775,18697,-2563.7,-7174.2,9737.9
0.18672,-3687.9,-14635,18323,-1920.8,-7622.6,9543.4
0.18689,-2437.8,-15434,17872,-1269.7,-8038.5,9308.1
0.18707,-1177.3,-16166,17344,-613.17,-8420,9033.2
0.18724,88.235,-16830,16742,45.956,-8765.6,8719.7
0.18741,1353.4,-17422,16068,704.88,-9073.9,8369
0.18759,2612.7,-17939,15327,1360.8,-9343.4,7982.6
0.18776,3860.9,-18380,14519,2010.9,-9573,7562.1
0.18793,5092.6,-18743,13650,2652.4,-9761.9,7109.4
0.18811,6302.6,-19025,12723,3282.6,-9909,6626.4
0.18828,7485.7,-19227,11741,3898.8,-10014,6115.1
0.18845,8636.9,-19346,10709,4498.4,-10076,5577.8
0.18863,9751.1,-19383,9631.9,5078.7,-10095,5016.6
0.1888,10824,-19337,8513.4,5637.4,-10071,4434.1
0.18897,11850,-19209,7358.6,6172.1,-10005,3832.6
0.18915,12826,-18999,6172.4,6680.4,-9895.2,3214.8
0.18932,13748,-18707,4959.9,7160.2,-9743.5,2583.3
0.18949,14610,-18336,3726.3,7609.5,-9550.2,1940.8
0.18967,15410,-17887,2476.8,8026.3,-9316.3,1290
0.18984,16145,-17362,1216.7,8408.9,-9042.6,633.71
0.19001,16811,-16762,-48.521,8755.6,-8730.3,-25.271
0.19018,17405,-16091,-1313.5,9065,-8380.8,-684.14
0.19036,17924,-15352,-2573,9335.7,-7995.6,-1340.1
0.19053,18368,-14546,-3821.4,9566.6,-7576.3,-1990.3
0.1907,18733,-13679,-5053.5,9756.7,-7124.6,-2632
0.19088,19018,-12754,-6264.1,9905.2,-6642.6,-3262.5
0.19105,19222,-11774,-7447.9,10011,-6132.3,-3879.1
0.19122,19344,-10744,-8600,10075,-5595.9,-4479.2
0.1914,19384,-9668.2,-9715.4,10096,-5035.5,-5060.1
0.19157,19341,-8551.2,-10789,10073,-4453.7,-5619.4
0.19174,19215,-7397.7,-11817,10008,-3853,-6154.8
0.19192,19008,-6212.7,-12795,9899.8,-3235.8,-6664
0.19209,18719,-5001.2,-13718,9749.5,-2604.8,-7144.7
0.19226,18351,-3768.4,-14582,9557.7,-1962.7,-7595
0.19244,17904,-2519.6,-15385,9325.1,-1312.3,-8012.8
0.19261,17381,-1260,-16121,9052.8,-656.24,-8396.5
0.19278,16784,4.967,-16789,8741.9,2.587,-8744.5
0.19296,16116,1269.9,-17386,8393.7,661.39,-9055.1
0.19313,15379,2529.4,-17908,8009.8,1317.4,-9327.1
0.1933,14576,3778.1,-18354,7591.7,1967.7,-9559.4
0.19348,13711,5010.6,-18722,7141.2,2609.7,-9750.9
0.19365,12788,6221.8,-19010,6660.3,3240.5,-9900.9
0.19382,11810,7406.5,-19217,6151.1,3857.6,-10009
0.194,10782,8559.6,-19341,5615.6,4458.1,-10074
0.19417,9707.8,9676.2,-19384,5056.2,5039.7,-10096
0.19434,8592.4,10752,-19344,4475.2,5599.8,-10075
0.19452,7440.3,11781,-19221,3875.2,6136,-10011
0.19469,6256.6,12760,-19017,3258.6,6646,-9904.7
0.19486,5046.2,13685,-18731,2628.2,7127.7,-9756
0.19503,3814.3,14552,-18366,1986.6,7579.1,-9565.7
0.19521,2566.1,15356,-17923,1336.5,7998.1,-9334.6
0.19538,1307.1,16095,-17403,680.76,8383.1,-9063.8
0.19555,42.441,16766,-16808,22.105,8732.3,-8754.4
0.19573,-1222.4,17365,-16143,-636.64,9044.3,-8407.6
0.1959,-2481.9,17890,-15408,-1292.7,9317.7,-8025.1
0.19607,-3730.9,18339,-14608,-1943.2,9551.5,-7608.3
0.19625,-4964,18710,-13746,-2585.4,9744.5,-7159.1
0.19642,-6175.9,19000,-12825,-3216.6,9896.1,-6679.5
0.19659,-7361.5,19210,-11849,-3834.1,10005,-6171.3
0.19677,-8515.7,19339,-10823,-4435.3,10072,-5636.9
0.19694,-9633.6,19384,-9750.7,-5017.5,10096,-5078.5
0.19711,-10710,19347,-8637,-5578.4,10077,-4498.4
0.19729,-11742,19228,-7486.5,-6115.5,10015,-3899.2
0.19746,-12723,19027,-6304.1,-6626.5,9909.9,-3283.4
0.19763,-13650,18745,-5094.8,-7109.3,9762.9,-2653.6
0.19781,-14519,18383,-3863.9,-7561.8,9574.2,-2012.4
0.19798,-15326,17942,-2616.5,-7982.1,9344.9,-1362.8
0.19815,-16067,17425,-1358,-8368.4,9075.7,-707.29
0.19833,-16740,16834,-93.716,-8719,8767.8,-48.81
0.1985,-17342,16171,1171,-9032.5,8422.6,609.87
0.19867,-17870,15440,2430.6,-9307.5,8041.5,1266
0.19885,-18322,14642,3679.9,-9542.9,7626.2,1916.6
0.19902,-18696,13783,4913.6,-9737.6,7178.4,2559.1
0.19919,-18990,12864,6126.2,-9890.8,6700.1,3190.7
0.19936,-19204,11891,7312.8,-10002,6193.2,3808.8
0.19954,-19335,10867,8468.2,-10070,5659.9,4410.5
0.19971,-19384,9796.8,9587.6,-10096,5102.5,4993.5
0.19988,-19351,8684.9,10666,-10079,4523.4,5555.2
0.20006,-19235,7536.1,11699,-10018,3925,6093.3
0.20023,-19038,6355.2,12682,-9915.4,3310,6605.4
0.2004,-18759,5147.2,13612,-9770.2,2680.8,7089.4
0.20058,-18400,3917.3,14483,-9583.4,2040.2,7543.1
0.20075,-17963,2670.7,15292,-9355.8,1391,7964.8
0.20092,-17450,1412.8,16037,-9088.3,735.83,8352.5
0.2011,-16862,148.87,16713,-8782.2,77.536,8704.6
0.20127,-16202,-1115.7,17318,-8438.6,-581.08,9019.7
0.20144,-15474,-2375.5,17849,-8059.2,-1237.2,9296.4
0.20162,-14679,-3625.1,18304,-7645.4,-1888.1,9533.5
0.20179,-13822,-4859.3,18682,-7199.1,-2530.9,9730
0.20196,-12906,-6072.8,18979,-6722.1,-3162.9,9885
0.20214,-11936,-7260.5,19196,-6216.5,-3781.5,9998
0.20231,-10914,-8417.2,19331,-5684.5,-4383.9,10068
0.20248,-9846.2,-9538,19384,-5128.2,-4967.7,10096
0.20266,-8736.3,-10618,19355,-4550.2,-5530.4,10081
0.20283,-7589.2,-11653,19243,-3952.7,-6069.4,10022
0.203,-6409.9,-12639,19049,-3338.5,-6582.7,9921.1
0.20318,-5203.2,-13570,18774,-2710,-7067.9,9777.9
0.20335,-3974.4,-14444,18419,-2070,-7523,9593
0.20352,-2728.7,-15257,17985,-1421.2,-7946.1,9367.3
0.2037,-1471.5,-16004,17475,-766.38,-8335.4,9101.7
0.20387,-207.91,-16683,16891,-108.29,-8689.1,8797.4
0.20404,1056.5,-17291,16235,550.26,-9005.9,8455.7
0.20421,2316.4,-17826,15510,1206.5,-9284.4,8077.9
0.20439,3566.4,-18285,14718,1857.5,-9523.3,7665.8
0.20456,4801.3,-18666,13864,2500.7,-9721.7,7221.1
0.20473,6015.7,-18967,12952,3133.2,-9878.7,6745.6
0.20491,7204.4,-19188,11983,3752.3,-9993.7,6241.4
0.20508,8362.5,-19327,10964,4355.5,-10066,5710.7
0.20525,9485,-19384,9898.8,4940.1,-10096,5155.6
0.20543,10567,-19358,8791,5503.7,-10082,4578.7
0.2056,11604,-19250,7645.9,6043.9,-10026,3982.2
0.20577,12592,-19060,6468.2,6558.4,-9927.2,3368.8
0.20595,13526,-18789,5263,7044.9,-9786,2741.1
0.20612,14403,-18438,4035.4,7501.5,-9603.2,2101.7
0.20629,15218,-18009,2790.6,7926.1,-9379.5,1453.4
0.20647,15969,-17503,1534,8317,-9115.9,798.95
0.20664,16651,-16922,270.86,8672.5,-8813.6,141.07
0.20681,17263,-16270,-993.4,8991.1,-8473.7,-517.4
0.20699,17801,-15548,-2253.4,9271.5,-8097.8,-1173.7
0.20716,18264,-14760,-3503.9,9512.4,-7687.4,-1824.9
0.20733,18649,-13909,-4739.4,9712.8,-7244.4,-2468.4
0.20751,18954,-12999,-5954.7,9871.9,-6770.5,-3101.4
0.20768,19179,-12034,-7144.7,9989,-6267.8,-3721.2
0.20785,19322,-11018,-8304.2,10064,-5738.5,-4325.1
0.20803,19383,-9954.7,-9428.5,10095,-5184.7,-4910.7
0.2082,19362,-8849.2,-10513,10084,-4608.9,-5475.3
0.20837,19258,-7706,-11552,10030,-4013.5,-6016.7
0.20855,19072,-6530.1,-12542,9933.5,-3401.1,-6532.4
0.20872,18805,-5326.4,-13479,9794.5,-2774.2,-7020.4
0.20889,18459,-4100.1,-14359,9613.9,-2135.4,-7478.4
0.20906,18033,-2856.3,-15177,9392.4,-1487.7,-7904.7
0.20924,17531,-1600.4,-15931,9130.9,-833.55,-8297.4
0.20941,16955,-337.72,-16617,8830.6,-175.9,-8654.7
0.20958,16306,926.39,-17232,8492.8,482.49,-8975.3
0.20976,15588,2186.5,-17775,8118.8,1138.8,-9257.6
0.20993,14804,3437.4,-18241,7710.3,1790.3,-9500.6
0.2101,13957,4673.6,-18630,7269,2434.2,-9703.2
0.21028,13050,5889.9,-18940,6796.8,3067.7,-9864.5
0.21045,12088,7081.2,-19169,6295.7,3688.1,-9983.9
0.21062,11074,8242.3,-19317,5767.9,4292.9,-10061
0.2108,10014,9368.4,-19382,5215.5,4879.4,-10095
0.21097,8910.6,10455,-19365,4641,5445.1,-10086
0.21114,7769.6,11496,-19266,4046.7,5987.7,-10034
0.21132,6595.6,12489,-19085,3435.2,6504.8,-9940
0.21149,5393.5,13429,-18822,2809.1,6994.2,-9803.4
0.21166,4168.5,14312,-18480,2171.1,7454,-9625.1
0.21184,2925.8,15133,-18059,1523.9,7882,-9405.8
0.21201,1670.7,15891,-17562,870.16,8276.5,-9146.6
0.21218,408.5,16581,-16989,212.76,8635.7,-8848.5
0.21236,-855.44,17200,-16345,-445.54,8958.3,-8512.8
0.21253,-2115.7,17746,-15630,-1101.9,9242.8,-8140.9
0.2127,-3367,18217,-14850,-1753.6,9488,-7734.4
0.21288,-4603.9,18610,-14006,-2397.9,9692.9,-7295
0.21305,-5821.3,18925,-13103,-3031.9,9856.5,-6824.6
0.21322,-7013.9,19158,-12144,-3653.1,9978.3,-6325.2
0.21339,-8176.7,19311,-11134,-4258.7,10058,-5798.9
0.21357,-9304.7,19381,-10076,-4846.2,10094,-5248
0.21374,-10393,19369,-8975.5,-5413.1,10088,-4674.7
0.21391,-11437,19274,-7836.7,-5957,10039,-4081.6
0.21409,-12433,19098,-6664.7,-6475.5,9946.7,-3471.2
0.21426,-13376,18840,-5464.4,-6966.6,9812.6,-2846
0.21443,-14262,18502,-4240.8,-7428,9636.7,-2208.7
0.21461,-15087,18086,-2999.2,-7857.8,9419.9,-1562.1
0.21478,-15848,17593,-1744.9,-8254.2,9163,-908.81
0.21495,-16542,17025,-483.21,-8615.6,8867.3,-251.67
0.21513,-17165,16385,780.54,-8940.3,8533.8,406.53
0.2153,-17716,15675,2041,-9227,8164.1,1063
0.21547,-18191,14898,3292.7,-9474.6,7759.6,1714.9
0.21565,-18589,14059,4530.4,-9681.8,7322.2,2359.6
0.21582,-18908,13159,5748.9,-9847.9,6853.7,2994.2
0.21599,-19147,12204,6942.9,-9972.2,6356.1,3616.1
0.21617,-19304,11196,8107.4,-10054,5831.5,4222.6
0.21634,-19379,10142,9237.4,-10093,5282.1,4811.1
0.21651,-19372,9043.7,10328,-10090,4710.2,5379.3
0.21669,-19282,7907.3,11375,-10043,4118.4,5924.5
0.21686,-19111,6737.4,12374,-9953.6,3509.1,6444.6
0.21703,-18858,5538.9,13320,-9822.1,2884.8,6937.3
0.21721,-18526,4316.8,14209,-9648.8,2248.3,7400.5
0.21738,-18114,3076.5,15038,-9434.5,1602.3,7832.2
0.21755,-17626,1823,15803,-9180.2,949.49,8230.7
0.21773,-17063,561.86,16501,-8886.8,292.63,8594.2
0.2179,-16427,-701.68,17129,-8555.7,-365.46,8921.2
0.21807,-15722,-1962.2,17684,-8188.3,-1022,9210.3
0.21824,-14949,-3214.4,18164,-7786.1,-1674.2,9460.2
0.21842,-14113,-4452.9,18566,-7350.8,-2319.2,9670
0.21859,-13218,-5672.5,18890,-6884.3,-2954.4,9838.7
0.21876,-12266,-6868,19134,-6388.5,-3577.1,9965.6
0.21894,-11262,-8034.3,19296,-5865.6,-4184.5,10050
0.21911,-10210,-9166.5,19377,-5317.9,-4774.2,10092
0.21928,-9115.2,-10260,19375,-4747.5,-5343.6,10091
0.21946,-7981.4,-11309,19291,-4157,-5890.3,10047
0.21963,-6813.7,-12311,19125,-3548.8,-6411.9,9960.7
0.2198,-5617.1,-13260,18877,-2925.6,-6906.3,9831.9
0.21998,-4396.6,-14153,18550,-2289.9,-7371.4,9661.3
0.22015,-3157.5,-14986,18143,-1644.5,-7805.2,9449.7
0.22032,-1905,-15755,17660,-992.2,-8205.8,9198
0.2205,-644.45,-16457,17102,-335.65,-8571.6,8907.2
0.22067,618.86,-17090,16471,322.32,-8900.9,8578.6
0.22084,1879.5,-17650,15770,978.91,-9192.5,8213.6
0.22102,3132.2,-18134,15002,1631.3,-9445,7813.7
0.22119,4371.5,-18542,14171,2276.8,-9657.4,7380.6
0.22136,5592.3,-18871,13279,2912.7,-9828.8,6916.2
0.22154,6789.3,-19120,12331,3536.1,-9958.5,6422.4
0.22171,7957.5,-19288,11331,4144.5,-10046,5901.4
0.22188,9091.9,-19374,10282,4735.3,-10091,5355.3
0.22206,10188,-19378,9190,5306,-10093,4786.5
0.22223,11240,-19299,8058.9,5854.2,-10052,4197.3
0.2224,12245,-19138,6893.6,6377.5,-9967.9,3590.4
0.22258,13198,-18897,5699,6873.8,-9842,2968.2
0.22275,14094,-18575,4480.2,7340.8,-9674.3,2333.4
0.22292,14931,-18174,3242.5,7776.7,-9465.5,1688.8
0.22309,15705,-17696,1990.9,8179.5,-9216.5,1036.9
0.22327,16412,-17143,730.99,8547.7,-8928.4,380.72
0.22344,17049,-16517,-532.05,8879.5,-8602.4,-277.11
0.22361,17613,-15821,-1792.8,9173.7,-8239.9,-933.76
0.22379,18103,-15057,-3046,9428.9,-7842.4,-1586.4
0.22396,18517,-14230,-4286.2,9644,-7411.7,-2232.4
0.22413,18851,-13343,-5508.2,9818.3,-6949.5,-2868.8
0.22431,19106,-12399,-6706.7,9950.9,-6457.8,-3493.1
0.22448,19279,-11402,-7876.9,10041,-5938.7,-4102.5
0.22465,19371,-10357,-9013.5,10089,-5394.4,-4694.6
0.22483,19380,-9268.2,-10112,10094,-4827.2,-5266.6
0.225,19307,-8139.8,-11167,10056,-4239.5,-5816.4
0.22517,19152,-6977,-12175,9975.3,-3633.8,-6341.4
0.22535,18916,-5784.5,-13132,9852.3,-3012.8,-6839.5
0.22552,18600,-4567.6,-14033,9687.6,-2378.9,-7308.6
0.22569,18205,-3331.2,-14874,9481.7,-1735,-7746.7
0.22587,17732,-2080.8,-15652,9235.6,-1083.7,-8151.9
0.22604,17185,-821.48,-16363,8950.3,-427.85,-8522.5
0.22621,16564,441.27,-17005,8627.1,229.83,-8856.9
0.22639,15873,1702.1,-17575,8267.2,886.53,-9153.7
0.22656,15115,2955.8,-18071,7872.3,1539.5,-9411.8
0.22673,14292,4196.8,-18489,7444,2185.8,-9629.8
0.22691,13409,5420.1,-18829,6984.1,2823,-9807
0.22708,12470,6620.3,-19090,6494.5,3448.1,-9942.6
0.22725,11477,7792.4,-19269,5977.5,4058.6,-10036
0.22742,10435,8931.5,-19367,5435,4651.8,-10087
0.2276,9349.6,10033,-19382,4869.6,5225.3,-10095
0.22777,8224.2,11091,-19315,4283.4,5776.7,-10060
0.22794,7064,12103,-19167,3679.1,6303.5,-9982.7
0.22812,5873.8,13063,-18937,3059.3,6803.6,-9862.9
0.22829,4658.7,13968,-18626,2426.4,7274.8,-9701.2
0.22846,3423.8,14813,-18237,1783.2,7715.2,-9498.4
0.22864,2174.5,15596,-17770,1132.5,8122.8,-9255.3
0.22881,915.93,16312,-17228,477.05,8496,-8973
0.22898,-346.49,16960,-16613,-180.46,8833.1,-8652.6
0.22916,-1607.4,17535,-15927,-837.2,9132.7,-8295.5
0.22933,-2861.5,18036,-15174,-1490.4,9393.7,-7903.3
0.2295,-4103.5,18460,-14357,-2137.2,9614.7,-7477.5
0.22968,-5328,18806,-13478,-2775,9795,-7020
0.22985,-6529.9,19073,-12543,-3401,9933.8,-6532.8
0.23002,-7704.2,19258,-11554,-4012.6,10030,-6017.8
0.2302,-8845.7,19362,-10517,-4607.1,10084,-5477.3
0.23037,-9949.7,19384,-9434.2,-5182.1,10096,-4913.7
0.23054,-11011,19323,-8312,-5735.2,10064,-4329.1
0.23072,-12027,19181,-7154.5,-6263.8,9990.1,-3726.3
0.23089,-12991,18957,-5966.6,-6766,9873.6,-3107.6
0.23106,-13900,18653,-4753.5,-7239.4,9715.2,-2475.8
0.23124,-14750,18270,-3520.3,-7682.1,9515.6,-1833.5
0.23141,-15537,17809,-2272.1,-8092.3,9275.7,-1183.4
0.23158,-16259,17273,-1014.3,-8468.1,8996.4,-528.31
0.23176,-16911,16664,247.72,-8808,8679,129.02
0.23193,-17492,15984,1508.7,-9110.6,8324.8,785.79
0.2321,-17999,15236,2763.3,-9374.6,7935.3,1439.2
0.23227,-18430,14423,4006.1,-9598.8,7512.2,2086.5
0.23245,-18782,13550,5232,-9782.3,7057.3,2725
0.23262,-19055,12619,6435.7,-9924.3,6572.4,3351.9
0.23279,-19247,11635,7612,-10024,6059.7,3964.6
0.23297,-19357,10601,8756.1,-10082,5521.2,4560.5
0.23314,-19385,9522.1,9863,-10096,4959.4,5137
0.23331,-19331,8403.1,10928,-10068,4376.6,5691.8
0.23349,-19195,7248.5,11947,-9997.6,3775.3,6222.4
0.23366,-18978,6063.1,12915,-9884.5,3157.9,6726.6
0.23383,-18681,4852.1,13828,-9729.5,2527.2,7202.3
0.23401,-18304,3620.6,14683,-9533.2,1885.7,7647.5
0.23418,-17849,2373.7,15476,-9296.6,1236.3,8060.3
0.23435,-17319,1116.7,16203,-9020.5,581.63,8438.9
0.23453,-16716,-144.94,16861,-8706.2,-75.488,8781.7
0.2347,-16042,-1406,17448,-8355,-732.27,9087.3
0.23487,-15299,-2661,17960,-7968.5,-1385.9,9354.4
0.23505,-14492,-3904.8,18397,-7548.1,-2033.7,9581.9
0.23522,-13624,-5132,18756,-7095.8,-2672.9,9768.7
0.23539,-12698,-6337.4,19035,-6613.4,-3300.7,9914.1
0.23557,-11718,-7516,19234,-6103,-3914.6,10018
0.23574,-10688,-8662.7,19351,-5566.7,-4511.8,10079
0.23591,-9613.2,-9772.6,19386,-5006.9,-5089.9,10097
0.23609,-8497.6,-10841,19339,-4425.8,-5646.5,10072
0.23626,-7346,-11864,19210,-3826,-6179.1,10005
0.23643,-6163.3,-12836,18999,-3210,-6685.5,9895.5
0.23661,-4954.5,-13754,18709,-2580.4,-7163.6,9744
0.23678,-3724.7,-14614,18338,-1939.9,-7611.3,9551.2
0.23695,-2479.1,-15411,17891,-1291.2,-8026.8,9318
0.23712,-1223.1,-16144,17367,-637.01,-8408.2,9045.3
0.2373,38.148,-16808,16770,19.869,-8754.1,8734.2
0.23747,1299.2,-17401,16101,676.66,-9062.8,8386.2
0.23764,2554.7,-17920,15365,1330.6,-9333.2,8002.6
0.23782,3799.4,-18363,14564,1978.8,-9564,7585.2
0.23799,5027.9,-18728,13700,2618.7,-9754.3,7135.6
0.23816,6235.2,-19014,12779,3247.5,-9903.3,6655.8
0.23834,7416,-19220,11804,3862.5,-10010,6147.8
0.23851,8565.4,-19344,10778,4461.1,-10075,5613.8
0.23868,9678.5,-19386,9707.5,5040.9,-10097,5056
0.23886,10751,-19346,8595.4,5599.3,-10076,4476.8
0.23903,11777,-19224,7447,6133.9,-10013,3878.6
0.2392,12754,-19021,6267,6642.6,-9906.7,3264.1
0.23938,13676,-18737,5060.5,7123.1,-9758.8,2635.7
0.23955,14541,-18374,3832.6,7573.5,-9569.6,1996.1
0.23972,15344,-17933,2588.4,7991.8,-9339.9,1348.1
0.2399,16082,-17416,1333.4,8376.2,-9070.6,694.46
0.24007,16752,-16825,72.653,8725.1,-8763,37.84
0.24024,17351,-16163,-1188.3,9037.1,-8418.2,-618.93
0.24042,17877,-15433,-2444.3,9310.9,-8037.8,-1273.1
0.24059,18327,-14637,-3689.9,9545.2,-7623.3,-1921.8
0.24076,18699,-13779,-4919.8,9739,-7176.6,-2562.4
0.24094,18992,-12863,-6128.9,9891.7,-6699.5,-3192.2
0.24111,19205,-11893,-7312.1,10002,-6194.1,-3808.4
0.24128,19336,-10872,-8464.2,10071,-5662.4,-4408.4
0.24145,19385,-9804.9,-9580.5,10097,-5106.7,-4989.9
0.24163,19353,-8696.6,-10656,10080,-4529.5,-5550.1
0.2418,19238,-7551.4,-11687,10020,-3933,-6086.9
0.24197,19042,-6374.3,-12668,9917.8,-3320,-6597.9
0.24215,18766,-5170.2,-13595,9773.8,-2692.8,-7080.9
0.24232,18410,-3944.3,-14465,9588.3,-2054.3,-7534
0.24249,17976,-2701.7,-15274,9362.3,-1407.1,-7955.2
0.24267,17466,-1447.6,-16018,9096.6,-753.97,-8342.7
0.24284,16882,-187.47,-16694,8792.5,-97.64,-8694.8
0.24301,16226,1073.5,-17300,8451.1,559.1,-9010.2
0.24319,15502,2329.8,-17832,8073.9,1213.5,-9287.4
0.24336,14712,3576.3,-18289,7662.6,1862.7,-9525.3
0.24353,13860,4807.7,-18668,7218.9,2504,-9722.9
0.24371,12950,6018.7,-18968,6744.6,3134.7,-9879.3
0.24388,11984,7204.1,-19188,6241.8,3752.2,-9993.9
0.24405,10968,8359.1,-19327,5712.5,4353.7,-10066
0.24423,9905.5,9478.7,-19384,5159.1,4936.8,-10096
0.2444,8801,10558,-19359,4583.9,5499,-10083
0.24457,7659.3,11593,-19252,3989.2,6038,-10027
0.24475,6485.2,12579,-19064,3377.7,6551.4,-9929.1
0.24492,5283.7,13511,-18795,2751.9,7037,-9788.9
0.24509,4059.8,14386,-18446,2114.5,7492.9,-9607.4
0.24527,2818.8,15201,-18019,1468.1,7917,-9385.1
0.24544,1565.8,15951,-17517,815.55,8307.7,-9123.2
0.24561,306.3,16633,-16940,159.53,8663.1,-8822.7
0.24579,-954.53,17245,-16291,-497.15,8982,-8484.8
0.24596,-2211.3,17785,-15573,-1151.7,9262.8,-8111.1
0.24613,-3458.7,18248,-14790,-1801.4,9504.4,-7703
0.2463,-4691.4,18635,-13944,-2443.5,9705.8,-7262.3
0.24648,-5904.3,18943,-13039,-3075.2,9866.1,-6791
0.24665,-7092.2,19171,-12078,-3693.9,9984.7,-6290.9
0.24682,-8250.1,19317,-11067,-4296.9,10061,-5764.1
0.247,-9373,19382,-10009,-4881.8,10095,-5213.1
0.24717,-10456,19365,-8908.7,-5446,10086,-4639.9
0.24734,-11495,19266,-7770.6,-5987.1,10034,-4047.2
0.24752,-12486,19085,-6599.6,-6503,9940.3,-3437.3
0.24769,-13423,18824,-5400.8,-6991.3,9804.2,-2812.9
0.24786,-14304,18483,-4179.1,-7450,9626.6,-2176.6
0.24804,-15124,18064,-2939.8,-7877.2,9408.4,-1531.1
0.24821,-15881,17569,-1688,-8271.1,9150.3,-879.18
0.24838,-16570,16999,-429.15,-8630,8853.5,-223.52
0.24856,-17189,16357,831.52,-8952.4,8519.3,433.08
0.24873,-17735,15646,2088.7,-9236.9,8149.1,1087.8
0.2489,-18206,14869,3336.9,-9482.4,7744.4,1738
0.24908,-18600,14029,4571.1,-9687.7,7306.9,2380.8
0.24925,-18916,13130,5785.9,-9852.1,6838.6,3013.5
0.24942,-19152,12175,6976.2,-9974.8,6341.3,3633.5
0.2496,-19306,11169,8137,-10055,5817.3,4238
0.24977,-19379,10116,9263.4,-10093,5268.6,4824.7
0.24994,-19370,9019.5,10351,-10089,4697.7,5390.9
0.25012,-19279,7885.2,11394,-10041,4106.9,5934.4
0.25029,-19107,6717.6,12389,-9951.4,3498.7,6452.7
0.25046,-18854,5521.5,13332,-9819.6,2875.8,6943.8
0.25064,-18521,4302.2,14218,-9646.2,2240.7,7405.4
0.25081,-18109,3064.6,15045,-9432,1596.2,7835.8
0.25098,-17622,1814.1,15807,-9177.9,944.87,8233
0.25115,-17059,556.02,16503,-8885,289.59,8595.4
0.25133,-16425,-704.45,17129,-8554.6,-366.9,8921.5
0.2515,-15721,-1961.9,17683,-8188,-1021.8,9209.8
0.25167,-14951,-3211.1,18162,-7786.8,-1672.4,9459.2
0.25185,-14117,-4446.6,18564,-7352.7,-2316,9668.6
0.25202,-13224,-5663.4,18887,-6887.5,-2949.7,9837.2
0.25219,-12275,-6856.2,19131,-6393.2,-3570.9,9964.1
0.25237,-11274,-8020,19294,-5871.9,-4177.1,10049
0.25254,-10225,-9149.8,19375,-5325.7,-4765.5,10091
0.25271,-9133.6,-10241,19375,-4757.1,-5333.9,10091
0.25289,-8003.2,-11289,19292,-4168.3,-5879.6,10048
0.25306,-6839,-12289,19128,-3562,-6400.5,9962.5
0.25323,-5645.9,-13237,18883,-2940.6,-6894.4,9835
0.25341,-4429,-14129,18558,-2306.8,-7359.1,9665.9
0.25358,-3193.3,-14962,18155,-1663.2,-7792.7,9455.9
0.25375,-1944.2,-15731,17675,-1012.6,-8193.3,9206
0.25393,-686.9,-16434,17121,-357.76,-8559.4,8917.1
0.2541,573.31,-17067,16494,298.6,-8889.2,8590.6
0.25427,1831.1,-17628,15797,953.68,-9181.5,8227.8
0.25445,3081.1,-18115,15034,1604.7,-9434.9,7830.2
0.25462,4318,-18525,14207,2249,-9648.5,7399.5
0.25479,5536.7,-18857,13320,2883.7,-9821.3,6937.6
0.25497,6732,-19109,12377,3506.3,-9952.6,6446.4
0.25514,7898.9,-19280,11382,4114,-10042,5927.9
0.25531,9032.3,-19370,10338,4704.3,-10089,5384.4
0.25548,10128,-19378,9250.8,5274.8,-10093,4818.1
0.25566,11180,-19304,8124.5,5822.9,-10054,4231.5
0.25583,12185,-19149,6963.9,6346.5,-9973.5,3627
0.256,13139,-18913,5773.9,6843.2,-9850.4,3007.2
0.25618,14037,-18597,4559.5,7311,-9685.7,2374.7
0.25635,14876,-18202,3325.9,7747.9,-9480.1,1732.2
0.25652,15652,-17730,2078.2,8152,-9234.4,1082.4
0.2567,16362,-17184,821.79,8521.8,-8949.8,428.01
0.25687,17002,-16564,-438.09,8855.5,-8627.3,-228.17
0.25704,17571,-15875,-1696.1,9151.8,-8268.4,-883.39
0.25722,18066,-15119,-2946.9,9409.4,-7874.5,-1534.9
0.25739,18484,-14299,-4185.3,9627.3,-7447.4,-2179.8
0.25756,18825,-13419,-5406,9804.5,-6988.9,-2815.6
0.25774,19085,-12482,-6603.8,9940.3,-6500.8,-3439.5
0.25791,19265,-11492,-7773.7,10034,-5985.3,-4048.8
0.25808,19364,-10454,-8910.7,10086,-5444.5,-4641
0.25826,19381,-9371.1,-10010,10094,-4880.8,-5213.6
0.25843,19316,-8249,-11067,10061,-4296.4,-5764.2
0.2586,19170,-7092.2,-12078,9984.3,-3693.9,-6290.4
0.25878,18942,-5905.4,-13037,9865.8,-3075.7,-6790
0.25895,18635,-4693.7,-13941,9705.7,-2444.7,-7261
0.25912,18249,-3462.2,-14787,9504.6,-1803.2,-7701.3
0.2593,17786,-2216.1,-15569,9263.3,-1154.2,-8109.1
0.25947,17247,-960.68,-16287,8982.9,-500.36,-8482.6
0.25964,16636,298.8,-16935,8664.6,155.63,-8820.3
0.25982,15955,1557,-17512,8309.8,810.94,-9120.7
0.25999,15206,2808.6,-18015,7919.8,1462.8,-9382.6
0.26016,14393,4048.4,-18441,7496.4,2108.5,-9604.9
0.26033,13519,5271,-18790,7041.4,2745.3,-9786.7
0.26051,12589,6471.3,-19060,6556.6,3370.5,-9927.1
0.26068,11605,7644.3,-19249,6044.2,3981.4,-10026
0.26085,10572,8785.1,-19357,5506.2,4575.6,-10082
0.26103,9494.4,9888.7,-19383,4945,5150.4,-10095
0.2612,8376.8,10951,-19327,4362.9,5703.4,-10066
0.26137,7223.9,11966,-19190,3762.5,6232.4,-9994.8
0.26155,6040.5,12931,-18972,3146.1,6735,-9881.1
0.26172,4831.7,13842,-18673,2516.5,7209.2,-9725.7
0.26189,3602.4,14694,-18296,1876.3,7653,-9529.2
0.26207,2358,15484,-17842,1228.1,8064.4,-9292.5
0.26224,1103.6,16208,-17312,574.78,8441.8,-9016.6
0.26241,-155.44,16864,-16709,-80.96,8783.6,-8702.6
0.26259,-1413.8,17449,-16036,-736.35,9088.3,-8351.9
0.26276,-2666.2,17961,-15295,-1388.6,9354.6,-7965.9
0.26293,-3907.2,18396,-14489,-2035,9581.4,-7546.4
0.26311,-5131.8,18754,-13622,-2672.8,9767.8,-7095
0.26328,-6334.7,19033,-12698,-3299.3,9912.9,-6613.6
0.26345,-7510.9,19231,-11720,-3911.9,10016,-6104.3
0.26363,-8655.3,19348,-10693,-4508,10077,-5569.3
0.2638,-9763.2,19384,-9620.8,-5085,10096,-5010.8
0.26397,-10830,19338,-8507.8,-5640.6,10072,-4431.2
0.26415,-11851,19210,-7359,-6172.3,10005,-3832.8
0.26432,-12822,19001,-6179.2,-6678,9896.3,-3218.3
0.26449,-13739,18712,-4973.2,-7155.5,9745.7,-2590.2
0.26467,-14597,18344,-3746.4,-7602.8,9554,-1951.2
0.26484,-15395,17898,-2503.7,-8018,9322,-1304
0.26501,-16127,17377,-1250.5,-8399.4,9050.7,-651.28
0.26518,-16791,16783,8.0155,-8745.3,8741.2,4.1747
0.26536,-17384,16118,1266.4,-9054.4,8394.7,659.6
0.26553,-17904,15385,2519.5,-9325.2,8012.9,1312.2
0.2657,-18349,14587,3761.9,-9556.6,7597.3,1959.3
0.26588,-18716,13727,4988.4,-9747.8,7149.6,2598.1
0.26605,-19004,12810,6193.9,-9897.8,6671.8,3226
0.26622,-19212,11838,7373.2,-10006,6165.9,3840.2
0.2664,-19338,10817,8521.4,-10072,5633.9,4438.2
0.26657,-19384,9750.1,9633.6,-10096,5078.2,5017.5
0.26674,-19347,8642,10705,-10077,4501,5575.6
0.26692,-19229,7497.4,11732,-10015,3904.9,6110.2
0.26709,-19030,6321.3,12709,-9911.3,3292.3,6619
0.26726,-18750,5118.4,13632,-9765.7,2665.9,7099.9
0.26744,-18392,3894.1,14498,-9579,2028.2,7550.8
0.26761,-17955,2653.3,15302,-9351.8,1381.9,7969.9
0.26778,-17444,1401.3,16042,-9085.2,729.86,8355.3
0.26796,-16858,143.48,16715,-8780.2,74.728,8705.5
0.26813,-16201,-1115,17316,-8438.3,-580.71,9019
0.2683,-15477,-2368.7,17845,-8060.7,-1233.7,9294.4
0.26848,-14686,-3612.4,18299,-7649.2,-1881.4,9530.6
0.26865,-13834,-4840.8,18675,-7205.4,-2521.3,9726.7
0.26882,-12924,-6048.9,18973,-6731.2,-3150.4,9881.7
0.269,-11959,-7231.4,19190,-6228.7,-3766.3,9995
0.26917,-10944,-8383.3,19327,-5699.9,-4366.3,10066
0.26934,-9882.3,-9500,19382,-5147,-4947.9,10095
0.26952,-8779.2,-10576,19356,-4572.5,-5508.6,10081
0.26969,-7639.1,-11608,19248,-3978.7,-6046.1,10025
0.26986,-6466.8,-12591,19058,-3368.1,-6558,9926.1
0.27003,-5267.3,-13521,18789,-2743.4,-7042.3,9785.7
0.27021,-4045.5,-14394,18440,-2107,-7496.9,9604
0.27038,-2806.8,-15206,18013,-1461.8,-7919.9,9381.8
0.27055,-1556.2,-15954,17510,-810.5,-8309.5,9120
0.27073,-299.03,-16635,16934,-155.74,-8664,8819.8
0.2709,959.34,-17246,16286,499.66,-8982.1,8482.4
0.27107,2213.7,-17783,15570,1152.9,-9262.2,8109.3
0.27125,3458.6,-18246,14788,1801.4,-9503.3,7701.9
0.27142,4689,-18632,13943,2442.2,-9704.3,7262.2
0.27159,5899.6,-18940,13040,3072.7,-9864.4,6791.8
0.27177,7085.2,-19167,12082,3690.2,-9983,6292.8
0.27194,8241,-19314,11073,4292.2,-10059,5767.2
0.27211,9362.1,-19379,10017,4876.1,-10093,5217.4
0.27229,10444,-19363,8919.5,5439.4,-10085,4645.6
0.27246,11481,-19265,7784,5979.8,-10034,4054.2
0.27263,12470,-19086,6615.8,6495,-9940.7,3445.7
0.27281,13407,-18827,5419.6,6982.8,-9805.5,2822.7
0.27298,14287,-18488,4200.7,7441.1,-9629,2187.9
0.27315,15107,-18071,2964.1,7868.1,-9411.9,1543.8
0.27333,15863,-17578,1715,8261.9,-9155.1,893.2
0.2735,16552,-17011,458.63,8620.9,-8859.8,238.87
0.27367,17172,-16372,-799.6,8943.6,-8527.1,-416.46
0.27385,17719,-15664,-2054.4,9228.5,-8158.5,-1070
0.27402,18191,-14891,-3300.6,9474.6,-7755.5,-1719.1
0.27419,18587,-14054,-4532.8,9680.8,-7319.9,-2360.9
0.27436,18905,-13159,-5746,9846.1,-6853.4,-2992.7
0.27454,19142,-12207,-6934.9,9970,-6358.1,-3611.9
0.27471,19299,-11205,-8094.5,10052,-5835.9,-4215.9
0.27488,19375,-10155,-9220,10091,-5289.2,-4802.1
0.27506,19369,-9062.8,-10307,10088,-4720.2,-5368.1
0.27523,19282,-7932.1,-11350,10043,-4131.3,-5911.4
0.2754,19113,-6768.1,-12345,9954.9,-3525.1,-6429.9
0.27558,18864,-5575.6,-13289,9825.1,-2903.9,-6921.2
0.27575,18536,-4359.5,-14176,9654,-2270.6,-7383.4
0.27592,18129,-3125.2,-15004,9442.1,-1627.7,-7814.4
0.2761,17646,-1877.7,-15768,9190.5,-977.96,-8212.5
0.27627,17088,-622.28,-16466,8900.2,-324.11,-8576.1
0.27644,16459,635.72,-17095,8572.4,331.1,-8903.5
0.27662,15760,1891,-17651,8208.5,984.91,-9193.4
0.27679,14995,3138.3,-18133,7810,1634.6,-9444.5
0.27696,14167,4372.4,-18539,7378.6,2277.3,-9655.9
0.27714,13279,5588.1,-18867,6916.1,2910.5,-9826.6
0.27731,12335,6780.2,-19115,6424.6,3531.3,-9955.9
0.27748,11339,7943.7,-19283,5905.9,4137.3,-10043
0.27766,10296,9073.7,-19370,5362.4,4725.9,-10088
0.27783,9209,10166,-19375,4796.4,5294.5,-10091
0.278,8083.4,11215,-19298,4210.1,5840.9,-10051
0.27818,6923.8,12216,-19140,3606.1,6362.6,-9968.8
0.27835,5735,13167,-18901,2987,6857.6,-9844.5
0.27852,4522.1,14061,-18583,2355.2,7323.6,-9678.8
0.2787,3290.1,14897,-18187,1713.6,7758.8,-9472.4
0.27887,2044.3,15670,-17714,1064.8,8161.3,-9226.1
0.27904,789.96,16377,-17167,411.44,8529.5,-8940.9
0.27921,-467.72,17014,-16547,-243.6,8861.7,-8618.1
0.27939,-1723.4,17581,-15857,-897.61,9156.6,-8259
0.27956,-2971.8,18073,-15101,-1547.8,9413,-7865.1
0.27973,-4207.7,18489,-14281,-2191.5,9629.7,-7438.2
0.27991,-5425.9,18827,-13401,-2826,9805.8,-6979.9
0.28008,-6621.1,19086,-12465,-3448.5,9940.7,-6492.2
0.28025,-7788.5,19265,-11476,-4056.5,10034,-5977.2
0.28043,-8923.1,19362,-10439,-4647.5,10085,-5437.1
0.2806,-10020,19378,-9358.2,-5218.8,10093,-4874
0.28077,-11075,19313,-8237.8,-5768.2,10059,-4290.5
0.28095,-12083,19166,-7082.7,-6293.3,9982.2,-3688.9
0.28112,-13040,18938,-5897.9,-6791.9,9863.7,-3071.8
0.28129,-13943,18631,-4688.2,-7261.8,9703.6,-2441.8
0.28147,-14786,18245,-3458.8,-7701.2,9502.7,-1801.5
0.28164,-15568,17783,-2214.9,-8108.2,9261.8,-1153.6
0.28181,-16284,17245,-961.66,-8481.1,8982,-500.86
0.28199,-16931,16635,295.6,-8818.2,8664.3,153.96
0.28216,-17507,15955,1551.6,-9118.3,8310.2,808.12
0.28233,-18009,15208,2801,-9379.9,7921,1458.9
0.28251,-18436,14397,4038.7,-9602.1,7498.6,2103.5
0.28268,-18785,13526,5259.3,-9783.8,7044.6,2739.2
0.28285,-19055,12597,6457.7,-9924.4,6561,3363.4
0.28303,-19245,11616,7629,-10023,6049.8,3973.4
0.2832,-19353,10585,8768.2,-10080,5513.1,4566.8
0.28337,-19381,9510.1,9870.4,-10094,4953.2,5140.8
0.28355,-19326,8395.2,10931,-10066,4372.5,5693.3
0.28372,-19191,7244.9,11946,-9995.1,3773.4,6221.7
0.28389,-18974,6064.2,12910,-9882.4,3158.4,6724
0.28406,-18678,4857.9,13820,-9728.2,2530.2,7198
0.28424,-18303,3631.2,14672,-9533,1891.3,7641.7
0.28441,-17851,2389.3,15462,-9297.7,1244.4,8053.2
0.28458,-17325,1137.4,16187,-9023.2,592.37,8430.9
0.28476,-16725,-119.37,16844,-8710.8,-62.17,8773
0.28493,-16055,-1375.6,17430,-8361.8,-716.44,9078.3
0.2851,-15317,-2626,17943,-7977.6,-1367.7,9345.3
0.28528,-14515,-3865.3,18380,-7559.9,-2013.2,9573
0.28545,-13652,-5088.3,18740,-7110.3,-2650.2,9760.5
0.28562,-12731,-6290,19021,-6630.8,-3276,9906.9
0.2858,-11757,-7465.1,19222,-6123.5,-3888.1,10012
0.28597,-10734,-8608.8,19342,-5590.4,-4483.8,10074
0.28614,-9664.9,-9716.3,19381,-5033.8,-5060.6,10094
0.28632,-8555.6,-10783,19338,-4456,-5616.1,10072
0.28649,-7410.3,-11804,19214,-3859.5,-6148,10008
0.28666,-6233.8,-12776,19010,-3246.8,-6654,9900.8
0.28684,-5031.2,-13694,18725,-2620.4,-7132.1,9752.5
0.28701,-3807.4,-14554,18361,-1983,-7580.1,9563.1
0.28718,-2567.6,-15353,17920,-1337.3,-7996.2,9333.5
0.28736,-1317,-16087,17404,-685.96,-8378.7,9064.7
0.28753,-60.965,-16754,16815,-31.753,-8726,8757.7
0.2877,1195.4,-17350,16155,622.58,-9036.5,8414
0.28788,2446.6,-17873,15427,1274.3,-9309.1,8034.8
0.28805,3687.6,-18322,14634,1920.6,-9542.5,7621.9
0.28822,4913,-18693,13780,2558.9,-9735.7,7176.9
0.28839,6117.8,-18985,12867,3186.3,-9888.1,6701.7
0.28857,7296.8,-19198,11901,3800.4,-9998.8,6198.4
0.28874,8445.1,-19330,10884,4398.5,-10067,5669
0.28891,9557.9,-19380,9822.3,4978.1,-10094,5115.8
0.28909,10630,-19349,8718.9,5536.7,-10078,4541.1
0.28926,11658,-19237,7578.8,6072.1,-10019,3947.3
0.28943,12637,-19044,6406.8,6581.9,-9918.7,3336.9
0.28961,13563,-18771,5207.9,7064,-9776.5,2712.5
0.28978,14432,-18419,3987.2,7516.4,-9593.1,2076.7
0.28995,15239,-17989,2749.7,7937.2,-9369.4,1432.1
0.29013,15983,-17484,1500.7,8324.7,-9106.3,781.61
0.2903,16660,-16905,245.38,8677.1,-8804.9,127.8
0.29047,17267,-16256,-1010.9,8993.1,-8466.5,-526.53
0.29065,17801,-15538,-2263,9271.2,-8092.6,-1178.6
0.29082,18260,-14754,-3505.5,9510.4,-7684.6,-1825.8
0.29099,18642,-13909,-4733.3,9709.6,-7244.3,-2465.3
0.29117,18946,-13005,-5941.2,9867.9,-6773.6,-3094.4
0.29134,19171,-12047,-7124,9984.8,-6274.4,-3710.4
0.29151,19315,-11038,-8276.9,10060,-5748.9,-4310.9
0.29169,19377,-9982.4,-9395,10092,-5199.2,-4893.2
0.29186,19359,-8885,-10474,10083,-4627.6,-5455
0.29203,19258,-7750.3,-11508,10030,-4036.6,-5993.8
0.29221,19077,-6583.1,-12494,9936.2,-3428.7,-6507.5
0.29238,18816,-5388.2,-13428,9800.1,-2806.3,-6993.7
0.29255,18476,-4170.7,-14305,9622.8,-2172.2,-7450.6
0.29273,18058,-2935.6,-15122,9405.2,-1529,-7876.2
0.2929,17564,-1688.3,-15876,9147.9,-879.32,-8268.6
0.29307,16996,-433.87,-16563,8852.3,-225.98,-8626.3
0.29324,16357,822.35,-17180,8519.5,428.31,-8947.8
0.29342,15650,2075.1,-17725,8150.8,1080.8,-9231.6
0.29359,14876,3319.1,-18195,7748,1728.7,-9476.7
0.29376,14040,4549.2,-18589,7312.5,2369.4,-9681.9
0.29394,13145,5760.1,-18905,6846.4,3000,-9846.4
0.29411,12195,6946.8,-19142,6351.5,3618.1,-9969.6
0.29428,11193,8104.2,-19298,5829.9,4221,-10051
0.29446,10145,9227.7,-19373,5283.9,4806.1,-10090
0.29463,9054,10312,-19366,4715.6,5371,-10087
0.2948,7924.9,11354,-19278,4127.6,5913.3,-10041
0.29498,6762.6,12347,-19110,3522.2,6430.8,-9953
0.29515,5571.8,13289,-18861,2902,6921.3,-9823.3
0.29532,4357.7,14175,-18532,2269.6,7382.7,-9652.3
0.2955,3125.3,15001,-18126,1627.8,7813,-9440.8
0.29567,1879.8,15764,-17644,979.07,8210.6,-9189.6
0.29584,626.42,16461,-17088,326.26,8573.6,-8899.9
0.29602,-629.58,17089,-16460,-327.91,8900.6,-8572.7
0.29619,-1882.9,17645,-15762,-980.69,9190.3,-8209.6
0.29636,-3128.3,18127,-14999,-1629.3,9441.3,-7812
0.29654,-4360.6,18533,-14173,-2271.1,9652.7,-7381.5
0.29671,-5574.5,18861,-13287,-2903.4,9823.5,-6920.1
0.29688,-6765,19110,-12345,-3523.4,9953.1,-6429.6
0.29706,-7927,19278,-11351,-4128.7,10041,-5912.2
0.29723,-9055.8,19366,-10310,-4716.6,10086,-5369.9
0.2974,-10146,19372,-9225.7,-5284.6,10090,-4805
0.29758,-11195,19297,-8102.4,-5830.5,10051,-4220
0.29775,-12196,19141,-6945.2,-6351.9,9969.2,-3617.3
0.29792,-13145,18904,-5758.9,-6846.6,9846,-2999.4
0.29809,-14040,18588,-4548.3,-7312.5,9681.4,-2368.9
0.29827,-14876,18194,-3318.7,-7747.7,9476.2,-1728.5
0.29844,-15649,17724,-2075.2,-8150.4,9231.3,-1080.8
0.29861,-16356,17179,-823,-8518.9,8947.5,-428.65
0.29879,-16995,16562,432.65,-8851.6,8626.2,225.34
0.29896,-17562,15876,1686.5,-9147.1,8268.7,878.37
0.29913,-18056,15123,2933.2,-9404.2,7876.5,1527.7
0.29931,-18474,14306,4167.6,-9621.8,7451.2,2170.6
0.29948,-18814,13430,5384.4,-9799,6994.7,2804.4
0.29965,-19075,12497,6578.7,-9935.1,6508.7,3426.4
0.29983,-19257,11511,7745.3,-10029,5995.5,4034
0.3,-19348,10622,8725.8,-10077,5532.4,4544.7
