time,v1,v2,i12,i34
0,5,5,10,5
0.0001,5.00942047460134,4.51013821814854,9.99506560365732,4.98564512905597
0.0002,5.0364852477734,4.04073163304234,9.98026728428271,4.94378203650931
0.0003,5.0788549558681,3.59207400480344,9.9556196460308,4.8767646901627
0.0004,5.13429868755619,3.16433708570396,9.92114701314478,4.78684832558859
0.0005,5.20069484405814,2.75758139783182,9.87688340595138,4.67618856189324
0.0006,5.27603143781378,2.37176651001914,9.82287250728689,4.54684106947311
0.0007,5.3584058809903,2.00676081280215,9.75916761938747,4.40076173839718
0.0008,5.44602431272633,1.66235079269032,9.68583161128631,4.23980729855998
0.0009,5.53720051151384,1.33824980928706,9.60293685676943,4.06573634525558
0.001,5.63035443664098,1.03410638083589,9.51056516295154,3.88021072631056
0.0011,5.72401044016809,0.74951198557876,9.40880768954225,3.68479724937416
0.0012,5.81679518849486,0.48400838791744,9.29776485888251,3.48096967038765
0.0013,5.90743533020664,0.237094499778177,9.17754625683981,3.27011092663317
0.0014,5.99475494457031,0.00823278880569481,9.04827052466019,3.05351558008988
0.0015,6.07767280278985,-0.203144753933949,8.91006524188368,2.83239243909383
0.0016,6.15519947193484,-0.39763107316884,8.76306680043864,2.6078673285038
0.0017,6.22643428932586,-0.575838921238686,8.60742027003944,2.38098598071358
0.0018,6.29056223310279,-0.738396127593304,8.44327925502015,2.15271702191736
0.0019,6.34685071271835,-0.885941250574978,8.27080574274562,1.92395503002727
0.002,6.39464630119251,-1.01911959573003,8.09016994374947,1.69552364255697
0.0021,6.4333714291351,-1.13857958464638,7.9015501237569,1.4681786946218
0.0022,6.46252105879549,-1.2449694581652,7.70513242775789,1.2426113689624
0.0023,6.48165935473032,-1.3389342977572,7.5011106963046,1.01945134157428
0.0024,6.49041636609336,-1.42111334887891,7.28968627421411,0.799269908120757
0.0025,6.48848473404514,-1.49213763022418,7.07106781186548,0.582583077820332
0.0026,6.4756164363541,-1.55262781295288,6.84547105928688,0.369854622932783
0.0027,6.45161957991425,-1.60319235420548,6.61311865323652,0.161499073322263
0.0028,6.41635525063621,-1.64442586949217,6.3742398974869,-0.0421153531493108
0.0029,6.36973442897683,-1.67690772887173,6.12907053652976,-0.240663892447066
0.003,6.3117149782567,-1.70120086220291,5.87785252292473,-0.433862455331972
0.0031,6.24229871187184,-1.71785075915364,5.6208337785213,-0.621464933350537
0.0032,6.16152854453478,-1.72738465008594,5.35826794978997,-0.803260594744813
0.0033,6.06948573177811,-1.73031085439165,5.09041415750371,-0.979071574274399
0.0034,5.96628720111854,-1.72711828333243,4.81753674101715,-1.14875046010139
0.0035,5.85208297750892,-1.71827608493131,4.53990499739547,-1.31217798011345
0.0036,5.72705370499756,-1.70423341896965,4.25779291565073,-1.46926078934684
0.0037,5.59140826586521,-1.68541935065879,3.97147890634781,-1.6199293595174
0.0038,5.44538149791835,-1.66224285207621,3.68124552684678,-1.76413597107157
0.0039,5.28923201008033,-1.63509290097928,3.38737920245291,-1.90185280762741
0.004,5.12324009593606,-1.60433866713284,3.09016994374947,-2.03307015218659
0.0041,4.94770574444986,-1.57032977680684,2.78991106039229,-2.15779468405757
0.0042,4.76294674668617,-1.53339664661577,2.48689887164854,-2.27604787503762
0.0043,4.56929689701727,-1.49385087838019,2.18143241396542,-2.38786448305185
0.0044,4.36710428699764,-1.45198570719021,1.87381314585725,-2.49329114114039
0.0045,4.1567296898195,-1.40807649534048,1.56434465040231,-2.59238503941719
0.0046,3.93854503303525,-1.36238126528426,1.25333233564305,-2.6852126973922
0.0047,3.71293195703777,-1.31514126521949,0.941083133185143,-2.77184882385263
0.0048,3.48028045662687,-1.26658156137107,0.627905195293131,-2.85237526133374
0.0049,3.24098760285676,-1.21691165147072,0.314107590781282,-2.92688001207548
0.005,2.9954563422536,-1.16632609435743,1.33226762955019e-15,-2.99545634225359
0.0051,2.74409437041141,-1.1150051510273,-0.314107590781284,-3.0582019611927
0.0052,2.48731307691737,-1.06311543285119,-0.627905195293138,-3.11521827221051
0.0053,2.22552655852102,-1.0108105530517,-0.941083133185145,-3.16660969170617
0.0054,1.95915069744567,-0.958231777887303,-1.25333233564304,-3.21248303308872
0.0055,1.6886023017407,-0.905508674330692,-1.56434465040231,-3.25294695214301
0.0056,1.41429830459051,-0.85275975135134,-1.87381314585724,-3.28811145044776
0.0057,1.13665501952714,-0.800093092217697,-2.18143241396542,-3.31808743349256
0.0058,0.856087448537157,-0.747606975523767,-2.48689887164855,-3.34298632018571
0.0059,0.573008640109137,-0.69539048291743,-2.78991106039229,-3.36291970050143
0.006,0.287829094332994,-0.643524091764377,-3.09016994374947,-3.37799903808247
0.0061,0.000956212236636,-0.592080251222135,-3.38737920245292,-3.38833541468955
0.0062,-0.287206213373227,-0.541123940423842,-3.68124552684678,-3.39403931347356
0.0063,-0.576258468211356,-0.490713207681471,-3.97147890634781,-3.39522043813645
0.0064,-0.865805350507434,-0.440899689813561,-4.25779291565073,-3.39198756514329
0.0065,-1.15545657114716,-0.391729110883712,-4.53990499739547,-3.38444842624831
0.0066,-1.44482712231459,-0.343241759803599,-4.81753674101715,-3.37270961870256
0.0067,-1.73353761688559,-0.295472946408557,-5.09041415750371,-3.35687654061813
0.0068,-2.0212146007169,-0.248453435755307,-5.35826794978997,-3.33705334907307
0.0069,-2.3074908398688,-0.202209860520931,-5.62083377852131,-3.31334293865251
0.007,-2.59200558469212,-0.156765111499993,-5.87785252292473,-3.28584693823261
0.0071,-2.87440481260352,-0.112138706303453,-6.12907053652977,-3.25466572392625
0.0072,-3.15434145126668,-0.0683471364592901,-6.3742398974869,-3.21989844622022
0.0073,-3.43147558379161,-0.0254041932009643,-6.61311865323652,-3.18164306944491
0.0074,-3.70547463746088,0.0166787276933148,-6.84547105928689,-3.13999642182601
0.0075,-3.97601355738955,0.0578923415797422,-7.07106781186548,-3.09505425447593
0.0076,-4.24277496642636,0.0982292106561181,-7.28968627421412,-3.04691130778776
0.0077,-4.50544931250653,0.137683499155241,-7.5011106963046,-2.99566138379807
0.0078,-4.7637350045726,0.176250747438337,-7.70513242775789,-2.9413974231853
0.0079,-5.01733853808853,0.213927664365087,-7.9015501237569,-2.88421158566837
0.008,-5.26597461108443,0.250711937285864,-8.09016994374947,-2.82419533266505
0.0081,-5.50936623158471,0.286602058976874,-8.27080574274562,-2.7614395111609
0.0082,-5.74724481719163,0.321597170819433,-8.44327925502015,-2.69603443782853
0.0083,-5.97935028751825,0.35569692151029,-8.60742027003944,-2.62806998252118
0.0084,-6.20543115009182,0.38890134058013,-8.76306680043864,-2.55763565034682
0.0085,-6.42524458027747,0.421210725992127,-8.91006524188368,-2.48482066160621
0.0086,-6.63855649570679,0.452625545090787,-9.0482705246602,-2.40971402895341
0.0087,-6.84514162563223,0.4831463481734,-9.17754625683981,-2.33240463120759
0.0088,-7.04478357556996,0.512773693961676,-9.29776485888251,-2.25298128331256
0.0089,-7.23727488753826,0.541508086259198,-9.40880768954225,-2.17153280200399
0.009,-7.42241709614687,0.569349921091018,-9.51056516295153,-2.08814806680466
0.0091,-7.6000207807447,0.596299443634663,-9.60293685676943,-2.00291607602473
0.0092,-7.76990561378873,0.622356714266747,-9.68583161128631,-1.91592599749758
0.0093,-7.93190040555586,0.647521583066074,-9.75916761938747,-1.82726721383161
0.0094,-8.08584314528146,0.671793672132333,-9.82287250728689,-1.73702936200543
0.0095,-8.23158103877405,0.695172365098876,-9.87688340595138,-1.64530236717733
0.0096,-8.36897054252414,0.717656803238686,-9.92114701314478,-1.55217647062064
0.0097,-8.49787739429659,0.73924588758398,-9.9556196460308,-1.45774225173421
0.0098,-8.61817664017085,0.759938286502025,-9.98026728428272,-1.36209064411187
0.0099,-8.72975265797048,0.779732448192334,-9.99506560365732,-1.26531294568684
0.01,-8.83249917700354,0.79862661759343,-10,-1.16750082299645
0.0101,-8.92631929401819,0.816618857210563,-9.99506560365731,-1.06874630963912
0.0102,-9.01112548526262,0.833707071399101,-9.98026728428272,-0.969141799020102
0.0103,-9.08683961452629,0.849889033661655,-9.9556196460308,-0.86878003150451
0.0104,-9.15339293702884,0.865162416540135,-9.92114701314478,-0.76775407611594
0.0105,-9.21072609901463,0.879524823706975,-9.87688340595138,-0.666157306936744
0.0106,-9.25878913290509,0.892973823882448,-9.82287250728689,-0.5640833743818
0.0107,-9.29754144785595,0.905506986227246,-9.75916761938747,-0.461626171531518
0.0108,-9.32695181556442,0.917121916881445,-9.68583161128631,-0.358879795721885
0.0109,-9.34699835116962,0.927816296342332,-9.60293685676943,-0.255938505599808
0.011,-9.35766848909061,0.93758791739438,-9.51056516295154,-0.152896673860925
0.0111,-9.35895895364784,0.946434723324922,-9.40880768954226,-0.0498487358944177
0.0112,-9.35087572431706,0.954354846178698,-9.29776485888252,0.0531108654345397
0.0113,-9.33343399546916,0.9613466448234,-9.17754625683981,0.155887738629347
0.0114,-9.30665813045475,0.96740874261661,-9.0482705246602,0.258387605794557
0.0115,-9.27058160989873,0.972540064482158,-8.91006524188368,0.360516368015044
0.0116,-9.22524697407743,0.976739873220764,-8.76306680043863,0.462180173638796
0.0117,-9.17070575925928,0.980007804895979,-8.60742027003943,0.563285489219847
0.0118,-9.10701842789839,0.982343903151969,-8.44327925502015,0.663739172878236
0.0119,-9.03425429258045,0.983748652334252,-8.27080574274562,0.763448549834829
0.012,-8.95249143363031,0.984223009298611,-8.09016994374948,0.862321489880832
0.0121,-8.86181661030103,0.983768433806643,-7.9015501237569,0.960266486544126
0.0122,-8.76232516547562,0.982386917418962,-7.70513242775789,1.05719273771773
0.0123,-8.65412092382375,0.980081010808989,-7.5011106963046,1.15301022751915
0.0124,-8.53731608336769,0.976853849431404,-7.28968627421411,1.24762980915358
0.0125,-8.41203110042361,0.972709177489898,-7.07106781186547,1.34096328855814
0.0126,-8.27839456789635,0.967651370158783,-6.84547105928688,1.43292350860946
0.0127,-8.1365430869184,0.961685454022159,-6.61311865323652,1.52342443368189
0.0128,-7.98662113183595,0.954817125703065,-6.3742398974869,1.61238123434905
0.0129,-7.82878090855713,0.947052768663067,-6.12907053652977,1.69971037202736
0.013,-7.66318220629036,0.938399468160181,-5.87785252292472,1.78532968336564
0.0131,-7.48999224271273,0.928865024359963,-5.6208337785213,1.86915846419143
0.0132,-7.30938550262053,0.918457963601055,-5.35826794978996,1.95111755283057
0.0133,-7.12154357012665,0.90718754782226,-5.09041415750371,2.03112941262294
0.0134,-6.92665495448086,0.895063782163724,-4.81753674101715,2.1091182134637
0.0135,-6.72491490960136,0.88209742075974,-4.53990499739547,2.18500991220589
0.0136,-6.5165252474173,0.868299970745179,-4.25779291565072,2.25873233176658
0.0137,-6.30169414513321,0.853683694501667,-3.9714789063478,2.33021523878541
0.0138,-6.08063594653767,0.838261610173395,-3.68124552684678,2.39939041969089
0.0139,-5.85357095748904,0.822047490485675,-3.38737920245291,2.46619175503612
0.014,-5.62072523572181,0.805055859902478,-3.09016994374948,2.53055529197233
0.0141,-5.38233037512714,0.787301990161787,-2.78991106039229,2.59241931473486
0.0142,-5.13862328467113,0.76880189422993,-2.48689887164854,2.65172441302258
0.0143,-4.88984596212375,0.749572318718262,-2.18143241396542,2.70841354815833
0.0144,-4.63624526278075,0.729630734807174,-1.87381314585724,2.76243211692351
0.0145,-4.3780726633693,0.708995327724093,-1.56434465040231,2.81372801296699
0.0146,-4.11558402133684,0.687684984823515,-1.25333233564305,2.8622516856938
0.0147,-3.84903932973045,0.665719282317953,-0.941083133185141,2.90795619654531
0.0148,-3.57870246788179,0.643118470709911,-0.627905195293133,2.95079727258866
0.0149,-3.30484094811982,0.61990345897552,-0.314107590781284,2.99073335733854
0.015,-3.02772565874037,0.596095797551029,6.66133814775094e-15,3.02772565874038
0.0151,-2.7476306034681,0.571717660173804,0.314107590781287,3.06173819424939
0.0152,-2.4648326376524,0.546791824629766,0.627905195293137,3.09273783294553
0.0153,-2.17961120144424,0.521341652459173,0.941083133185145,3.12069433462939
0.0154,-1.89224805020662,0.495391067672845,1.25333233564304,3.14558038584966
0.0155,-1.60302698241539,0.468964534530705,1.56434465040231,3.1673716328177
0.0156,-1.31223356531236,0.442087034434368,1.87381314585725,3.18604671116961
0.0157,-1.02015485857599,0.414784041985192,2.18143241396543,3.20158727254142
0.0158,-0.727079136278811,0.38708150025893,2.48689887164855,3.21397800792736
0.0159,-0.43329560740401,0.359005795347547,2.78991106039229,3.2232066677963
0.016,-0.139094135196024,0.330583730218443,3.09016994374947,3.2292640789455
0.0161,0.155235044377246,0.301842497940655,3.38737920245291,3.23214415807566
0.0162,0.449401604771263,0.272809654327114,3.68124552684677,3.23184392207551
0.0163,0.743115411339664,0.243513090041332,3.97147890634781,3.22836349500815
0.0164,1.03608680385479,0.213981002216249,4.25779291565073,3.22170611179595
0.0165,1.32802687879095,0.184241865632391,4.53990499739547,3.21187811860452
0.0166,1.61864777108682,0.154324403501514,4.81753674101716,3.19888896993034
0.0167,1.90766293510329,0.124257557901451,5.09041415750372,3.18275122240042
0.0168,2.19478742449363,0.0940704599069505,5.35826794978997,3.16348052529634
0.0169,2.47973817070298,0.0637923994605653,5.62083377852131,3.14109560781833
0.017,2.76223425981569,0.0334527950269057,5.87785252292474,3.11561826310905
0.0171,3.04199720746994,0.00308116307270991,6.12907053652977,3.08707332905983
0.0172,3.31875123156097,-0.0272929125855471,6.3742398974869,3.05548866592593
0.0173,3.59222352245621,-0.0576398115256147,6.61311865323652,3.02089513078031
0.0174,3.86214451044789,-0.087929907514898,6.84547105928689,2.983326548839
0.0175,4.12824813017134,-0.118133599318107,7.07106781186548,2.94281968169414
0.0176,4.39027208172028,-0.148221341478571,7.28968627421412,2.89941419249384
0.0177,4.6479580881935,-0.178163675035601,7.5011106963046,2.8531526081111
0.0178,4.90105214941101,-0.207931258140988,7.70513242775789,2.80408027834689
0.0179,5.14930479154156,-0.237494896538551,7.9015501237569,2.75224533221534
0.018,5.39247131238753,-0.266825573871445,8.09016994374948,2.69769863136195
0.0181,5.6303120220777,-0.295894481782766,8.27080574274562,2.64049372066792
0.0182,5.86259247892305,-0.324673049775665,8.44327925502015,2.5806867760971
0.0183,6.08908372019561,-0.353132974800149,8.60742027003944,2.51833654984382
0.0184,6.30956248759574,-0.381246250534355,8.76306680043864,2.45350431284289
0.0185,6.52381144717855,-0.408985196328951,8.91006524188368,2.38625379470513
0.0186,6.73161940351587,-0.436322485784103,9.0482705246602,2.31665112114433
0.0187,6.93278150787621,-0.463231174929162,9.17754625683981,2.2447647489636
0.0188,7.12709946021107,-0.489684729976057,9.29776485888251,2.17066539867145
0.0189,7.31438170474257,-0.515657054618111,9.40880768954225,2.09442598479969
0.019,7.49444361895377,-0.541122516846785,9.51056516295153,2.01612154399777
0.0191,7.66710769578981,-0.56605597525961,9.60293685676943,1.93582916097962
0.0192,7.83220371888509,-0.590432804833368,9.68583161128631,1.85362789240122
0.0193,7.98956893063869,-0.61422892213727,9.75916761938747,1.76959868874878
0.0194,8.13904819296758,-0.637420809961789,9.82287250728689,1.68382431431931
0.0195,8.28049414057475,-0.659985541339412,9.87688340595138,1.59638926537663
0.0196,8.41376732657691,-0.681900802934477,9.92114701314478,1.50737968656787
0.0197,8.53873636034414,-0.703144917779969,9.9556196460308,1.41688328568666
0.0198,8.65527803741203,-0.723696867339946,9.98026728428271,1.32498924687068
0.0199,8.76327746133459,-0.743536312877055,9.99506560365731,1.23178814232272
0.02,8.8626281573547,-0.762643616105353,10,1.1373718426453
0.0201,8.95323217777687,-0.780999859109468,9.99506560365732,1.04183342588045
0.0202,9.03500019893579,-0.798586863511919,9.98026728428272,0.945267085346928
0.0203,9.10785160966229,-0.815387208871185,9.9556196460308,0.847768036368507
0.0204,9.17171459115731,-0.831384250293966,9.92114701314478,0.749432421987468
0.0205,9.22652618819276,-0.846562135245823,9.87688340595138,0.650357217758622
0.0206,9.27223237156725,-0.860905819545249,9.82287250728689,0.550640135719642
0.0207,9.30878809175319,-0.874401082526998,9.75916761938747,0.450379527634281
0.0208,9.33615732368082,-0.887034541361365,9.68583161128631,0.349674287605495
0.0209,9.35431310261337,-0.898793664516889,9.60293685676942,0.248623754156059
0.021,9.36323755107698,-0.909666784354807,9.51056516295154,0.147327611874556
0.0211,9.36292189681731,-0.919643108844456,9.40880768954225,0.0458857927249435
0.0212,9.35336648176437,-0.92871273238955,9.29776485888252,-0.0556016228818507
0.0213,9.33458076199572,-0.936866645756315,9.17754625683981,-0.157034505155908
0.0214,9.30658329869736,-0.944096745095011,9.04827052466019,-0.258312774037171
0.0215,9.26940174013057,-0.950395840047603,8.91006524188368,-0.359336498246894
0.0216,9.22307279462185,-0.955757660934811,8.76306680043863,-0.460005994183223
0.0217,9.1676421946024,-0.96017686501696,8.60742027003944,-0.56022192456296
0.0218,9.1031646517319,-0.963649041823717,8.44327925502015,-0.659885396711751
0.0219,9.02970380315102,-0.966170717548743,8.27080574274562,-0.7588980604054
0.022,8.94733214891504,-0.967739358506172,8.09016994374947,-0.857162205165575
0.0221,8.8561309806706,-0.96835337364665,7.90155012375691,-0.954580856913693
0.0222,8.75619030164551,-0.968012116131669,7.70513242775789,-1.05105787388763
0.0223,8.64760873803095,-0.966715883965532,7.5011106963046,-1.14649804172635
0.0224,8.5304934418431,-0.964465919685615,7.28968627421411,-1.24080716762899
0.0225,8.40495998536062,-0.961264409111892,7.07106781186547,-1.33389217349514
0.0226,8.27113224724182,-0.957114479158182,6.84547105928688,-1.42566118795494
0.0227,8.12914229043447,-0.952020194707892,6.61311865323652,-1.51602363719795
0.0228,7.97913023199857,-0.945986554558306,6.3742398974869,-1.60489033451168
0.0229,7.82124410497109,-0.939019486438136,6.12907053652977,-1.69217356844133
0.023,7.65563971240899,-0.931125841103959,5.87785252292473,-1.77778718948426
0.0231,7.48248047375497,-0.92231338552208,5.62083377852129,-1.86164669523368
0.0232,7.3019372636779,-0.912590795143073,5.35826794978997,-1.94366931388793
0.0233,7.114188243547,-0.901967645277414,5.09041415750371,-2.02377408604329
0.0234,6.91941868570686,-0.890454401580903,4.81753674101716,-2.1018819446897
0.0235,6.71782079072652,-0.878062409660206,4.53990499739546,-2.17791579333106
0.0236,6.50959349780378,-0.864803883808741,4.25779291565074,-2.25180058215304
0.0237,6.29494228851173,-0.850691894884942,3.97147890634781,-2.32346338216393
0.0238,6.07407898408197,-0.835740357344743,3.68124552684676,-2.39283345723521
0.0239,5.84722153642454,-0.819964015441832,3.38737920245292,-2.45984233397163
0.024,5.61459381309126,-0.803378428609441,3.09016994374946,-2.5244238693418
0.0241,5.37642537639525,-0.785999956038212,2.7899110603923,-2.58651431600295
0.0242,5.13295125690451,-0.767845740466014,2.48689887164854,-2.64605238525597
0.0243,4.88441172153387,-0.748933691195427,2.18143241396542,-2.70297930756845
0.0244,4.63105203646419,-0.729282466356337,1.87381314585724,-2.75723889060695
0.0245,4.37312222512321,-0.708911454430926,1.5643446504023,-2.8087775747209
0.0246,4.11087682146721,-0.687840755059666,1.25333233564304,-2.85754448582417
0.0247,3.84457461880728,-0.666091159147283,0.941083133185141,-2.90349148562214
0.0248,3.57447841442824,-0.643684128288462,0.627905195293134,-2.9465732191351
0.0249,3.30085475025269,-0.620641773533679,0.314107590781267,-2.98674715947143
0.025,3.02397364980636,-0.596986833516121,3.5527136788005e-15,-3.02397364980636
0.0251,2.74410835174435,-0.572742651961529,-0.314107590781295,-3.05821594252565
0.0252,2.46153504020203,-0.547933154602816,-0.627905195293126,-3.08944023549515
0.0253,2.17653257223624,-0.522582825522775,-0.941083133185152,-3.11761570542139
0.0254,1.88938220262677,-0.496716682947682,-1.25333233564305,-3.14271453826982
0.0255,1.6003673063092,-0.470360254516184,-1.56434465040231,-3.16471195671152
0.0256,1.30977309871377,-0.443539552047497,-1.87381314585725,-3.18358624457102
0.0257,1.01788635428615,-0.416281045833984,-2.18143241396543,-3.19931876825158
0.0258,0.724995123468312,-0.388611638483399,-2.48689887164855,-3.21189399511686
0.0259,0.431388448418734,-0.360558638336582,-2.78991106039231,-3.22129950881104
0.026,0.137356077752892,-0.332149732486753,-3.09016994374949,-3.22752602150238
0.0261,-0.156811819414501,-0.303412959427105,-3.38737920245293,-3.23056738303842
0.0262,-0.450824939842974,-0.274376681353467,-3.68124552684679,-3.23042058700381
0.0263,-0.744393132672883,-0.245069556149438,-3.97147890634781,-3.22708577367493
0.0264,-1.03722668578216,-0.215520509081535,-4.25779291565073,-3.22056622986858
0.0265,-1.32903661171052,-0.185758704232223,-4.53990499739547,-3.21086838568495
0.0266,-1.61953493286891,-0.155813515698955,-4.81753674101715,-3.19800180814824
0.0267,-1.90843496575251,-0.125714498587585,-5.09041415750371,-3.1819791917512
0.0268,-2.19545160387684,-0.0954913598286951,-5.35826794978997,-3.16281634591313
0.0269,-2.48030159915757,-0.0651739288455865,-5.6208337785213,-3.14053217936373
0.027,-2.76270384145638,-0.0347921281027875,-5.87785252292473,-3.11514868146835
0.0271,-3.04237963601676,-0.00437594356410422,-6.12907053652977,-3.08669090051301
0.0272,-3.31905297851609,0.0260446049107596,-6.37423989748691,-3.05518691897081
0.0273,-3.59245082746234,0.0564394932017623,-6.61311865323652,-3.02066782577419
0.0274,-3.86230337366661,0.0867787225672157,-6.84547105928689,-2.98316768562028
0.0275,-4.1283443065255,0.11703234925634,-7.07106781186548,-2.94272350533998
0.0276,-4.39031107685048,0.147170514066539,-7.28968627421412,-2.89937519736364
0.0277,-4.64794515598487,0.177163471816312,-7.5011106963046,-2.85316554031972
0.0278,-4.90099229095267,0.206981620704762,-7.70513242775789,-2.80414013680522
0.0279,-5.14920275538738,0.236595531528786,-7.9015501237569,-2.75234736836952
0.028,-5.39233159599326,0.265975976729194,-8.09016994374947,-2.69783834775621
0.0281,-5.63013887429565,0.295093959237119,-8.27080574274562,-2.64066686844997
0.0282,-5.86238990344186,0.32392074109232,-8.44327925502016,-2.5808893515783
0.0283,-6.08885547981891,0.35242787180521,-8.60742027003944,-2.51856479022053
0.0284,-6.3093121092595,0.380587216434607,-8.76306680043864,-2.45375469117914
0.0285,-6.52354222761297,0.408370983353627,-8.91006524188368,-2.38652301427071
0.0286,-6.73133441546366,0.435751751676301,-9.0482705246602,-2.31693610919654
0.0287,-6.93248360678461,0.462702498317932,-9.17754625683981,-2.2450626500552
0.0288,-7.1267912913209,0.489196624662487,-9.29776485888252,-2.17097356756162
0.0289,-7.31406571050263,0.515207982810818,-9.40880768954225,-2.09474197903962
0.029,-7.49412204669455,0.54071090138373,-9.51056516295153,-2.01644311625699
0.0291,-7.66678260559523,0.565680210854603,-9.60293685676943,-1.9361542511742
0.0292,-7.83187699160606,0.590091268386498,-9.68583161128631,-1.85395461968025
0.0293,-7.98924227599681,0.613919982149291,-9.75916761938747,-1.76992534339066
0.0294,-8.13872315770196,0.637142835092919,-9.82287250728689,-1.68414934958493
0.0295,-8.28017211658904,0.659736908153203,-9.87688340595138,-1.59671128936234
0.0296,-8.41344955904774,0.681679902867471,-9.92114701314478,-1.50769745409703
0.0297,-8.53842395575617,0.702950163377624,-9.9556196460308,-1.41719569027463
0.0298,-8.65497197148827,0.723526697798977,-9.98026728428272,-1.32529531279444
0.0299,-8.76297858683433,0.743389198933794,-9.99506560365732,-1.23208701682299
0.03,-8.86233721171446,0.762518064309094,-10,-1.13766278828554
0.0301,-8.95294979057306,0.78089441551898,-9.99506560365731,-1.04211581308425
0.0302,-9.03472689915046,0.798500116852408,-9.98026728428271,-0.945540385132258
0.0303,-9.10758783273618,0.815317793188026,-9.9556196460308,-0.848031813294617
0.0304,-9.17146068581689,0.831330847138438,-9.92114701314478,-0.749686327327883
0.0305,-9.2262824230403,0.846523475426977,-9.87688340595138,-0.650600982911074
0.0306,-9.27199894142507,0.860880684480848,-9.82287250728688,-0.550873565861811
0.0307,-9.30856512375537,0.87438830522525,-9.75916761938747,-0.450602495632104
0.0308,-9.3359448831073,0.887033007063881,-9.68583161128631,-0.349886728179017
0.0309,-9.35411119846338,0.898802311032049,-9.60293685676943,-0.248825658306052
0.031,-9.36304614137991,0.909684602109402,-9.51056516295154,-0.147519021571627
0.0311,-9.36274089368083,0.919669140680135,-9.40880768954225,-0.0460667958614164
0.0312,-9.35319575616078,0.928746073129346,-9.29776485888251,0.0554308972782681
0.0313,-9.33442014828861,0.936906441565158,-9.17754625683981,0.156873891448805
0.0314,-9.30643259891184,0.944142192656902,-9.04827052466019,0.258162074251652
0.0315,-9.26926072797105,0.950446185580741,-8.91006524188368,0.359195486087373
0.0316,-9.22294121924239,0.955812199064845,-8.76306680043864,0.459874418803757
0.0317,-9.16751978413511,0.960234937527158,-8.60742027003944,0.560099514095669
0.0318,-9.10305111657976,0.963710036299747,-8.44327925502015,0.659771861559604
0.0319,-9.0295988390517,0.966234065934519,-8.27080574274561,0.758793096306089
0.032,-8.94723543978315,0.967804535586076,-8.09016994374948,0.857065496033676
0.0321,-8.85604220122566,0.968419895468443,-7.9015501237569,0.954492077468769
0.0322,-8.75610911983384,0.968079538383037,-7.7051324277579,1.05097669207594
0.0323,-8.64753481724916,0.966783800316686,-7.50111069630459,1.14642412094457
0.0324,-8.530426442972,0.964533960108723,-7.28968627421412,1.24074016875788
0.0325,-8.40489956861735,0.961332238187888,-7.07106781186547,1.33383175675188
0.0326,-8.27107807385914,0.957181794379891,-6.84547105928687,1.42560701457227
0.0327,-8.12909402417538,0.952086724788091,-6.61311865323652,1.51597537093887
0.0328,-7.97908754051485,0.946052057750278,-6.37423989748688,1.60484764302797
0.0329,-7.82120666101413,0.939083748875385,-6.12907053652977,1.69213612448436
0.033,-7.65560719490111,0.931188675165371,-5.87785252292472,1.77775467197639
0.0331,-7.4824525687296,0.92237462822764,-5.6208337785213,1.86161879020831
0.0332,-7.30191366509638,0.912650306585123,-5.35826794978996,1.94364571530643
0.0333,-7.1141686540001,0.902025307091268,-5.09041415750371,2.02375449649639
0.0334,-6.91940281700837,0.89051011545861,-4.81753674101715,2.10186607599123
0.0335,-6.71780836440669,0.878116095910171,-4.53990499739546,2.17790336701123
0.0336,-6.50958424550942,0.864855479963948,-4.25779291565071,2.25179132985871
0.0337,-6.29493595232032,0.850741354361483,-3.97147890634781,2.32345704597252
0.0338,-6.07407531673611,0.835787648152606,-3.68124552684676,2.39282978988934
0.0339,-5.84722030149347,0.820009118948748,-3.38737920245292,2.45984109904055
0.034,-5.61459478506552,0.80342133835887,-3.09016994374946,2.52442484131606
0.0341,-5.37642834072035,0.786040676621831,-2.7899110603923,2.58651728032805
0.0342,-5.13295600995932,0.767884286450921,-2.48689887164854,2.64605713831078
0.0343,-4.88441807055907,0.748970086105949,-2.18143241396542,2.70298565659365
0.0344,-4.63105979944583,0.729316741710081,-1.87381314585724,2.75724665358859
0.0345,-4.37313123063626,0.70894364882852,-1.5643446504023,2.80878658023395
0.0346,-4.11088690848366,0.68787091332739,-1.25333233564304,2.85755457284062
0.0347,-3.84458563647298,0.666119331531651,-0.941083133185143,2.90350250328783
0.0348,-3.57449022181261,0.643710369701648,-0.627905195293117,2.9465850265195
0.0349,-3.30086721607512,0.620666142848478,-0.314107590781286,2.98675962529383
0.035,-3.0239866521425,0.597009392909274,1.28785870856518e-14,3.02398665214252
0.0351,-2.74412177771619,0.572763466303585,0.314107590781276,3.05822936849747
0.0352,-2.46154878565407,0.547952290893475,0.627905195293143,3.08945398094721
0.0353,-2.1765465414013,0.522600352369561,0.94108313318515,3.11762967458645
0.0354,-1.88939630778344,0.496732670086778,1.25333233564305,3.14272864342648
0.0355,-1.60038146743374,0.470374772373344,1.56434465040231,3.16472611783606
0.0356,-1.3097872431285,0.443552671337496,1.87381314585725,3.18360038898575
0.0357,-1.01790041630633,0.41629283719679,2.18143241396543,3.19933283027176
0.0358,-0.725009044049333,0.388622172155307,2.48689887164855,3.21190791569788
0.0359,-0.431402174805321,0.360567983854545,2.78991106039229,3.22131323519761
0.036,-0.13736956313172,0.332157958424204,3.09016994374949,3.22753950688121
0.0361,0.15679861625732,0.303420133159405,3.38737920245291,3.23058058619559
0.0362,0.450812054858583,0.274382868851478,3.68124552684679,3.23043347198821
0.0363,0.744380596879237,0.245074821799294,3.9714789063478,3.22709830946856
0.0364,1.03721452558583,0.215524915529212,4.25779291565073,3.2205783900649
0.0365,1.32902484921972,0.185762312251066,4.53990499739549,3.21088014817577
0.0366,1.6195235861972,0.155816384078761,4.81753674101715,3.19801315481996
0.0367,1.9084240493127,0.125716684043711,5.09041415750373,3.18199010819103
0.0368,2.1954411286644,0.0954929169295823,5.35826794978996,3.16282682112557
0.0369,2.48029157302348,0.0651749099574968,5.62083377852132,3.14054220549784
0.037,2.76269426936885,0.0347925833501736,5.87785252292474,3.1151582535559
0.0371,3.04237052031184,0.00437592080447793,6.12907053652977,3.08670001621793
0.0372,3.31904431913696,-0.0260450600987957,6.3742398974869,3.05519557834994
0.0373,3.59244262218719,-0.0564403375185348,6.61311865323652,3.02067603104934
0.0374,3.86229561832514,-0.0867799149811367,6.84547105928689,2.98317544096175
0.0375,4.12833699520412,-0.11703385098331,7.07106781186548,2.94273081666136
0.0376,4.39030420208627,-0.147172288540622,7.28968627421412,2.89938207212785
0.0377,4.64793870894845,-0.177165484652646,7.50111069630461,2.85317198735616
0.0378,4.90098626162014,-0.206983839655644,7.70513242775789,2.80414616613775
0.0379,5.14919713270171,-0.236597926433724,7.90155012375691,2.7523529910552
0.038,5.39232636801507,-0.265978519459844,8.09016994374947,2.6978435757344
0.0381,5.63013402834399,-0.29509662363773,8.27080574274562,2.64067171440164
0.0382,5.86238542622503,-0.323923502916527,8.44327925502015,2.58089382879513
0.0383,6.08885135755579,-0.352430708649699,8.60742027003944,2.51856891248364
0.0384,6.30930832779166,-0.380590107670363,8.76306680043864,2.45375847264698
0.0385,6.52353877250789,-0.40837391005527,8.91006524188368,2.38652646937579
0.0386,6.73133127210945,-0.435754696550043,9.04827052466019,2.31693925255075
0.0387,6.93248076047657,-0.462705445628616,9.17754625683982,2.24506549636324
0.0388,7.12678872734028,-0.489199560160185,9.29776485888251,2.17097613154223
0.0389,7.314063414188,-0.515210893657288,9.40880768954226,2.09474427535426
0.039,7.49412000350604,-0.540713776079231,9.51056516295153,2.01644515944549
0.0391,7.66678080117217,-0.565683039165238,9.60293685676944,1.93615605559726
0.0392,7.83187541181819,-0.590094041272492,9.68583161128631,1.85395619946812
0.0393,7.9892409069896,-0.613922691694385,9.75916761938748,1.76992671239788
0.0394,8.13872198593626,-0.637145474435153,9.82287250728689,1.68415052135064
0.0395,8.28017112887547,-0.659739471417263,9.87688340595138,1.59671227707591
0.0396,8.41344874257619,-0.681682385098772,9.92114701314478,1.50769827056859
0.0397,8.53842329812059,-0.702952560478305,9.9556196460308,1.41719634791021
0.0398,8.6549714607073,-0.723529006465885,9.98026728428271,1.32529582357542
0.0399,8.76297821136783,-0.743391416598594,9.99506560365732,1.23208739228948
0.04,8.86233696047648,-0.762520189080599,10,1.13766303952352
0.0401,8.95294965294133,-0.780896446127721,9.99506560365731,1.04211595071598
0.0402,9.03472686497281,-0.798502052597536,9.98026728428271,0.945540419309904
0.0403,9.10758789233412,-0.815319633886555,9.9556196460308,0.84803175369668
0.0404,9.17146082998656,-0.831332593076853,9.92114701314478,0.749686183158211
0.0405,9.22628264305113,-0.846525127315212,9.87688340595138,0.650600762900249
0.0406,9.27199922901625,-0.860882243408635,9.82287250728688,0.550873278270634
0.0407,9.30856547113047,-0.874389772620794,9.75916761938748,0.450602148257004
0.0408,9.33594528292718,-0.887034384654889,9.68583161128631,0.349886328359124
0.0409,9.35411164383762,-0.898803600809004,9.60293685676943,0.248825212931815
0.041,9.36304662585683,-0.909685806291113,9.51056516295153,0.1475185370947
0.0411,9.36274141123652,-0.919670261681452,9.40880768954225,0.0460662783057331
0.0412,9.35319630118699,-0.928747113531041,9.29776485888251,-0.0554314423044809
0.0413,9.33442071557995,-0.936907404085854,9.17754625683981,-0.156874458740138
0.0414,9.30643318365216,-0.944143080127037,9.04827052466019,-0.258162658991966
0.0415,9.26926132571935,-0.950447000918467,8.91006524188368,-0.359196083835671
0.0416,9.22294182591825,-0.955812945253802,8.76306680043863,-0.459875025479619
0.0417,9.1675203960038,-0.960235617596052,8.60742027003944,-0.560100125964363
0.0418,9.10305173023711,-0.963710653303673,8.44327925502014,-0.659772475216969
0.0419,9.02959945140888,-0.96623462293789,8.27080574274562,-0.758793708663264
0.042,8.94723604805131,-0.967805035647211,8.09016994374947,-0.85706610430184
0.0421,8.8560428029007,-0.968420341625535,7.9015501237569,-0.954492679143803
0.0422,8.7561097126812,-0.968079933641682,7.70513242775789,-1.05097728492331
0.0423,8.64753539928887,-0.966784147638633,7.50111069630459,-1.14642470298428
0.0424,8.53042701246379,-0.964534262402007,7.28968627421411,-1.24074073824968
0.0425,8.40490012404622,-0.961332498298063,7.07106781186547,-1.33383231218074
0.0426,8.27107861392106,-0.95718201508247,6.84547105928689,-1.42560755463418
0.0427,8.12909454776347,-0.952086908782015,6.61311865323652,-1.51597589452695
0.0428,7.97908804670586,-0.946052207652325,6.37423989748689,-1.60484814921897
0.0429,7.82120714905538,-0.939083867215573,6.12907053652977,-1.69213661252562
0.043,7.65560766419786,-0.931188764383159,5.87785252292472,-1.77775514127314
0.0431,7.48245301883284,-0.922374690668945,5.62083377852131,-1.86161924031153
0.0432,7.30191409569107,-0.912650344500081,5.35826794978996,-1.94364614590112
0.0433,7.11416906489397,-0.902025322632611,5.09041415750369,-2.02375490739028
0.0434,6.91940320812118,-0.890510110680692,4.81753674101715,-2.10186646710403
0.0435,6.71780873575985,-0.878116072768599,4.53990499739545,-2.1779037383644
0.0436,6.50958459721634,-0.864855440315606,4.25779291565073,-2.25179168156562
0.0437,6.29493628457702,-0.850741299965182,3.97147890634779,-2.32345737822923
0.0438,6.07407562981252,-0.835787580669935,3.68124552684678,-2.39283010296574
0.0439,5.84722059572502,-0.820009039945541,3.3873792024529,-2.45984139327212
0.044,5.61459506084541,-0.803421249306751,3.09016994374946,-2.52442511709594
0.0441,5.3764285984921,-0.786040578900271,2.78991106039228,-2.58651753809982
0.0442,5.13295625020994,-0.767884181349371,2.48689887164854,-2.6460573785614
0.0443,4.88441829381256,-0.748969974826317,2.18143241396544,-2.70298587984713
0.0444,4.63106000625718,-0.729316625369346,1.87381314585724,-2.75724686039994
0.0445,4.37313142158589,-0.708943528461464,1.56434465040229,-2.8087867711836
0.0446,4.11088708417222,-0.687870789889495,1.25333233564304,-2.85755474852918
0.0447,3.84458579751654,-0.666119205902147,0.941083133185127,-2.90350266433141
0.0448,3.57449036883834,-0.64371024268651,0.627905195293137,-2.94658517354521
0.0449,3.30086734971714,-0.620666015183663,0.31410759078127,-2.98675975893587
0.045,3.02398677303833,-0.597009265263763,-1.13242748511766e-14,-3.02398677303834
0.0451,2.74412188650328,-0.57276333928267,-0.314107590781293,-3.05822947728457
0.0452,2.46154888296685,-0.547952165041867,-0.627905195293142,-3.08945407825999
0.0453,2.17654662786842,-0.52260022817462,-0.94108313318515,-3.11762976105357
0.0454,1.88939638402533,-0.496732547981614,-1.25333233564305,-3.14272871966838
0.0455,1.60038153406046,-0.470374652739929,-1.56434465040231,-3.16472618446277
0.0456,1.30978730073778,-0.443552554509711,-1.87381314585725,-3.18360044659503
0.0457,1.01790046548195,-0.416292723463419,-2.18143241396544,-3.1993328794474
0.0458,0.725009085359671,-0.388622061762922,-2.48689887164855,-3.21190795700822
0.0459,0.43140220880206,-0.360567877010404,-2.78991106039231,-3.22131326919437
0.046,0.137369590348902,-0.332157855298926,-3.09016994374945,-3.22753953409835
0.0461,-0.156798595304282,-0.303420033889762,-3.38737920245291,-3.23058060714862
0.0462,-0.450812039673457,-0.274382773542838,-3.68124552684679,-3.23043348717333
0.0463,-0.74438058698559,-0.245074730528193,-3.97147890634783,-3.22709831936224
0.0464,-1.03721452052734,-0.215524828345658,-4.25779291565073,-3.22057839512339
0.0465,-1.32902484856049,-0.185762229180896,-4.53990499739545,-3.21088014883496
0.0466,-1.61952358952193,-0.155816305125823,-4.81753674101715,-3.19801315149522
0.0467,-1.90842405622658,-0.125716609191859,-5.09041415750373,-3.18199010127714
0.0468,-2.19544113879314,-0.0954928461447134,-5.35826794978996,-3.16282681099683
0.0469,-2.48029158601309,-0.06517484318941,-5.62083377852132,-3.14054219250823
0.047,-2.76269428488539,-0.0347925205343317,-5.87785252292472,-3.11515823803934
0.0471,-3.04237053804116,-0.00437586186370562,-6.12907053652977,-3.08669999848861
0.0472,-3.31904433878423,0.0260451152527903,-6.37423989748689,-3.05519555870266
0.0473,-3.59244264347652,0.0564403889836303,-6.61311865323652,-3.02067600976
0.0474,-3.86229564099908,0.0867799628634588,-6.8454710592869,-2.98317541828782
0.0475,-4.12833701902311,0.117033895395941,-7.07106781186548,-2.94273079284237
0.0476,-4.3903042268281,0.147172329602368,-7.28968627421413,-2.89938204738603
0.0477,-4.64793873440764,0.177165522486975,-7.5011106963046,-2.85317196189695
0.0478,-4.9009862876074,0.206983874389595,-7.7051324277579,-2.8041461401505
0.0479,-5.14919715904317,0.236597958197035,-7.9015501237569,-2.75235296471373
0.048,-5.39232639455177,0.265978548384005,-8.09016994374948,-2.69784354919771
0.0481,-5.63013405493113,0.295096649855252,-8.27080574274563,-2.6406716878145
0.0482,-5.86238545273136,0.323923526560187,-8.44327925502015,-2.58089380228879
0.0483,-6.08885138386293,0.352430729851879,-8.60742027003943,-2.5185688861765
0.0484,-6.30930835379344,0.380590126562459,-8.76306680043864,-2.4537584466452
0.0485,-6.52353879810969,0.408373926767173,-8.91006524188369,-2.386526443774
0.0486,-6.73133129722753,0.435754711209658,-9.04827052466021,-2.31693922743268
0.0487,-6.93248078503748,0.462705458361459,-9.1775462568398,-2.24506547180232
0.0488,-7.12678875128021,0.48919957108896,-9.29776485888251,-2.1709761076023
0.0489,-7.31406343745216,0.515210902901632,-9.40880768954226,-2.0947442520901
0.049,-7.49412002604807,0.540713783755402,-9.51056516295154,-2.01644513690347
0.0491,-7.66678082295353,0.56568304538591,-9.60293685676943,-1.9361560338159
0.0492,-7.83187543280764,0.590094046146524,-9.68583161128631,-1.85395617847866
0.0493,-7.98924092716265,0.613922695326699,-9.75916761938747,-1.76992669222483
0.0494,-8.13872200527461,0.637145476926586,-9.82287250728689,-1.68415050201228
0.0495,-8.28017114736656,0.659739472864492,-9.87688340595138,-1.59671225858482
0.0496,-8.41344876021265,0.681682385594245,-9.92114701314478,-1.50769825293213
0.0497,-8.53842331489985,0.702952560110202,-9.9556196460308,-1.41719633113095
0.0498,-8.65497147663108,0.723529005318101,-9.98026728428272,-1.32529580765164
0.0499,-8.76297822644178,0.743391414750759,-9.99506560365731,-1.23208737721553
0.05,-8.86233697470974,0.76252018660809,-10,-1.13766302529026
0.0501,-8.95294966634618,0.780896443101721,-9.99506560365732,-1.04211593731114
0.0502,-9.03472687756429,0.798502049085092,-9.98026728428272,-0.945540406718427
0.0503,-9.10758790412971,0.815319629950645,-9.9556196460308,-0.848031741901087
0.0504,-9.17146084100588,0.831332588776477,-9.92114701314478,-0.749686172138899
0.0505,-9.2262826533156,0.846525122705493,-9.87688340595138,-0.650600752635784
0.0506,-9.27199923854886,0.860882238540925,-9.82287250728689,-0.550873268738031
0.0507,-9.30856547995549,0.874389767542791,-9.75916761938747,-0.450602139431979
0.0508,-9.33594529106995,0.887034379410744,-9.6858316112863,-0.34988632021635
0.0509,-9.35411165132431,0.898803595439458,-9.60293685676944,-0.248825205445126
0.051,-9.36304663271425,0.909685800833641,-9.51056516295154,-0.147518530237288
0.0511,-9.3627414174919,0.919670256170375,-9.40880768954225,-0.046066272050353
0.0512,-9.35319630686785,0.928747107997671,-9.29776485888251,0.0554314479853456
0.0513,-9.33442072071392,0.936907398558634,-9.1775462568398,0.156874463874123
0.0514,-9.30643318826686,0.944143074631654,-9.0482705246602,0.258162663606658
0.0515,-9.26926132984221,0.950446995478042,-8.91006524188368,0.359196087958531
0.0516,-9.22294182957645,0.955812939888984,-8.76306680043863,0.459875029137824
0.0517,-9.16752039922414,0.960235612325172,-8.60742027003942,0.56010012918472
0.0518,-9.10305173304593,0.963710648142855,-8.44327925502012,0.659772478025805
0.0519,-9.02959945383198,0.966234617901201,-8.27080574274562,0.758793711086353
0.052,-8.94723605011383,0.96780503074681,-8.09016994374947,0.857066106364363
0.0521,-8.85604280462714,0.968420336871771,-7.90155012375689,0.954492680870253
0.0522,-8.75610971409531,0.968079929043216,-7.70513242775787,1.05097728633745
0.0523,-8.64753540041366,0.96678414320254,-7.5011106963046,1.14642470410906
0.0524,-8.53042701332142,0.964534258133964,-7.28968627421411,1.24074073910731
0.0525,-8.40490012465801,0.961332494202384,-7.07106781186546,1.33383231279255
0.0526,-8.27107861430749,0.95718201116224,-6.84547105928686,1.42560755502063
0.0527,-8.12909454794416,0.952086905039162,-6.61311865323653,1.51597589470762
0.0528,-7.97908804669951,0.9460522040878,-6.3742398974869,1.60484814921261
0.0529,-7.8212071488798,0.939083863829376,-6.12907053652975,1.69213661235005
0.053,-7.65560766386999,0.931188761174421,-5.87785252292471,1.77775514094528
0.0531,-7.48245301836874,0.922374687636033,-5.62083377852133,1.86161923984741
0.0532,-7.3019140951059,0.912650341640707,-5.35826794978997,1.94364614531593
0.0533,-7.11416906420203,0.902025319943869,-5.09041415750371,2.02375490669832
0.0534,-6.91940320733589,0.890510108159155,-4.81753674101713,2.10186646631875
0.0535,-6.71780873489385,0.878116070410339,-4.53990499739543,2.17790373749841
0.0536,-6.50958459628144,0.864855438116291,-4.25779291565074,2.2517916806307
0.0537,-6.29493628358421,0.85074129792017,-3.97147890634781,2.3234573772364
0.0538,-6.07407562877201,0.835787578774288,-3.68124552684677,2.39283010192524
0.0539,-5.84722059464631,0.820009038194054,-3.38737920245289,2.45984139219342
0.054,-5.61459505973728,0.803421247694015,-3.0901699437495,2.52442511598779
0.0541,-5.3764285973626,0.786040577420791,-2.7899110603923,2.5865175369703
0.0542,-5.13295624906648,0.767884179997507,-2.48689887164854,2.64605737741793
0.0543,-4.88441829266189,0.748969973596368,-2.1814324139654,2.70298587869649
0.0544,-4.63106000510547,0.729316624255549,-1.87381314585721,2.75724685924827
0.0545,-4.37313142043875,0.708943527458034,-1.56434465040233,2.80878677003643
0.0546,-4.11088708303463,0.687870788990755,-1.25333233564304,2.85755474739159
0.0547,-3.84458579639302,0.666119205102397,-0.941083133185128,2.90350266320789
0.0548,-3.57449036773288,0.643710241980155,-0.627905195293102,2.94658517243977
0.0549,-3.30086734863328,0.62066601456516,-0.314107590781235,2.98675975785205
0.055,-3.02398677197921,0.597009264727672,-7.54951656745106e-15,3.0239867719792
0.0551,-2.74412188547154,0.572763338823736,0.314107590781292,3.05822947625283
0.0552,-2.4615488819648,0.547952164654932,0.627905195293158,3.08945407725796
0.0553,-2.176546626898,0.522600227854676,0.941083133185184,3.11762976008319
0.0554,-1.88939638308818,0.496732547723777,1.25333233564303,3.14272871873121
0.0555,-1.60038153315784,0.470374652539551,1.56434465040231,3.16472618356015
0.0556,-1.30978729987071,0.443552554362279,1.87381314585726,3.18360044572797
0.0557,-1.01790046465117,0.41629272336459,2.18143241396546,3.19933287861662
0.0558,-0.725009084565689,0.388622061708526,2.48689887164853,3.21190795621422
0.0559,-0.431402208045143,0.360567876996489,2.78991106039229,3.22131326843743
0.056,-0.1373695896291,0.332157855321732,3.09016994374948,3.22753953337858
0.0561,0.156798595987054,0.303420033945662,3.38737920245294,3.23058060646588
0.0562,0.45081204031944,0.274382773628388,3.68124552684675,3.23043348652731
0.0563,0.744380587595243,0.245074730640198,3.97147890634779,3.22709831875255
0.0564,1.03721452110123,0.215524828481082,4.25779291565073,3.2205783945495
0.0565,1.3290248490993,0.185762229336869,4.53990499739549,3.21088014829618
0.0566,1.61952359002641,0.155816305299632,4.81753674101718,3.19801315099077
0.0567,1.90842405669757,0.125716609380951,5.0904141575037,3.18199010080612
0.0568,2.19544113923163,0.0954928463467806,5.35826794978996,3.16282681055834
0.0569,2.48029158642007,0.0651748434022412,5.62083377852132,3.14054219210125
0.057,2.76269428526193,0.0347925207559047,5.87785252292475,3.11515823766282
0.0571,3.04237053838836,0.00437586209212066,6.1290705365298,3.08669999814144
0.0572,3.31904433910321,-0.026045115019283,6.37423989748689,3.05519555838367
0.0573,3.59244264376847,-0.0564403887466118,6.61311865323652,3.02067600946805
0.0574,3.86229564126518,-0.0867799626243915,6.8454710592869,2.98317541802172
0.0575,4.12833701926456,-0.117033895156144,7.0710678118655,2.94273079260094
0.0576,4.39030422704609,-0.147172329363064,7.28968627421415,2.89938204716806
0.0577,4.64793873460335,-0.177165522249268,7.50111069630459,2.85317196170124
0.0578,4.90098628778203,-0.206983874154449,7.7051324277579,2.80414613997587
0.0579,5.1491971591979,-0.236597957965317,7.90155012375692,2.75235296455902
0.058,5.39232639468774,-0.265978548156521,8.09016994374946,2.69784354906172
0.0581,5.63013405504949,-0.29509664963266,8.27080574274561,2.64067168769612
0.0582,5.86238545283323,-0.323923526343072,8.44327925502015,2.58089380218692
0.0583,6.0888513839494,-0.352430729640754,8.60742027003945,2.51856888609005
0.0584,6.30930835386553,-0.380590126357783,8.76306680043862,2.4537584465731
0.0585,6.52353879816844,-0.408373926569289,8.91006524188367,2.38652644371524
0.0586,6.73133129727394,-0.435754711018862,9.04827052466019,2.31693922738626
0.0587,6.93248078507251,-0.462705458177969,9.17754625683982,2.24506547176731
0.0588,7.12678875130476,-0.489199570912969,9.29776485888253,2.17097610757776
0.0589,7.3140634374671,-0.515210902733274,9.40880768954225,2.09474425207514
0.059,7.49412002605426,-0.54071378359474,9.51056516295153,2.01644513689728
0.0591,7.66678082295177,-0.565683045232972,9.60293685676943,1.93615603381766
0.0592,7.8318754327987,-0.590094046001304,9.68583161128632,1.85395617848761
0.0593,7.98924092714724,-0.613922695189156,9.75916761938748,1.76992669224024
0.0594,8.13872200525343,-0.637145476796651,9.82287250728688,1.68415050203345
0.0595,8.28017114734026,-0.659739472742051,9.87688340595138,1.59671225861112
0.0596,8.41344876018184,-0.681682385479172,9.92114701314478,1.50769825296294
0.0597,8.53842331486511,-0.702952560002337,9.9556196460308,1.41719633116569
0.0598,8.65497147659295,-0.723529005217275,9.98026728428272,1.32529580768978
0.0599,8.76297822640075,-0.743391414656786,9.99506560365731,1.23208737725656
0.06,8.86233697466629,-0.762520186520761,10,1.13766302533371
0.0601,8.95294966630074,-0.780896443020823,9.99506560365731,1.04211593735657
0.0602,9.03472687751728,-0.798502049010393,9.98026728428271,0.945540406765438
0.0603,9.10758790408149,-0.81531962988191,9.9556196460308,0.848031741949305
0.0604,9.1714608409568,-0.831332588713469,9.92114701314478,0.749686172187977
0.0605,9.22628265326597,-0.846525122647969,9.87688340595138,0.650600752685406
0.0606,9.27199923849897,-0.860882238488633,9.82287250728688,0.550873268787912
0.0607,9.30856547990562,-0.874389767495476,9.75916761938748,0.450602139481863
0.0608,9.33594529102032,-0.887034379368165,9.68583161128631,0.349886320265993
0.0609,9.35411165127512,-0.898803595401376,9.60293685676943,0.248825205494305
0.061,9.36304663266571,-0.909685800799801,9.51056516295153,0.147518530285821
0.0611,9.36274141744418,-0.919670256140522,9.40880768954226,0.0460662720980839
0.0612,9.3531963068211,-0.92874710797158,9.29776485888252,-0.0554314479385799
0.0613,9.33442072066826,-0.936907398536068,9.17754625683981,-0.15687446382845
0.0614,9.30643318822239,-0.944143074612402,9.04827052466018,-0.258162663562207
0.0615,9.26926132979905,-0.950446995461865,8.91006524188366,-0.359196087915384
0.0616,9.22294182953469,-0.955812939875651,8.76306680043864,-0.459875029096045
0.0617,9.16752039918383,-0.960235612314489,8.60742027003944,-0.560100129144391
0.0618,9.10305173300712,-0.963710648134623,8.44327925502014,-0.65977247798698
0.0619,9.0295994537947,-0.966234617895247,8.2708057427456,-0.758793711049097
0.062,8.94723605007815,-0.967805030742905,8.09016994374949,-0.857066106328663
0.0621,8.85604280459306,-0.968420336869757,7.90155012375691,-0.954492680836148
0.0622,8.75610971406284,-0.968079929042924,7.70513242775789,-1.05097728630495
0.0623,8.64753540038277,-0.96678414320383,7.50111069630458,-1.14642470407819
0.0624,8.53042701329213,-0.964534258136657,7.28968627421409,-1.24074073907804
0.0625,8.40490012463034,-0.961332494206311,7.07106781186549,-1.33383231276485
0.0626,8.27107861428139,-0.957182011167288,6.84547105928689,-1.4256075549945
0.0627,8.12909454791957,-0.952086905045225,6.61311865323651,-1.51597589468307
0.0628,7.97908804667644,-0.946052204094727,6.37423989748687,-1.60484814918957
0.0629,7.82120714885824,-0.939083863837027,6.12907053652978,-1.69213661232845
0.063,7.65560766384987,-0.931188761182716,5.87785252292474,-1.77775514092513
0.0631,7.48245301834999,-0.9223746876449,5.6208337785213,-1.86161923982869
0.0632,7.30191409508851,-0.912650341650022,5.35826794978995,-1.94364614529856
0.0633,7.11416906418594,-0.902025319953546,5.09041415750368,-2.02375490668227
0.0634,6.9194032073211,-0.890510108169082,4.81753674101717,-2.10186646630393
0.0635,6.71780873488027,-0.878116070420474,4.53990499739547,-2.1779037374848
0.0636,6.50958459626899,-0.864855438126598,4.25779291565071,-2.25179168061828
0.0637,6.29493628357287,-0.850741297930553,3.97147890634778,-2.32345737722509
0.0638,6.07407562876173,-0.83578757878469,3.68124552684674,-2.39283010191499
0.0639,5.84722059463707,-0.820009038204392,3.38737920245292,-2.45984139218415
0.064,5.61459505972897,-0.803421247704311,3.09016994374947,-2.5244251159795
0.0641,5.37642859735519,-0.786040577430967,2.78991106039227,-2.58651753696292
0.0642,5.13295624905991,-0.767884180007527,2.48689887164851,-2.64605737741141
0.0643,4.88441829265613,-0.748969973606198,2.18143241396537,-2.70298587869076
0.0644,4.6310600051005,-0.729316624265128,1.87381314585724,-2.75724685924326
0.0645,4.37313142043445,-0.708943527467405,1.56434465040229,-2.80878677003216
0.0646,4.11088708303099,-0.687870788999861,1.25333233564301,-2.85755474738798
0.0647,3.84458579638999,-0.666119205111219,0.941083133185094,-2.9035026632049
0.0648,3.57449036773045,-0.643710241988645,0.627905195293139,-2.94658517243731
0.0649,3.30086734863138,-0.620666014573344,0.314107590781272,-2.98675975785011
0.065,3.02398677197776,-0.597009264735573,-2.68673971959288e-14,-3.02398677197779
0.0651,2.74412188547054,-0.572763338831309,-0.314107590781326,-3.05822947625187
0.0652,2.46154888196421,-0.547952164662173,-0.627905195293193,-3.08945407725741
0.0653,2.17654662689782,-0.522600227861548,-0.941083133185147,-3.11762976008297
0.0654,1.8893963830883,-0.496732547730349,-1.25333233564306,-3.14272871873136
0.0655,1.60038153315826,-0.470374652545787,-1.56434465040234,-3.16472618356061
0.0656,1.3097872998714,-0.443552554368182,-1.8738131458573,-3.1836004457287
0.0657,1.01790046465214,-0.41629272337013,-2.18143241396542,-3.19933287861756
0.0658,0.725009084566847,-0.388622061713777,-2.48689887164856,-3.21190795621541
0.0659,0.431402208046491,-0.360567877001422,-2.78991106039232,-3.22131326843881
0.066,0.137369589630614,-0.332157855326352,-3.09016994374952,-3.22753953338013
0.0661,-0.156798595985364,-0.303420033949947,-3.3873792024529,-3.23058060646754
0.0662,-0.450812040317662,-0.274382773632411,-3.68124552684678,-3.23043348652912
0.0663,-0.744380587593363,-0.245074730643933,-3.97147890634783,-3.22709831875446
0.0664,-1.03721452109927,-0.21552482848454,-4.25779291565076,-3.22057839455149
0.0665,-1.32902484909724,-0.185762229340029,-4.53990499739545,-3.21088014829821
0.0666,-1.6195235900243,-0.155816305302538,-4.81753674101715,-3.19801315099285
0.0667,-1.90842405669546,-0.125716609383643,-5.09041415750373,-3.18199010080826
0.0668,-2.19544113922949,-0.0954928463492354,-5.35826794978999,-3.1628268105605
0.0669,-2.4802915864179,-0.065174843404444,-5.62083377852129,-3.14054219210339
0.067,-2.76269428525977,-0.0347925207578958,-5.87785252292472,-3.11515823766496
0.0671,-3.04237053838621,-0.00437586209391055,-6.12907053652977,-3.08669999814356
0.0672,-3.31904433910111,0.0260451150176577,-6.37423989748691,-3.05519555838581
0.0673,-3.59244264376637,0.0564403887451946,-6.6131186532365,-3.02067600947013
0.0674,-3.86229564126311,0.0867799626231431,-6.84547105928688,-2.98317541802376
0.0675,-4.12833701926253,0.117033895155056,-7.07106781186548,-2.94273079260294
0.0676,-4.39030422704411,0.147172329362124,-7.28968627421413,-2.89938204717001
0.0677,-4.64793873460145,0.177165522248445,-7.50111069630462,-2.85317196170316
0.0678,-4.90098628778016,0.206983874153781,-7.70513242775788,-2.80414613997772
0.0679,-5.1491971591961,0.236597957964769,-7.9015501237569,-2.7523529645608
0.068,-5.39232639468602,0.265978548156065,-8.09016994374948,-2.69784354906346
0.0681,-5.63013405504783,0.295096649632311,-8.27080574274563,-2.6406716876978
0.0682,-5.86238545283162,0.323923526342839,-8.44327925502013,-2.58089380218851
0.0683,-6.08885138394786,0.352430729640608,-8.60742027003943,-2.51856888609157
0.0684,-6.30930835386407,0.380590126357699,-8.76306680043864,-2.45375844657457
0.0685,-6.52353879816705,0.40837392656928,-8.91006524188369,-2.38652644371664
0.0686,-6.73133129727262,0.43575471101892,-9.04827052466021,-2.31693922738759
0.0687,-6.93248078507125,0.462705458178101,-9.1775462568398,-2.24506547176856
0.0688,-7.12678875130357,0.489199570913152,-9.29776485888251,-2.17097610757894
0.0689,-7.31406343746599,0.515210902733494,-9.40880768954226,-2.09474425207627
0.069,-7.49412002605321,0.540713783595002,-9.51056516295154,-2.01644513689833
0.0691,-7.66678082295079,0.565683045233271,-9.60293685676944,-1.93615603381865
0.0692,-7.83187543279778,0.590094046001643,-9.68583161128631,-1.85395617848853
0.0693,-7.98924092714638,0.613922695189522,-9.75916761938748,-1.7699266922411
0.0694,-8.13872200525264,0.637145476797035,-9.82287250728689,-1.68415050203426
0.0695,-8.28017114733952,0.659739472742454,-9.87688340595138,-1.59671225861186
0.0696,-8.41344876018116,0.68168238547959,-9.92114701314479,-1.50769825296362
0.0697,-8.53842331486448,0.702952560002772,-9.9556196460308,-1.41719633116632
0.0698,-8.65497147659236,0.723529005217719,-9.98026728428272,-1.32529580769035
0.0699,-8.76297822640023,0.743391414657231,-9.99506560365732,-1.23208737725709
0.07,-8.86233697466581,0.762520186521211,-10,-1.13766302533419
0.0701,-8.95294966630031,0.780896443021272,-9.99506560365731,-1.04211593735701
0.0702,-9.03472687751688,0.798502049010838,-9.98026728428272,-0.945540406765834
0.0703,-9.10758790408114,0.815319629882355,-9.9556196460308,-0.848031741949657
0.0704,-9.17146084095648,0.831332588713908,-9.92114701314477,-0.749686172188291
0.0705,-9.22628265326569,0.846525122648403,-9.87688340595137,-0.65060075268568
0.0706,-9.27199923849873,0.860882238489053,-9.82287250728689,-0.550873268788157
0.0707,-9.3085654799054,0.874389767495894,-9.75916761938747,-0.450602139482069
0.0708,-9.33594529102013,0.887034379368571,-9.6858316112863,-0.349886320266169
0.0709,-9.35411165127497,0.898803595401771,-9.60293685676942,-0.248825205494452
0.071,-9.36304663266559,0.909685800800173,-9.51056516295154,-0.147518530285953
0.0711,-9.36274141744407,0.919670256140893,-9.40880768954225,-0.0460662720981796
0.0712,-9.35319630682101,0.928747107971938,-9.29776485888251,0.0554314479385072
0.0713,-9.3344207206682,0.936907398536413,-9.1775462568398,0.156874463828399
0.0714,-9.30643318822236,0.944143074612717,-9.0482705246602,0.258162663562161
0.0715,-9.26926132979904,0.950446995462169,-8.91006524188368,0.359196087915357
0.0716,-9.22294182953468,0.955812939875957,-8.76306680043863,0.459875029096051
0.0717,-9.16752039918383,0.96023561231478,-8.60742027003942,0.560100129144411
0.0718,-9.10305173300716,0.963710648134882,-8.44327925502017,0.659772477986995
0.0719,-9.02959945379475,0.966234617895491,-8.27080574274562,0.758793711049123
0.072,-8.94723605007819,0.967805030743156,-8.09016994374947,0.85706610632872
0.0721,-8.85604280459311,0.968420336869995,-7.90155012375689,0.954492680836217
0.0722,-8.75610971406292,0.968079929043125,-7.70513242775791,1.050977286305
0.0723,-8.64753540038286,0.966784143204019,-7.50111069630461,1.14642470407825
0.0724,-8.53042701329223,0.964534258136835,-7.28968627421411,1.24074073907811
0.0725,-8.40490012463041,0.961332494206499,-7.07106781186546,1.33383231276494
0.0726,-8.27107861428149,0.957182011167438,-6.84547105928691,1.42560755499458
0.0727,-8.12909454791968,0.952086905045363,-6.61311865323654,1.51597589468315
0.0728,-7.97908804667655,0.946052204094855,-6.3742398974869,1.60484814918965
0.0729,-7.82120714885832,0.939083863837171,-6.12907053652976,1.69213661232857
0.073,-7.65560766384995,0.931188761182848,-5.87785252292471,1.77775514092524
0.0731,-7.48245301835011,0.922374687644991,-5.62083377852133,1.86161923982878
0.0732,-7.30191409508862,0.912650341650105,-5.35826794978998,1.94364614529865
0.0733,-7.11416906418606,0.90202531995362,-5.09041415750371,2.02375490668235
0.0734,-6.91940320732118,0.890510108169177,-4.81753674101714,2.10186646630404
0.0735,-6.71780873488035,0.878116070420559,-4.53990499739544,2.17790373748491
0.0736,-6.5095845962691,0.864855438126642,-4.25779291565074,2.25179168061836
0.0737,-6.29493628357298,0.850741297930591,-3.97147890634781,2.32345737722517
0.0738,-6.07407562876183,0.835787578784723,-3.68124552684677,2.39283010191507
0.0739,-5.84722059463714,0.820009038204451,-3.38737920245289,2.45984139218425
0.074,-5.61459505972904,0.803421247704362,-3.09016994374943,2.5244251159796
0.0741,-5.37642859735529,0.786040577430979,-2.7899110603923,2.58651753696299
0.0742,-5.13295624906001,0.767884180007535,-2.48689887164854,2.64605737741147
0.0743,-4.88441829265623,0.748969973606203,-2.18143241396541,2.70298587869082
0.0744,-4.63106000510056,0.729316624265162,-1.87381314585721,2.75724685924335
0.0745,-4.37313142043454,0.708943527467401,-1.56434465040233,2.80878677003222
0.0746,-4.11088708303108,0.687870788999854,-1.25333233564305,2.85755474738803
0.0747,-3.84458579639007,0.66611920511121,-0.94108313318513,2.90350266320494
0.0748,-3.5744903677305,0.643710241988668,-0.627905195293104,2.94658517243739
0.0749,-3.30086734863143,0.62066601457336,-0.314107590781238,2.98675975785019
0.075,-3.02398677197783,0.597009264735552,-9.76996261670138e-15,3.02398677197783
0.0751,-2.74412188547061,0.572763338831287,0.314107590781289,3.0582294762519
0.0752,-2.46154888196428,0.547952164662151,0.627905195293156,3.08945407725744
0.0753,-2.17654662689785,0.522600227861559,0.941083133185181,3.11762976008303
0.0754,-1.88939638308833,0.496732547730357,1.2533323356431,3.14272871873143
0.0755,-1.60038153315833,0.470374652545758,1.56434465040231,3.16472618356063
0.0756,-1.30978729987146,0.443552554368153,1.87381314585726,3.18360044572872
0.0757,-1.01790046465216,0.416292723370134,2.18143241396546,3.19933287861762
0.0758,-0.725009084566866,0.388622061713778,2.48689887164859,3.21190795621546
0.0759,-0.431402208046509,0.36056787700142,2.78991106039235,3.22131326843886
0.076,-0.137369589630662,0.332157855326316,3.09016994374948,3.22753953338014
0.0761,0.156798595985352,0.303420033949944,3.38737920245294,3.23058060646758
0.0762,0.450812040317652,0.274382773632406,3.68124552684682,3.23043348652916
0.0763,0.744380587593356,0.245074730643927,3.97147890634786,3.2270983187545
0.0764,1.03721452109923,0.215524828484501,4.25779291565073,3.2205783945515
0.0765,1.32902484909724,0.185762229340022,4.53990499739548,3.21088014829824
0.0766,1.6195235900243,0.15581630530253,4.81753674101718,3.19801315099288
0.0767,1.90842405669546,0.125716609383633,5.09041415750375,3.18199010080829
0.0768,2.19544113922947,0.0954928463491957,5.35826794978996,3.1628268105605
0.0769,2.4802915864179,0.0651748434044337,5.62083377852131,3.14054219210341
0.077,2.76269428525977,0.0347925207578843,5.87785252292475,3.11515823766498
0.0771,3.04237053838621,0.00437586209389942,6.1290705365298,3.08669999814359
0.0772,3.31904433910109,-0.0260451150176963,6.37423989748689,3.0551955583858
0.0773,3.59244264376637,-0.056440388745205,6.61311865323652,3.02067600947015
0.0774,3.86229564126312,-0.0867799626231546,6.8454710592869,2.98317541802378
0.0775,4.12833701926254,-0.117033895155069,7.0710678118655,2.94273079260295
0.0776,4.3903042270441,-0.14717232936216,7.2896862742141,2.89938204717
0.0777,4.64793873460144,-0.177165522248477,7.50111069630459,2.85317196170315
0.0778,4.90098628778017,-0.206983874153789,7.7051324277579,2.80414613997773
0.0779,5.14919715919609,-0.2365979579648,7.90155012375688,2.75235296456079
0.078,5.39232639468601,-0.265978548156091,8.09016994374946,2.69784354906345
0.0781,5.63013405504782,-0.295096649632336,8.27080574274561,2.64067168769779
0.0782,5.86238545283163,-0.323923526342843,8.44327925502015,2.58089380218852
0.0783,6.08885138394787,-0.352430729640612,8.60742027003945,2.51856888609158
0.0784,6.30930835386407,-0.38059012635772,8.76306680043862,2.45375844657455
0.0785,6.52353879816705,-0.408373926569299,8.91006524188367,2.38652644371662
0.0786,6.73133129727262,-0.435754711018937,9.04827052466019,2.31693922738757
0.0787,6.93248078507126,-0.462705458178102,9.17754625683982,2.24506547176856
0.0788,7.12678875130358,-0.489199570913154,9.29776485888253,2.17097610757894
0.0789,7.31406343746599,-0.515210902733508,9.40880768954224,2.09474425207625
0.079,7.49412002605321,-0.540713783595014,9.51056516295153,2.01644513689832
0.0791,7.66678082295079,-0.565683045233282,9.60293685676943,1.93615603381864
0.0792,7.83187543279779,-0.590094046001646,9.68583161128632,1.85395617848853
0.0793,7.98924092714639,-0.613922695189525,9.75916761938748,1.76992669224109
0.0794,8.13872200525264,-0.637145476797041,9.82287250728689,1.68415050203425
0.0795,8.28017114733952,-0.659739472742461,9.87688340595138,1.59671225861185
0.0796,8.41344876018116,-0.681682385479595,9.92114701314478,1.50769825296362
0.0797,8.53842331486448,-0.702952560002773,9.9556196460308,1.41719633116632
0.0798,8.65497147659237,-0.72352900521772,9.98026728428272,1.32529580769035
0.0799,8.76297822640023,-0.743391414657234,9.99506560365731,1.23208737725709
0.08,8.86233697466581,-0.762520186521211,10,1.13766302533419
0.0801,8.95294966630031,-0.780896443021271,9.99506560365731,1.042115937357
0.0802,9.03472687751688,-0.79850204901084,9.98026728428271,0.945540406765829
0.0803,9.10758790408114,-0.815319629882356,9.95561964603079,0.848031741949653
0.0804,9.17146084095649,-0.831332588713906,9.92114701314478,0.74968617218829
0.0805,9.2262826532657,-0.8465251226484,9.87688340595138,0.650600752685681
0.0806,9.27199923849873,-0.860882238489056,9.82287250728688,0.550873268788151
0.0807,9.3085654799054,-0.874389767495898,9.75916761938746,0.450602139482063
0.0808,9.33594529102013,-0.887034379368576,9.68583161128629,0.34988632026616
0.0809,9.35411165127497,-0.898803595401766,9.60293685676943,0.248825205494453
0.081,9.36304663266558,-0.909685800800178,9.51056516295153,0.147518530285944
0.0811,9.36274141744407,-0.919670256140897,9.40880768954224,0.0460662720981715
0.0812,9.35319630682101,-0.928747107971941,9.29776485888249,-0.0554314479385151
0.0813,9.3344207206682,-0.936907398536401,9.17754625683981,-0.156874463828392
0.0814,9.30643318822236,-0.94414307461272,9.04827052466019,-0.258162663562167
0.0815,9.26926132979903,-0.950446995462173,8.91006524188366,-0.359196087915365
0.0816,9.22294182953467,-0.955812939875961,8.76306680043861,-0.459875029096059
0.0817,9.16752039918384,-0.960235612314767,8.60742027003944,-0.560100129144401
0.0818,9.10305173300715,-0.963710648134887,8.44327925502014,-0.659772477987005
0.0819,9.02959945379474,-0.966234617895494,8.27080574274561,-0.758793711049131
0.082,8.94723605007818,-0.96780503074316,8.09016994374945,-0.857066106328729
0.0821,8.85604280459312,-0.968420336869978,7.90155012375691,-0.954492680836204
0.0822,8.7561097140629,-0.96807992904313,7.70513242775789,-1.05097728630501
0.0823,8.64753540038284,-0.966784143204025,7.50111069630458,-1.14642470407826
0.0824,8.53042701329221,-0.964534258136839,7.28968627421409,-1.24074073907812
0.0825,8.40490012463042,-0.961332494206479,7.07106781186549,-1.33383231276493
0.0826,8.27107861428148,-0.957182011167443,6.84547105928689,-1.42560755499459
0.0827,8.12909454791966,-0.952086905045369,6.61311865323651,-1.51597589468315
0.0828,7.97908804667653,-0.946052204094861,6.37423989748688,-1.60484814918966
0.0829,7.82120714885833,-0.93908386383715,6.12907053652979,-1.69213661232855
0.083,7.65560766384997,-0.93118876118283,5.87785252292474,-1.77775514092523
0.0831,7.48245301835009,-0.922374687645003,5.6208337785213,-1.86161923982879
0.0832,7.30191409508861,-0.912650341650114,5.35826794978995,-1.94364614529866
0.0833,7.11416906418607,-0.9020253199536,5.09041415750374,-2.02375490668233
0.0834,6.9194032073212,-0.890510108169159,4.81753674101717,-2.10186646630403
0.0835,6.71780873488037,-0.878116070420544,4.53990499739547,-2.1779037374849
0.0836,6.50958459626909,-0.86485543812666,4.25779291565071,-2.25179168061837
0.0837,6.29493628357296,-0.850741297930606,3.97147890634778,-2.32345737722518
0.0838,6.07407562876185,-0.835787578784706,3.6812455268468,-2.39283010191505
0.0839,5.84722059463716,-0.820009038204436,3.38737920245292,-2.45984139218423
0.084,5.61459505972906,-0.803421247704348,3.09016994374947,-2.52442511597959
0.0841,5.37642859735528,-0.786040577430999,2.78991106039227,-2.586517536963
0.0842,5.13295624906,-0.767884180007553,2.48689887164851,-2.64605737741149
0.0843,4.88441829265625,-0.748969973606187,2.18143241396544,-2.70298587869081
0.0844,4.63106000510058,-0.729316624265147,1.87381314585725,-2.75724685924333
0.0845,4.37313142043453,-0.70894352746742,1.56434465040229,-2.80878677003224
0.0846,4.11088708303106,-0.687870788999872,1.25333233564301,-2.85755474738805
0.0847,3.84458579639009,-0.666119205111193,0.941083133185167,-2.90350266320493
0.0848,3.57449036773052,-0.643710241988652,0.627905195293141,-2.94658517243738
0.0849,3.30086734863145,-0.620666014573346,0.314107590781274,-2.98675975785017
0.085,3.02398677197782,-0.597009264735572,-2.42028619368284e-14,-3.02398677197784
0.0851,2.7441218854706,-0.572763338831306,-0.314107590781323,-3.05822947625192
0.0852,2.4615488819643,-0.547952164662134,-0.627905195293119,-3.08945407725742
0.0853,2.17654662689787,-0.522600227861544,-0.941083133185145,-3.11762976008302
0.0854,1.88939638308835,-0.496732547730344,-1.25333233564306,-3.14272871873141
0.0855,1.60038153315831,-0.47037465254578,-1.56434465040234,-3.16472618356065
0.0856,1.30978729987145,-0.443552554368173,-1.87381314585729,-3.18360044572874
0.0857,1.01790046465218,-0.41629272337012,-2.18143241396542,-3.1993328786176
0.0858,0.725009084566886,-0.388622061713765,-2.48689887164856,-3.21190795621544
0.0859,0.431402208046528,-0.360567877001409,-2.78991106039232,-3.22131326843885
0.086,0.137369589630648,-0.332157855326338,-3.09016994374951,-3.22753953338016
0.0861,-0.156798595985366,-0.303420033949964,-3.38737920245297,-3.2305806064676
0.0862,-0.450812040317632,-0.274382773632393,-3.68124552684678,-3.23043348652915
0.0863,-0.744380587593336,-0.245074730643914,-3.97147890634782,-3.22709831875449
0.0864,-1.03721452109924,-0.215524828484521,-4.25779291565076,-3.22057839455152
0.0865,-1.32902484909725,-0.18576222934004,-4.53990499739551,-3.21088014829826
0.0866,-1.61952359002431,-0.155816305302545,-4.81753674101721,-3.1980131509929
0.0867,-1.90842405669544,-0.125716609383617,-5.09041415750372,-3.18199010080828
0.0868,-2.19544113922948,-0.0954928463492111,-5.35826794978999,-3.16282681056051
0.0869,-2.48029158641791,-0.0651748434044472,-5.62083377852134,-3.14054219210343
0.087,-2.76269428525978,-0.0347925207578964,-5.87785252292478,-3.115158237665
0.0871,-3.0423705383862,-0.00437586209388186,-6.12907053652977,-3.08669999814357
0.0872,-3.3190443391011,0.0260451150176858,-6.37423989748691,-3.05519555838581
0.0873,-3.59244264376639,0.0564403887451966,-6.61311865323654,-3.02067600947016
0.0874,-3.86229564126313,0.0867799626231466,-6.84547105928693,-2.98317541802379
0.0875,-4.12833701926253,0.117033895155085,-7.07106781186547,-2.94273079260294
0.0876,-4.39030422704411,0.147172329362152,-7.28968627421412,-2.89938204717001
0.0877,-4.64793873460145,0.177165522248472,-7.50111069630461,-2.85317196170316
0.0878,-4.90098628778018,0.206983874153785,-7.70513242775792,-2.80414613997774
0.0879,-5.1491971591961,0.236597957964796,-7.9015501237569,-2.7523529645608
0.088,-5.39232639468602,0.265978548156089,-8.09016994374948,-2.69784354906346
0.0881,-5.63013405504784,0.295096649632334,-8.27080574274563,-2.64067168769779
0.0882,-5.86238545283165,0.323923526342841,-8.44327925502017,-2.58089380218853
0.0883,-6.08885138394786,0.352430729640629,-8.60742027003943,-2.51856888609156
0.0884,-6.30930835386408,0.380590126357718,-8.76306680043864,-2.45375844657456
0.0885,-6.52353879816706,0.408373926569298,-8.91006524188369,-2.38652644371663
0.0886,-6.73133129727262,0.43575471101895,-9.04827052466018,-2.31693922738756
0.0887,-6.93248078507126,0.462705458178115,-9.1775462568398,-2.24506547176854
0.0888,-7.12678875130358,0.489199570913165,-9.29776485888251,-2.17097610757893
0.0889,-7.314063437466,0.515210902733504,-9.40880768954226,-2.09474425207626
0.089,-7.49412002605322,0.540713783595013,-9.51056516295155,-2.01644513689832
0.0891,-7.66678082295079,0.565683045233291,-9.60293685676942,-1.93615603381863
0.0892,-7.83187543279779,0.590094046001654,-9.68583161128631,-1.85395617848852
0.0893,-7.98924092714639,0.613922695189531,-9.75916761938747,-1.76992669224108
0.0894,-8.13872200525264,0.637145476797041,-9.82287250728689,-1.68415050203425
0.0895,-8.28017114733953,0.659739472742459,-9.87688340595138,-1.59671225861185
0.0896,-8.41344876018116,0.681682385479596,-9.92114701314478,-1.50769825296361
0.0897,-8.53842331486448,0.702952560002773,-9.9556196460308,-1.41719633116632
0.0898,-8.65497147659237,0.723529005217718,-9.98026728428272,-1.32529580769035
0.0899,-8.76297822640023,0.743391414657232,-9.99506560365732,-1.23208737725709
0.09,-8.86233697466582,0.762520186521211,-10,-1.13766302533418
0.0901,-8.95294966630032,0.78089644302127,-9.99506560365732,-1.042115937357
0.0902,-9.03472687751689,0.798502049010839,-9.98026728428271,-0.945540406765827
0.0903,-9.10758790408115,0.815319629882354,-9.9556196460308,-0.848031741949652
0.0904,-9.17146084095649,0.831332588713909,-9.92114701314477,-0.749686172188284
0.0905,-9.22628265326569,0.846525122648402,-9.87688340595137,-0.650600752685676
0.0906,-9.27199923849873,0.860882238489052,-9.82287250728689,-0.550873268788153
0.0907,-9.3085654799054,0.874389767495891,-9.75916761938747,-0.450602139482066
0.0908,-9.33594529102014,0.887034379368569,-9.6858316112863,-0.349886320266165
0.0909,-9.35411165127497,0.898803595401769,-9.60293685676942,-0.248825205494449
0.091,-9.36304663266559,0.909685800800169,-9.51056516295154,-0.147518530285952
0.0911,-9.36274141744408,0.919670256140888,-9.40880768954225,-0.0460662720981798
0.0912,-9.35319630682102,0.928747107971934,-9.29776485888251,0.0554314479385064
0.0913,-9.3344207206682,0.936907398536409,-9.1775462568398,0.156874463828399
0.0914,-9.30643318822235,0.944143074612727,-9.04827052466017,0.258162663562174
0.0915,-9.26926132979904,0.950446995462163,-8.91006524188368,0.359196087915354
0.0916,-9.22294182953468,0.955812939875951,-8.76306680043863,0.459875029096047
0.0917,-9.16752039918383,0.960235612314775,-8.60742027003942,0.560100129144408
0.0918,-9.10305173300714,0.963710648134896,-8.44327925502013,0.659772477987012
0.0919,-9.02959945379472,0.966234617895504,-8.27080574274558,0.75879371104914
0.092,-8.94723605007819,0.967805030743148,-8.09016994374947,0.857066106328717
0.0921,-8.8560428045931,0.968420336869986,-7.90155012375689,0.954492680836212
0.0922,-8.75610971406289,0.968079929043139,-7.70513242775787,1.05097728630502
0.0923,-8.64753540038283,0.966784143204031,-7.50111069630456,1.14642470407827
0.0924,-8.53042701329222,0.964534258136822,-7.28968627421412,1.24074073907811
0.0925,-8.4049001246304,0.961332494206488,-7.07106781186546,1.33383231276494
0.0926,-8.27107861428146,0.957182011167451,-6.84547105928687,1.4256075549946
0.0927,-8.12909454791965,0.952086905045377,-6.61311865323648,1.51597589468316
0.0928,-7.97908804667654,0.946052204094842,-6.3742398974869,1.60484814918964
0.0929,-7.82120714885832,0.939083863837159,-6.12907053652976,1.69213661232856
0.093,-7.65560766384995,0.931188761182839,-5.87785252292471,1.77775514092524
0.0931,-7.48245301835008,0.922374687645012,-5.62083377852127,1.8616192398288
0.0932,-7.30191409508862,0.912650341650095,-5.35826794978998,1.94364614529864
0.0933,-7.11416906418606,0.90202531995361,-5.09041415750371,2.02375490668234
0.0934,-6.91940320732118,0.890510108169169,-4.81753674101714,2.10186646630404
0.0935,-6.71780873488035,0.878116070420552,-4.53990499739544,2.17790373748491
0.0936,-6.5095845962691,0.864855438126636,-4.25779291565075,2.25179168061835
0.0937,-6.29493628357297,0.850741297930585,-3.97147890634781,2.32345737722516
0.0938,-6.07407562876183,0.835787578784718,-3.68124552684677,2.39283010191506
0.0939,-5.84722059463714,0.820009038204446,-3.38737920245289,2.45984139218425
0.094,-5.61459505972907,0.803421247704325,-3.0901699437495,2.52442511597956
0.0941,-5.37642859735529,0.786040577430976,-2.78991106039231,2.58651753696298
0.0942,-5.13295624906001,0.767884180007533,-2.48689887164855,2.64605737741146
0.0943,-4.88441829265622,0.748969973606201,-2.18143241396541,2.70298587869082
0.0944,-4.63106000510059,0.729316624265128,-1.87381314585728,2.75724685924331
0.0945,-4.37313142043454,0.708943527467403,-1.56434465040233,2.80878677003221
0.0946,-4.11088708303108,0.687870788999857,-1.25333233564305,2.85755474738803
0.0947,-3.84458579639007,0.666119205111213,-0.941083133185132,2.90350266320494
0.0948,-3.5744903677305,0.64371024198867,-0.627905195293107,2.94658517243739
0.0949,-3.30086734863146,0.620666014573329,-0.314107590781311,2.98675975785015
0.095,-3.02398677197783,0.597009264735557,-1.17683640610267e-14,3.02398677197782
0.0951,-2.74412188547061,0.572763338831292,0.314107590781286,3.0582294762519
0.0952,-2.46154888196428,0.547952164662156,0.627905195293153,3.08945407725743
0.0953,-2.17654662689785,0.522600227861564,0.941083133185179,3.11762976008303
0.0954,-1.88939638308836,0.496732547730329,1.25333233564302,3.14272871873139
0.0955,-1.60038153315832,0.470374652545767,1.56434465040231,3.16472618356063
0.0956,-1.30978729987146,0.443552554368162,1.87381314585726,3.18360044572872
0.0957,-1.01790046465216,0.416292723370143,2.18143241396545,3.19933287861762
0.0958,-0.725009084566867,0.388622061713787,2.48689887164859,3.21190795621546
0.0959,-0.431402208046544,0.360567877001396,2.78991106039228,3.22131326843883
0.096,-0.137369589630664,0.332157855326327,3.09016994374948,3.22753953338014
0.0961,0.156798595985349,0.303420033949954,3.38737920245293,3.23058060646758
0.0962,0.450812040317649,0.274382773632416,3.68124552684681,3.23043348652917
0.0963,0.744380587593352,0.245074730643936,3.97147890634785,3.2270983187545
0.0964,1.03721452109923,0.21552482848451,4.25779291565073,3.2205783945515
0.0965,1.32902484909723,0.185762229340031,4.53990499739548,3.21088014829825
0.0966,1.6195235900243,0.155816305302538,4.81753674101718,3.19801315099288
0.0967,1.90842405669546,0.12571660938364,5.09041415750375,3.18199010080829
0.0968,2.19544113922949,0.0954928463492307,5.35826794979002,3.16282681056053
0.0969,2.48029158641789,0.0651748434044372,5.62083377852131,3.14054219210342
0.097,2.76269428525977,0.0347925207578885,5.87785252292475,3.11515823766498
0.0971,3.04237053838621,0.00437586209390286,6.1290705365298,3.08669999814359
0.0972,3.31904433910111,-0.0260451150176674,6.37423989748694,3.05519555838583
0.0973,3.5924426437664,-0.0564403887451799,6.61311865323657,3.02067600947017
0.0974,3.86229564126312,-0.086779962623156,6.8454710592869,2.98317541802378
0.0975,4.12833701926254,-0.11703389515507,7.0710678118655,2.94273079260296
0.0976,4.39030422704412,-0.147172329362139,7.28968627421415,2.89938204717003
0.0977,4.64793873460146,-0.177165522248459,7.50111069630464,2.85317196170318
0.0978,4.90098628778017,-0.206983874153795,7.7051324277579,2.80414613997773
0.0979,5.14919715919611,-0.236597957964784,7.90155012375692,2.75235296456081
0.098,5.39232639468603,-0.26597854815608,8.0901699437495,2.69784354906347
0.0981,5.63013405504785,-0.295096649632326,8.27080574274565,2.6406716876978
0.0982,5.86238545283163,-0.323923526342853,8.44327925502015,2.58089380218852
0.0983,6.08885138394787,-0.352430729640622,8.60742027003944,2.51856888609157
0.0984,6.30930835386409,-0.380590126357714,8.76306680043865,2.45375844657457
0.0985,6.52353879816707,-0.408373926569294,8.9100652418837,2.38652644371664
0.0986,6.73133129727262,-0.435754711018948,9.04827052466019,2.31693922738757
0.0987,6.93248078507126,-0.462705458178113,9.17754625683982,2.24506547176855
0.0988,7.12678875130359,-0.489199570913164,9.29776485888253,2.17097610757894
0.0989,7.31406343746601,-0.515210902733505,9.40880768954227,2.09474425207626
0.099,7.49412002605322,-0.540713783595024,9.51056516295154,2.01644513689832
0.0991,7.6667808229508,-0.565683045233291,9.60293685676943,1.93615603381863
0.0992,7.83187543279779,-0.590094046001655,9.68583161128632,1.85395617848852
0.0993,7.98924092714639,-0.61392269518954,9.75916761938747,1.76992669224108
0.0994,8.13872200525264,-0.63714547679705,9.82287250728688,1.68415050203424
0.0995,8.28017114733953,-0.659739472742466,9.87688340595138,1.59671225861185
0.0996,8.41344876018117,-0.6816823854796,9.92114701314478,1.50769825296361
0.0997,8.53842331486449,-0.702952560002778,9.9556196460308,1.41719633116631
0.0998,8.65497147659237,-0.723529005217727,9.98026728428271,1.32529580769034
0.0999,8.76297822640023,-0.743391414657236,9.99506560365731,1.23208737725708
0.1,8.86233697466582,-0.762520186521214,10,1.13766302533418
