time,v1,v2,i1
0,10,10,0
0.0001,9.99506560365732,9.74821294188377,0.0493705323547094
0.0002,9.98026728428272,9.49290070196111,0.0974733164643216
0.0003,9.9556196460308,9.2341647456145,0.144290980083261
0.0004,9.92114701314478,8.97211363299585,0.189806676029787
0.0005,9.87688340595138,8.70686282013827,0.234004117162622
0.0006,9.82287250728689,8.43853445552795,0.276867610351787
0.0007,9.75916761938747,8.16725717228093,0.31838208942131
0.0008,9.68583161128631,7.89316587607531,0.3585331470422
0.0009,9.60293685676943,7.61640152899505,0.397307065554876
0.001,9.51056516295154,7.33711092944664,0.43469084670098
0.0011,9.40880768954225,7.05544648831533,0.470672240245385
0.0012,9.29776485888251,6.77156600153249,0.505239771470005
0.0013,9.17754625683981,6.48563241923025,0.538382767521912
0.0014,9.04827052466019,6.19781361166445,0.570091382599148
0.0015,8.91006524188368,5.90828213209099,0.600356621958537
0.0016,8.76306680043864,5.617214976785,0.629170364730727
0.0017,8.60742027003944,5.32479334239604,0.65652538552868
0.0018,8.44327925502015,5.03120238083635,0.682415374836761
0.0019,8.27080574274562,4.73663095190258,0.706834958168608
0.002,8.09016994374947,4.44127137383472,0.729779713982951
0.0021,7.9015501237569,4.14531917201898,0.751246190347585
0.0022,7.70513242775789,3.84897282604418,0.771231920342743
0.0023,7.5011106963046,3.55243351532378,0.789735436196163
0.0024,7.28968627421411,3.25590486349803,0.806756282143218
0.0025,7.07106781186548,2.95959268183275,0.822295026006545
0.0026,6.84547105928688,2.66370471183334,0.83635326949071
0.0027,6.61311865323652,2.36845036729388,0.848933657188528
0.0028,6.3742398974869,2.07404047600305,0.86003988429677
0.0029,6.12907053652976,1.78068702132926,0.869676703040101
0.003,5.87785252292473,1.48860288390875,0.877849927803196
0.0031,5.6208337785213,1.19800158366071,0.88456643897212
0.0032,5.35826794978997,0.909097022354183,0.889834185487157
0.0033,5.09041415750371,0.622103226951605,0.893662186110421
0.0034,4.81753674101715,0.337234093953729,0.896060529412685
0.0035,4.53990499739547,0.054703134970493,0.897040372484995
0.0036,4.25779291565073,-0.225276776258154,0.896613938381776
0.0037,3.97147890634781,-0.502493655168243,0.89479451230321
0.0038,3.68124552684678,-0.776736655782389,0.891596436525833
0.0039,3.38737920245291,-1.04779631800392,0.887035104091368
0.004,3.09016994374947,-1.31546481257512,0.88112695126492
0.0041,2.78991106039229,-1.5795361834816,0.873889448774778
0.0042,2.48689887164854,-1.83980658758699,0.865341091847107
0.0043,2.18143241396542,-2.09607453128422,0.855501389049929
0.0044,1.87381314585725,-2.34814110395195,0.844390849961838
0.0045,1.56434465040231,-2.59581020800739,0.83203097168194
0.0046,1.25333233564305,-2.83888878534969,0.818444224198547
0.0047,0.941083133185143,-3.07718703999084,0.803654034635196
0.0048,0.627905195293131,-3.31051865667453,0.787684770393532
0.0049,0.314107590781282,-3.53870101528686,0.770561721213629
0.005,1.22464679914735e-15,-3.76155540086623,0.752311080173246
0.0051,-0.314107590781284,-3.97890720902389,0.732959923648521
0.0052,-0.627905195293138,-4.19058614659056,0.712536190259485
0.0053,-0.941083133185145,-4.39642642730883,0.691068658824736
0.0054,-1.25333233564304,-4.59626696239542,0.668586925350476
0.0055,-1.56434465040231,-4.78995154580222,0.645121379079982
0.0056,-1.87381314585724,-4.97732903400951,0.620703177630452
0.0057,-2.18143241396543,-5.15825352019019,0.595364221244953
0.0058,-2.48689887164855,-5.33258450258858,0.569137126188006
0.0059,-2.78991106039229,-5.50018704696293,0.542055197314128
0.006,-3.09016994374947,-5.66093194294625,0.514152399839355
0.0061,-3.38737920245292,-5.81469585418554,0.485463330346525
0.0062,-3.68124552684678,-5.96136146212552,0.456023187055747
0.0063,-3.97147890634781,-6.10081760330862,0.425867739392162
0.0064,-4.25779291565073,-6.23295940006931,0.395033296883717
0.0065,-4.53990499739547,-6.35768838450686,0.363556677422277
0.0066,-4.81753674101715,-6.47491261562687,0.331475174921943
0.0067,-5.09041415750371,-6.58454678954873,0.298826526409004
0.0068,-5.35826794978997,-6.6865123426821,0.265648878578426
0.0069,-5.62083377852131,-6.78073754778263,0.231980753852265
0.007,-5.87785252292473,-6.86715760280372,0.197861015975799
0.0071,-6.12907053652977,-6.94571471246786,0.16332883518762
0.0072,-6.3742398974869,-7.01635816248805,0.12842365300023
0.0073,-6.61311865323652,-7.07904438637686,0.0931851466280677
0.0074,-6.84547105928689,-7.13373702478767,0.0576531931001564
0.0075,-7.07106781186548,-7.18040697733967,0.0218678330948381
0.0076,-7.28968627421412,-7.21903244688549,-0.0141307654657248
0.0077,-7.5011106963046,-7.24959897618756,-0.0503023440234074
0.0078,-7.70513242775789,-7.27209947697631,-0.0866065901563171
0.0079,-7.9015501237569,-7.28653425137098,-0.123003174477185
0.008,-8.09016994374947,-7.29291100565077,-0.15945178761974
0.0081,-8.27080574274562,-7.29124485637164,-0.195912177274796
0.0082,-8.44327925502015,-7.28155832883114,-0.232344185237803
0.0083,-8.60742027003944,-7.26388134789139,-0.268707784429609
0.0084,-8.76306680043864,-7.23825122117724,-0.304963115852281
0.0085,-8.91006524188368,-7.20471261467414,-0.341070525441909
0.0086,-9.0482705246602,-7.16331752075775,-0.376990600780489
0.0087,-9.17754625683981,-7.11412521869422,-0.412684207629119
0.0088,-9.29776485888251,-7.05720222765752,-0.448112526244998
0.0089,-9.40880768954225,-6.99262225231757,-0.483237087444936
0.009,-9.51056516295153,-6.92046612105964,-0.518019808378379
0.0091,-9.60293685676943,-6.840821716903,-0.552423027973285
0.0092,-9.68583161128631,-6.75378390119367,-0.586409542018527
0.0093,-9.75916761938747,-6.659454430153,-0.619942637846894
0.0094,-9.82287250728689,-6.55794186437087,-0.652986128583203
0.0095,-9.87688340595138,-6.44936147133899,-0.685504386922478
0.0096,-9.92114701314478,-6.33383512112657,-0.717462378403642
0.0097,-9.9556196460308,-6.21149117530717,-0.748825694144726
0.0098,-9.98026728428272,-6.08246436925209,-0.779560583006124
0.0099,-9.99506560365732,-5.94689568791214,-0.809633983149035
0.01,-10,-5.80493223521573,-0.839013552956855
0.0101,-9.99506560365731,-5.65672709721763,-0.867667701287938
0.0102,-9.98026728428272,-5.50243919913857,-0.895565617028828
0.0103,-9.9556196460308,-5.3422331564419,-0.92267729791778
0.0104,-9.92114701314478,-5.17627912009912,-0.948973578609132
0.0105,-9.87688340595138,-5.00475261620195,-0.974426157949885
0.0106,-9.82287250728689,-4.82783438008389,-0.9990076254406
0.0107,-9.75916761938747,-4.64571018511943,-1.02269148685361
0.0108,-9.68583161128631,-4.4585706663746,-1.04545218898234
0.0109,-9.60293685676943,-4.26661113928695,-1.0672651434965
0.011,-9.51056516295154,-4.07003141355848,-1.08810674987861
0.0111,-9.40880768954226,-3.86903560244911,-1.10795441741863
0.0112,-9.29776485888252,-3.66383192766297,-1.12678658624391
0.0113,-9.17754625683981,-3.45463252002417,-1.14458274736313
0.0114,-9.0482705246602,-3.24165321614248,-1.16132346170354
0.0115,-8.91006524188368,-3.02511335127326,-1.17699037812208
0.0116,-8.76306680043863,-2.80523554858005,-1.19156625037172
0.0117,-8.60742027003943,-2.58224550501096,-1.20503495300569
0.0118,-8.44327925502015,-2.35637177400399,-1.21738149620323
0.0119,-8.27080574274562,-2.12784554523892,-1.22859203950134
0.012,-8.09016994374948,-1.89690042165659,-1.23865390441858
0.0121,-7.9015501237569,-1.6637721939687,-1.24755558595764
0.0122,-7.70513242775789,-1.42869861288403,-1.25528676297477
0.0123,-7.5011106963046,-1.1919191592787,-1.26183830740518
0.0124,-7.28968627421411,-0.953674812540471,-1.26720229233473
0.0125,-7.07106781186547,-0.714207817318595,-1.27137199890938
0.0126,-6.84547105928688,-0.473761448912124,-1.27434192207495
0.0127,-6.61311865323652,-0.232579777531214,-1.27610777514106
0.0128,-6.3742398974869,0.00909256833337707,-1.27666649316406
0.0129,-6.12907053652977,0.251010639196387,-1.27601623514523
0.013,-5.87785252292473,0.492929402282936,-1.27415638504153
0.0131,-5.6208337785213,0.734603979415133,-1.27108755158729
0.0132,-5.35826794978996,0.975789884843241,-1.26681156692664
0.0133,-5.09041415750371,1.21624326278415,-1.26133148405757
0.0134,-4.81753674101715,1.45572112443053,-1.25465157308954
0.0135,-4.53990499739547,1.6939815841944,-1.24677731631797
0.0136,-4.25779291565072,1.93078409494984,-1.23771540212011
0.0137,-3.9714789063478,2.16588968204038,-1.22747371767764
0.0138,-3.68124552684678,2.39906117581818,-1.21606134053299
0.0139,-3.38737920245291,2.63006344248327,-1.20348852898724
0.014,-3.09016994374948,2.85866361299325,-1.18976671134855
0.0141,-2.78991106039229,3.08463130981533,-1.17490847404152
0.0142,-2.48689887164854,3.3077388712952,-1.15892754858875
0.0143,-2.18143241396542,3.52776157341938,-1.14183879747696
0.0144,-1.87381314585724,3.74447784875045,-1.12365819892154
0.0145,-1.56434465040231,3.95766950231703,-1.10440283054387
0.0146,-1.25333233564305,4.16712192424428,-1.08409085197747
0.0147,-0.94108313318514,4.37262429891272,-1.06274148641957
0.0148,-0.627905195293133,4.57396981043785,-1.0403750011462
0.0149,-0.314107590781284,4.7709558442659,-1.01701268700944
0.015,6.43249059870655e-15,4.9633841846853,-0.992676836937059
0.0151,0.314107590781288,5.1510612080573,-0.967390723455203
0.0152,0.627905195293137,5.33379807157376,-0.941178575256125
0.0153,0.941083133185144,5.51141089735417,-0.914065552833805
0.0154,1.25333233564304,5.6837209516989,-0.886077723211173
0.0155,1.56434465040231,5.85055481932043,-0.857242033783624
0.0156,1.87381314585725,6.01174457237913,-0.827586285304376
0.0157,2.18143241396543,6.16712793415562,-0.797139104038039
0.0158,2.48689887164855,6.31654843719684,-0.765929913109658
0.0159,2.78991106039229,6.45985557577839,-0.73398890307722
0.016,3.09016994374947,6.59690495253169,-0.701347001756444
0.0161,3.38737920245291,6.72755841908986,-0.668035843327391
0.0162,3.68124552684677,6.85168421061245,-0.634087736753135
0.0163,3.97147890634781,6.96915707405515,-0.599535633541466
0.0164,4.25779291565073,7.07985839005667,-0.564413094881187
0.0165,4.53990499739547,7.18367628832168,-0.528754258185241
0.0166,4.81753674101716,7.28050575638453,-0.492593803073475
0.0167,5.09041415750372,7.37024874164571,-0.4559669168284
0.0168,5.35826794978997,7.45281424657916,-0.418909259357837
0.0169,5.62083377852131,7.52811841701556,-0.38145692769885
0.017,5.87785252292474,7.59608462341362,-0.343646420097778
0.0171,6.12907053652977,7.65664353503801,-0.305514599701648
0.0172,6.3742398974869,7.70973318697004,-0.267098657896628
0.0173,6.61311865323652,7.75529903988398,-0.228436077329493
0.0174,6.84547105928689,7.79329403252919,-0.18956459464846
0.0175,7.07106781186548,7.82367862686535,-0.150522162999974
0.0176,7.28968627421412,7.8464208458056,-0.111346914318297
0.0177,7.5011106963046,7.86149630352939,-0.072077121444959
0.0178,7.70513242775789,7.86888822833439,-0.0327511601152996
0.0179,7.9015501237569,7.86858747800417,0.00659252915054684
0.018,8.09016994374948,7.86059254767575,0.0459154792147466
0.0181,8.27080574274562,7.84490957019846,0.0851792345094321
0.0182,8.44327925502015,7.82155230898322,0.124345389207386
0.0183,8.60742027003944,7.79054214334836,0.163375625338215
0.0184,8.76306680043864,7.75190804637601,0.202231750812526
0.0185,8.91006524188368,7.7056865553001,0.240875737316716
0.0186,9.0482705246602,7.65192173445468,0.279269758041103
0.0187,9.17754625683981,7.59066513081838,0.317376225204286
0.0188,9.29776485888251,7.52197572219838,0.355157827336828
0.0189,9.40880768954225,7.44591985810433,0.392577566287585
0.019,9.51056516295153,7.36257119337018,0.429598793916271
0.0191,9.60293685676943,7.27201061458859,0.466185248436168
0.0192,9.68583161128631,7.17432615943024,0.502301090371215
0.0193,9.75916761938747,7.06961292892693,0.537910938092108
0.0194,9.82287250728689,6.9579729928047,0.572979902896437
0.0195,9.87688340595138,6.83951528795964,0.607473623598348
0.0196,9.92114701314478,6.71435551017634,0.641358300593688
0.0197,9.9556196460308,6.58261599919522,0.674600729367117
0.0198,9.98026728428272,6.44442561724167,0.707168333408209
0.0199,9.99506560365732,6.29991962113655,0.739029196504154
0.02,10,6.1492395281136,0.77015209437728
0.0201,9.99506560365732,5.99253297547605,0.800506525636254
0.0202,9.98026728428271,5.82995357423012,0.830062742010519
0.0203,9.9556196460308,5.66166075683983,0.858791777838194
0.0204,9.92114701314478,5.48781961925265,0.886665478778425
0.0205,9.87688340595138,5.3086007573517,0.913656529719936
0.0206,9.82287250728689,5.12418009799537,0.939738481858304
0.0207,9.75916761938747,4.93473872481088,0.964885778915319
0.0208,9.68583161128631,4.74046269891316,0.989073782474629
0.0209,9.60293685676943,4.54154287472579,1.01227879640873
0.021,9.51056516295154,4.33817471108526,1.03447809037325
0.0211,9.40880768954225,4.13055807781473,1.0556499223455
0.0212,9.29776485888252,3.91889705795784,1.07577356018494
0.0213,9.17754625683981,3.70339974586731,1.0948293021945
0.0214,9.04827052466019,3.48427804134751,1.11279849666254
0.0215,8.91006524188368,3.26174744005348,1.12966356036604
0.0216,8.76306680043863,3.03602682035336,1.14540799601706
0.0217,8.60742027003944,2.80733822686394,1.1600164086351
0.0218,8.44327925502015,2.57590665087295,1.17347452082944
0.0219,8.27080574274562,2.3419598078642,1.18576918697628
0.022,8.09016994374947,2.10572791236518,1.19688840627686
0.0221,7.90155012375691,1.86744345033882,1.20682133468362
0.0222,7.70513242775789,1.62734094934377,1.21555829568282
0.0223,7.5011106963046,1.38565674669006,1.22309078992291
0.0224,7.28968627421411,1.14262875581822,1.22941150367918
0.0225,7.07106781186547,0.898496231132692,1.23451431614656
0.0226,6.84547105928688,0.653499531520934,1.23839430555319
0.0227,6.61311865323652,0.40787988279166,1.24104775408897
0.0228,6.3742398974869,0.161879139266314,1.24247215164412
0.0229,6.12907053652977,-0.0842604552411335,1.24266619835418
0.023,5.87785252292473,-0.330296506820396,1.24162980594903
0.0231,5.6208337785213,-0.575986711001065,1.23936409790447
0.0232,5.35826794978997,-0.821089092192469,1.23587140839649
0.0233,5.09041415750371,-1.06536224279144,1.23115528005903
0.0234,4.81753674101716,-1.30856556172157,1.22522046054775
0.0235,4.53990499739546,-1.55045949216963,1.21807289791302
0.0236,4.25779291565074,-1.79080575828369,1.20971973478689
0.0237,3.9714789063478,-2.02936760060057,1.20016930138967
0.0238,3.68124552684676,-2.26591000996948,1.18943110736325
0.0239,3.38737920245292,-2.50019995974194,1.17751583243897
0.024,3.09016994374946,-2.73200663599863,1.16443531594962
0.0241,2.7899110603923,-2.96110166558599,1.15020254519566
0.0242,2.48689887164854,-3.1872593417382,1.13483164267735
0.0243,2.18143241396542,-3.41025684706132,1.11833785220535
0.0244,1.87381314585724,-3.62987447366048,1.10073752390354
0.0245,1.5643446504023,-3.84589584019226,1.08204809811891
0.0246,1.25333233564304,-4.05810810562876,1.06228808825436
0.0247,0.941083133185141,-4.26630217952227,1.04147706254148
0.0248,0.627905195293134,-4.47027292856321,1.01963562477127
0.0249,0.314107590781267,-4.66981937922769,0.996785394001791
0.025,3.67394039744206e-15,-4.86474491631467,0.972948983262935
0.0251,-0.314107590781295,-5.05485747717732,0.948149977279205
0.0252,-0.627905195293126,-5.23996974145623,0.922412909232621
0.0253,-0.941083133185152,-5.41989931612845,0.895763236588659
0.0254,-1.25333233564305,-5.59446891568863,0.868227316009116
0.0255,-1.56434465040231,-5.76350653728572,0.83983237737668
0.0256,-1.87381314585725,-5.92684563064156,0.810606496956862
0.0257,-2.18143241396543,-6.08432526258441,0.780578569723797
0.0258,-2.48689887164855,-6.23579027603479,0.749778280877249
0.0259,-2.78991106039231,-6.38109144328703,0.718236076578945
0.026,-3.09016994374949,-6.52008561343518,0.685983133937139
0.0261,-3.38737920245293,-6.6526358537982,0.653051330269056
0.0262,-3.68124552684679,-6.77861158520453,0.619473211671549
0.0263,-3.97147890634781,-6.89788871100296,0.58528196093103
0.0264,-4.25779291565073,-7.01034973967244,0.550511364804342
0.0265,-4.53990499739547,-7.1158839009099,0.515195780702886
0.0266,-4.81753674101716,-7.21438725508169,0.479370102812907
0.0267,-5.09041415750371,-7.30576279593059,0.443069727685376
0.0268,-5.35826794978997,-7.38992054643725,0.406330519329457
0.0269,-5.6208337785213,-7.46677764774135,0.36918877384401
0.027,-5.87785252292473,-7.53625844103507,0.331681183622069
0.0271,-6.12907053652977,-7.59829454234783,0.293844801163612
0.0272,-6.37423989748691,-7.65282491014876,0.25571700253237
0.0273,-6.61311865323652,-7.69979590570026,0.217335450492748
0.0274,-6.84547105928689,-7.73916134610309,0.178738057363239
0.0275,-7.07106781186548,-7.77088254998063,0.13996294762303
0.0276,-7.28968627421412,-7.79492837575754,0.101048420308685
0.0277,-7.5011106963046,-7.81127525249486,0.0620329112380536
0.0278,-7.70513242775789,-7.81990720325133,0.0229549550986881
0.0279,-7.9015501237569,-7.82081586094785,-0.0161468525618099
0.028,-8.09016994374947,-7.81400047671958,-0.0552338934059785
0.0281,-8.27080574274562,-7.79946792074739,-0.0942675643996459
0.0282,-8.44327925502016,-7.77723267556799,-0.133209315890434
0.0283,-8.60742027003944,-7.7473168218693,-0.172020689634028
0.0284,-8.76306680043864,-7.70975001678532,-0.210663356730664
0.0285,-8.91006524188368,-7.66456946471165,-0.249099155434406
0.0286,-9.0482705246602,-7.61181988067088,-0.287290128797863
0.0287,-9.17754625683981,-7.55155344626381,-0.3251985621152
0.0288,-9.29776485888252,-7.4838297582501,-0.362787020126484
0.0289,-9.40880768954225,-7.40871576980909,-0.400018383946632
0.029,-9.51056516295153,-7.32628572453902,-0.436855887682503
0.0291,-9.60293685676943,-7.23662108325944,-0.473263154701999
0.0292,-9.68583161128631,-7.13981044368945,-0.509204233519371
0.0293,-9.75916761938748,-7.03594945308099,-0.544643633261297
0.0294,-9.82287250728689,-6.92514071389323,-0.579546358678733
0.0295,-9.87688340595138,-6.80749368260153,-0.613877944669969
0.0296,-9.92114701314478,-6.68312456174066,-0.647604490280825
0.0297,-9.9556196460308,-6.55215618528881,-0.680692692148399
0.0298,-9.98026728428272,-6.41471789750579,-0.713109877355385
0.0299,-9.99506560365732,-6.27094542534476,-0.744824035662512
0.03,-10,-6.12098074456359,-0.775803851087282
0.0301,-9.99506560365731,-5.96497193966801,-0.806018732797861
0.0302,-9.98026728428271,-5.80307305782475,-0.835438845291593
0.0303,-9.9556196460308,-5.63544395688891,-0.864035137828377
0.0304,-9.92114701314478,-5.46225014769559,-0.891779373089838
0.0305,-9.87688340595138,-5.28366263077135,-0.918644155036006
0.0306,-9.82287250728689,-5.09985772762688,-0.944602955932001
0.0307,-9.75916761938747,-4.91101690679717,-0.969630142518061
0.0308,-9.68583161128631,-4.71732660480103,-0.993701001297057
0.0309,-9.60293685676943,-4.51897804219668,-1.01679176291455
0.031,-9.51056516295154,-4.31616703491489,-1.03887962560733
0.0311,-9.40880768954225,-4.10909380105596,-1.05994277769726
0.0312,-9.29776485888251,-3.89796276334126,-1.07996041910825
0.0313,-9.17754625683981,-3.68298234741411,-1.09891278188514
0.0314,-9.04827052466019,-3.46436477618945,-1.11678114969415
0.0315,-8.91006524188368,-3.24232586045488,-1.13354787628576
0.0316,-8.76306680043863,-3.01708478593003,-1.14919640290172
0.0317,-8.60742027003944,-2.78886389699428,-1.16371127460903
0.0318,-8.44327925502015,-2.55788847729636,-1.17707815554476
0.0319,-8.27080574274561,-2.32438652746234,-1.18928384305665
0.032,-8.09016994374948,-2.08858854012141,-1.20031628072561
0.0321,-7.9015501237569,-1.85072727247142,-1.2101645702571
0.0322,-7.7051324277579,-1.61103751660892,-1.2188189822298
0.0323,-7.50111069630459,-1.36975586784987,-1.22627096569094
0.0324,-7.28968627421412,-1.1271204912704,-1.23251315658874
0.0325,-7.07106781186547,-0.883370886697155,-1.23753938503366
0.0326,-6.84547105928687,-0.638747652380089,-1.24134468138136
0.0327,-6.61311865323652,-0.393492247580231,-1.24392528113126
0.0328,-6.37423989748688,-0.147846754307007,-1.24527862863598
0.0329,-6.12907053652977,0.0979463615594543,-1.24540337961784
0.033,-5.87785252292472,0.343644489525934,-1.24429940249013
0.0331,-5.6208337785213,0.589005113886699,-1.2419677784816
0.0332,-5.35826794978996,0.83378605303156,-1.2384108005643
0.0333,-5.09041415750371,1.07774569842461,-1.23363197118566
0.0334,-4.81753674101715,1.32064325301813,-1.22763599880706
0.0335,-4.53990499739546,1.56223896886626,-1.22042879325234
0.0336,-4.25779291565071,1.80229438370389,-1.21201745987092
0.0337,-3.97147890634781,2.04057255625728,-1.20241029252102
0.0338,-3.68124552684676,2.27683830005442,-1.19161676538024
0.0339,-3.38737920245292,2.5108584155038,-1.17964752359134
0.034,-3.09016994374946,2.74240192001329,-1.16651437275255
0.0341,-2.7899110603923,2.97124027592127,-1.15223026726271
0.0342,-2.48689887164854,3.19714761601581,-1.13680929753287
0.0343,-2.18143241396542,3.4199009664185,-1.12026667607678
0.0344,-1.87381314585724,3.63928046661378,-1.1026187224942
0.0345,-1.5643446504023,3.85506958640597,-1.08388284736165
0.0346,-1.25333233564304,4.06705533959028,-1.06407753504666
0.0347,-0.941083133185143,4.27502849412672,-1.04322232546237
0.0348,-0.627905195293117,4.47878377860954,-1.02133779478053
0.0349,-0.314107590781286,4.67812008482839,-0.998445535121936
0.035,1.28649811974131e-14,4.87284066622157,-0.974568133244311
0.0351,0.314107590781276,5.06275333202475,-0.949729148248695
0.0352,0.627905195293143,5.24767063692475,-0.923953088326322
0.0353,0.941083133185151,5.42741006602983,-0.897265386568935
0.0354,1.25333233564305,5.60179421497516,-0.869692375866423
0.0355,1.56434465040231,5.77065096498492,-0.841261262916522
0.0356,1.87381314585725,5.93381365271857,-0.812000101372264
0.0357,2.18143241396543,6.09112123473359,-0.781937764153633
0.0358,2.48689887164855,6.24241844640251,-0.751103914950793
0.0359,2.78991106039229,6.38755595512713,-0.719528978946969
0.036,3.09016994374949,6.526390507699,-0.687244112789903
0.0361,3.38737920245291,6.65878507166043,-0.654281173841505
0.0362,3.68124552684679,6.78460897052697,-0.620672688736036
0.0363,3.9714789063478,6.90373801273718,-0.586451821277876
0.0364,4.25779291565073,7.01605461420335,-0.551652339710525
0.0365,4.53990499739549,7.1214479143413,-0.516308583389163
0.0366,4.81753674101715,7.21981388546539,-0.480455428889647
0.0367,5.09041415750373,7.31105543544064,-0.444128255587382
0.0368,5.35826794978996,7.39508250349024,-0.407362910740054
0.0369,5.62083377852132,7.47181214906465,-0.370195674108667
0.037,5.87785252292474,7.54116863368372,-0.332663222151796
0.0371,6.12907053652977,7.60308349567181,-0.294802591828407
0.0372,6.3742398974869,7.65749561771165,-0.256651144044949
0.0373,6.61311865323652,7.70435128715049,-0.218246526782793
0.0374,6.84547105928689,7.74360424899899,-0.17962663794242
0.0375,7.07106781186548,7.77521575157046,-0.140829587940996
0.0376,7.28968627421412,7.79915458471552,-0.101893662100281
0.0377,7.50111069630461,7.81539711061439,-0.0628572828619563
0.0378,7.70513242775789,7.82392728709629,-0.0237589718676796
0.0379,7.90155012375691,7.82473668346331,0.0153626880587194
0.038,8.09016994374947,7.81782448880255,0.054469090989384
0.0381,8.27080574274562,7.80319751277894,0.0935216459933377
0.0382,8.44327925502015,7.78087017890739,0.132481815222554
0.0383,8.60742027003944,7.75086451031144,0.171311151945601
0.0384,8.76306680043864,7.71321010798197,0.209971338491334
0.0385,8.91006524188368,7.66794412155776,0.248424224065183
0.0386,9.0482705246602,7.6151112126566,0.286631862400719
0.0387,9.17754625683982,7.5547635107931,0.324556549209344
0.0388,9.29776485888251,7.4869605619268,0.362160859391143
0.0389,9.40880768954226,7.41176926969132,0.399407683970189
0.039,9.51056516295153,7.32926382936242,0.436260266717823
0.0391,9.60293685676943,7.23952565463041,0.472682240427805
0.0392,9.68583161128631,7.14264329724879,0.508637662807503
0.0393,9.75916761938748,7.03871235963886,0.544091051949722
0.0394,9.82287250728689,6.92783540053609,0.57900742135016
0.0395,9.87688340595138,6.81012183377173,0.613352314435929
0.0396,9.92114701314478,6.68568782028937,0.647091838571082
0.0397,9.9556196460308,6.55465615350299,0.680192698505563
0.0398,9.98026728428272,6.41715613810974,0.712622229234595
0.0399,9.99506560365732,6.27332346247701,0.744348428236062
0.04,10,6.12330006472961,0.775339987054078
0.0401,9.99506560365731,5.96723399266944,0.805566322197576
0.0402,9.98026728428272,5.80527925766565,0.834997605323413
0.0403,9.9556196460308,5.63759568265967,0.863604792674227
0.0404,9.92114701314478,5.46434874443496,0.891359653741963
0.0405,9.87688340595138,5.28570941030728,0.918234799128819
0.0406,9.82287250728688,5.10185396939649,0.944203707578078
0.0407,9.75916761938747,4.91296385864655,0.969240752148186
0.0408,9.68583161128631,4.71922548376523,0.993321225504215
0.0409,9.60293685676943,4.52083003526053,1.01642136430178
0.041,9.51056516295153,4.31797329975494,1.03851837263932
0.0411,9.40880768954225,4.11085546676417,1.05959044455562
0.0412,9.29776485888251,3.89968093113074,1.07961678555035
0.0413,9.17754625683981,3.68465809130756,1.09857763310645
0.0414,9.04827052466019,3.46599914369047,1.11645427619394
0.0415,8.91006524188368,3.24391987320279,1.13322907373618
0.0416,8.76306680043863,3.01863944033848,1.14888547202003
0.0417,8.60742027003944,2.79038016487413,1.16340802103306
0.0418,8.44327925502014,2.55936730646312,1.17678238971141
0.0419,8.27080574274562,2.3258288423287,1.18899538008338
0.042,8.09016994374947,2.089995242275,1.20003494029489
0.0421,7.9015501237569,1.85209924123851,1.20989017650368
0.0422,7.70513242775789,1.61237560960397,1.21855136363078
0.0423,7.50111069630459,1.37106092151173,1.22600995495857
0.0424,7.28968627421411,1.12839332138504,1.23225859056581
0.0425,7.07106781186547,0.884612288907741,1.23729110459155
0.0426,6.84547105928689,0.639958402684254,1.24110253132053
0.0427,6.61311865323652,0.394673102815144,1.24368911008428
0.0428,6.37423989748689,0.148998452622539,1.24504828897287
0.0429,6.12907053652977,-0.0968231002393656,1.24517872735383
0.043,5.87785252292472,-0.342548963053257,1.2440802971956
0.0431,5.62083377852131,-0.58793663745037,1.24175408319434
0.0432,5.35826794978996,-0.832743958729474,1.23820238170389
0.0433,5.09041415750369,-1.07672933484605,1.23342869846995
0.0434,4.81753674101715,-1.31965198483656,1.22743774517074
0.0435,4.53990499739545,-1.56127217644227,1.22023543476754
0.0436,4.25779291565073,-1.80135146269775,1.21182887566969
0.0437,3.97147890634779,-2.03965291725132,1.20222636471982
0.0438,3.68124552684678,-2.27594136818438,1.19143737900623
0.0439,3.3873792024529,-2.50998363009971,1.17947256651052
0.044,3.09016994374946,-2.74154873424879,1.16634373559965
0.0441,2.78991106039228,-2.97040815647196,1.15206384337285
0.0442,2.48689887164854,-3.19633604272573,1.13664698287485
0.0443,2.18143241396544,-3.41910943197508,1.1201083691881
0.0444,1.87381314585724,-3.6385084762307,1.10246432441759
0.0445,1.56434465040229,-3.85431665751385,1.08373226158323
0.0446,1.25333233564304,-4.06632100153498,1.06393066743561
0.0447,0.941083133185126,-4.27431228787527,1.04307908421208
0.0448,0.627905195293136,-4.47808525646303,1.02119809035123
0.0449,0.31410759078127,-4.67743881014233,0.998309280184721
0.045,-1.16403343982657e-14,-4.87217621313268,0.974435242626533
0.0451,-0.314107590781293,-5.06210528518499,0.949599538880739
0.0452,-0.627905195293142,-5.2470385912415,0.923826679189673
0.0453,-0.941083133185149,-5.42679362641283,0.897142098645537
0.0454,-1.25333233564305,-5.60119299608945,0.869572132089281
0.0455,-1.56434465040231,-5.77006459100997,0.841143988121532
0.0456,-1.87381314585725,-5.93324175711337,0.811885722251224
0.0457,-2.18143241396544,-6.09056346000755,0.781826209208422
0.0458,-2.48689887164855,-6.24187444389191,0.750995114448673
0.0459,-2.78991106039231,-6.38702538477731,0.719422864877
0.046,-3.09016994374945,-6.52587303785159,0.687140618820428
0.0461,-3.38737920245291,-6.65828037884632,0.654180235278683
0.0462,-3.68124552684679,-6.78411673926383,0.620574242483408
0.0463,-3.97147890634783,-6.90325793533241,0.586355805796917
0.0464,-4.25779291565073,-7.01558639056164,0.551558694982182
0.0465,-4.53990499739545,-7.12099125177713,0.516217250876335
0.0466,-4.81753674101715,-7.21936849852011,0.480366351500592
0.0467,-5.09041415750373,-7.31062104570389,0.444041377640032
0.0468,-5.35826794978996,-7.394658839426,0.407278177927207
0.0469,-5.62083377852132,-7.47139894584151,0.370113033464039
0.047,-5.87785252292473,-7.54076563300928,0.332582622016912
0.0471,-6.12907053652977,-7.60269044563132,0.29472398182031
0.0472,-6.37423989748689,-7.65711227261042,0.256574475024706
0.0473,-6.61311865323652,-7.70397740736042,0.218171750824779
0.0474,-6.8454710592869,-7.74323960080868,0.179553708304356
0.0475,-7.07106781186548,-7.77486010703916,0.140758459034736
0.0476,-7.28968627421413,-7.79880772153069,0.101824289463312
0.0477,-7.5011106963046,-7.81505881195261,0.0627896231296035
0.0478,-7.7051324277579,-7.82359734148791,0.0236929827460022
0.0479,-7.9015501237569,-7.82441488466006,-0.0154270478193678
0.048,-8.09016994374948,-7.81751063564878,-0.0545318616201399
0.0481,-8.27080574274563,-7.80289140908575,-0.0935828667319762
0.0482,-8.44327925502015,-7.78057163333008,-0.132541524338016
0.0483,-8.60742027003943,-7.75057333622985,-0.171369386761916
0.0484,-8.76306680043864,-7.71292612338389,-0.21002813541095
0.0485,-8.91006524188369,-7.66766714892508,-0.248479618591722
0.0486,-9.04827052466021,-7.61484107885436,-0.286685889161171
0.0487,-9.1775462568398,-7.55450004696125,-0.32460924197571
0.0488,-9.29776485888251,-7.48670360337476,-0.36221225110155
0.0489,-9.40880768954226,-7.41151865579489,-0.399457806749474
0.049,-9.51056516295154,-7.32901940346344,-0.43630915189762
0.0491,-9.60293685676943,-7.23928726393881,-0.472729918566126
0.0492,-9.68583161128631,-7.14241079274711,-0.50868416370784
0.0493,-9.75916761938748,-7.03848559598907,-0.544136404679681
0.0494,-9.82287250728689,-6.92761423598876,-0.579051654259625
0.0495,-9.87688340595138,-6.80990613007743,-0.613395455174791
0.0496,-9.92114701314478,-6.68547744261221,-0.647133914106515
0.0497,-9.9556196460308,-6.55445097033637,-0.680233735138886
0.0498,-9.98026728428272,-6.41695602119415,-0.712662252617712
0.0499,-9.99506560365731,-6.27312828671983,-0.744387463387497
0.05,-10,-6.12310970812693,-0.775378058374614
0.0501,-9.99506560365732,-5.96704833622979,-0.805603453485506
0.0502,-9.98026728428272,-5.80509818533562,-0.835033819789419
0.0503,-9.9556196460308,-5.63741908125136,-0.863640112955887
0.0504,-9.92114701314478,-5.46417650355526,-0.891394101917903
0.0505,-9.87688340595138,-5.28554142228881,-0.918268396732514
0.0506,-9.82287250728689,-5.10169012923033,-0.944236475611311
0.0507,-9.75916761938747,-4.91280406391658,-0.969272711094179
0.0508,-9.6858316112863,-4.71906963458415,-0.993352395340431
0.0509,-9.60293685676944,-4.52067803420739,-1.01645176451241
0.051,-9.51056516295154,-4.31782505181422,-1.03854802222746
0.0511,-9.40880768954225,-4.11071087926643,-1.05961936205517
0.0512,-9.29776485888251,-3.89953991369467,-1.07964498903757
0.0513,-9.1775462568398,-3.68452055578348,-1.09860514021126
0.0514,-9.0482705246602,-3.46586500410528,-1.11648110411099
0.0515,-8.91006524188368,-3.24378904570611,-1.13325523923551
0.0516,-8.76306680043863,-3.01851184315035,-1.14891099145765
0.0517,-8.60742027003942,-2.79025571823384,-1.16343291036112
0.0518,-8.44327925502012,-2.55924593257938,-1.17680666448815
0.0519,-8.27080574274562,-2.325710465331,-1.18901905548292
0.052,-8.09016994374947,-2.08987978816613,-1.20005803111667
0.0521,-7.90155012375689,-1.85198663784837,-1.2099126971817
0.0522,-7.70513242775786,-1.61226578654444,-1.21857332824269
0.0523,-7.5011106963046,-1.37095381013271,-1.22603137723438
0.0524,-7.28968627421411,-1.12828885473142,-1.23227948389654
0.0525,-7.07106781186546,-0.884510401677654,-1.23731148203756
0.0526,-6.84547105928686,-0.63985903118823,-1.24112240561973
0.0527,-6.61311865323653,-0.394576184936346,-1.24370849366004
0.0528,-6.3742398974869,-0.148903927777786,-1.24506719394182
0.0529,-6.12907053652975,0.0969152911373653,-1.24519716553342
0.053,-5.87785252292471,0.342638877632785,-1.2440982801115
0.0531,-5.62083377852133,0.588024331916794,-1.24177162208762
0.0532,-5.35826794978998,0.832829487900433,-1.23821948753808
0.0533,-5.09041415750371,1.07681275218562,-1.23344538193787
0.0534,-4.81753674101713,1.31973334248877,-1.22745401670118
0.0535,-4.53990499739543,1.56135152526356,-1.2202513045318
0.0536,-4.25779291565074,1.80142885228885,-1.21184435358792
0.0537,-3.97147890634781,2.03972839598832,-1.20224146046723
0.0538,-3.68124552684677,2.2760149832489,-1.19145210201913
0.0539,-3.38737920245289,2.51005542750831,-1.17948692599224
0.054,-3.0901699437495,2.74161875888182,-1.16635774052626
0.0541,-2.7899110603923,2.97047645210172,-1.15207750249881
0.0542,-2.48689887164854,3.19640265204367,-1.13666030473844
0.0543,-2.1814324139654,3.41917439661853,-1.12012136211679
0.0544,-1.87381314585721,3.63857183680888,-1.10247699653322
0.0545,-1.56434465040232,3.85437845363324,-1.08374462080711
0.0546,-1.25333233564304,4.0663812718243,-1.06394272149347
0.0547,-0.941083133185127,4.27437107000929,-1.04309084063888
0.0548,-0.627905195293102,4.47814258718637,-1.0212095564959
0.0549,-0.314107590781235,4.67749472529226,-0.998320463214699
0.055,-7.34788079488412e-15,4.87223074766156,-0.974446149532314
0.0551,0.314107590781292,5.06215847318231,-0.949610176480204
0.0552,0.627905195293158,5.24709046595496,-0.923837054132361
0.0553,0.941083133185184,5.42684422026919,-0.897152217416801
0.0554,1.25333233564303,5.60124234071473,-0.869582001014341
0.0555,1.56434465040231,5.77011271724946,-0.84115361336943
0.0556,1.87381314585726,5.93328869505066,-0.81189510983868
0.0557,2.18143241396546,6.09060923898343,-0.781835365003595
0.0558,2.48689887164853,6.24191909252267,-0.75100404417483
0.0559,2.78991106039229,6.38706893097274,-0.719431574116091
0.056,3.09016994374948,6.52591550883237,-0.687149113016578
0.0561,3.38737920245294,6.65832180116091,-0.654188519741595
0.0562,3.68124552684675,6.78415713880515,-0.62058232239168
0.0563,3.97147890634779,6.9032973373542,-0.586363686201282
0.0564,4.25779291565073,7.01562481969403,-0.551566380808661
0.0565,4.53990499739549,7.12102873204209,-0.516224746929321
0.0566,4.81753674101718,7.21940505334643,-0.480373662465849
0.0567,5.0904141575037,7.31065669794184,-0.444048508087629
0.0568,5.35826794978996,7.39469361136181,-0.40728513231437
0.0569,5.62083377852132,7.471432859211,-0.370119816137938
0.057,5.87785252292475,7.54079870901166,-0.332589237217381
0.0571,6.1290705365298,7.60272270494228,-0.294730433682496
0.0572,6.37423989748689,7.65714373539515,-0.256580767581652
0.0573,6.61311865323652,7.70400809328627,-0.218177888009949
0.0574,6.8454710592869,7.74326952905735,-0.17955969395409
0.0575,7.0710678118655,7.77488929631875,-0.14076429689065
0.0576,7.28968627421415,7.79883619008732,-0.101829983174634
0.0577,7.50111069630459,7.8150865775819,-0.0627951762554614
0.0578,7.7051324277579,7.82362442154611,-0.0236983987576414
0.0579,7.90155012375692,7.82444129607487,0.0154217655364111
0.058,8.09016994374946,7.81753639492984,0.0545267097639228
0.0581,8.27080574274561,7.80291653233519,0.0935778420820854
0.0582,8.44327925502015,7.78059613625238,0.132536623753554
0.0583,8.60742027003945,7.75059723414175,0.17136460717954
0.0584,8.76306680043862,7.71294943122385,0.210023473842954
0.0585,8.91006524188367,7.66768988126282,0.24847507212417
0.0586,9.04827052466019,7.61486324989981,0.286681454952077
0.0587,9.17754625683982,7.55452167057351,0.32460491725326
0.0588,9.29776485888253,7.48672469307067,0.362208033162371
0.0589,9.40880768954225,7.41153922475754,0.399453692956941
0.059,9.51056516295153,7.32903946455048,0.436305139680211
0.0591,9.60293685676943,7.23930682969037,0.472726005415813
0.0592,9.68583161128632,7.1424298753937,0.508680347178524
0.0593,9.75916761938748,7.0385042074592,0.544132682385656
0.0594,9.82287250728688,6.92763238791641,0.579048023874095
0.0595,9.87688340595138,6.80992383380933,0.613391914428409
0.0596,9.92114701314478,6.68549470921493,0.64713046078597
0.0597,9.9556196460308,6.55446781060323,0.680230367085515
0.0598,9.98026728428272,6.41697244565195,0.712658967726153
0.0599,9.99506560365731,6.27314430563546,0.744384259604372
0.06,10,6.12312533151378,0.775374933697245
0.0601,9.99506560365731,5.96706357385399,0.805600405960664
0.0602,9.98026728428271,5.80511304672219,0.835030847512105
0.0603,9.9556196460308,5.63743357569012,0.863637214068135
0.0604,9.92114701314478,5.46419064010664,0.891391274607627
0.0605,9.87688340595138,5.28555520978954,0.918265639232368
0.0606,9.82287250728688,5.10170357629894,0.944233786197589
0.0607,9.75916761938748,4.91281717895881,0.969270088085733
0.0608,9.68583161128631,4.71908242579819,0.993349837097625
0.0609,9.60293685676943,4.52069050958896,1.01644926943609
0.061,9.51056516295153,4.31783721916168,1.03854558875797
0.0611,9.40880768954226,4.11072274618557,1.05961698867134
0.0612,9.29776485888252,3.89955148760346,1.07964267425581
0.0613,9.17754625683981,3.68453184391675,1.09860288258461
0.0614,9.04827052466019,3.46587601351918,1.1164789022282
0.0615,8.91006524188366,3.24379978328264,1.13325309172021
0.0616,8.76306680043865,3.01852231560157,1.14890889696742
0.0617,8.60742027003944,2.79026593210601,1.16343086758669
0.0618,8.44327925502014,2.55925589425718,1.17680467215259
0.0619,8.2708057427456,2.3257201810414,1.18901711234084
0.062,8.09016994374949,2.08988926398249,1.2000561359534
0.0621,7.90155012375691,1.85199587969396,1.20991084881259
0.0622,7.70513242775789,1.61227480019631,1.21857152551232
0.0623,7.50111069630458,1.37096260122523,1.22602961901587
0.0624,7.28968627421409,1.12829742875992,1.23227776909083
0.0625,7.07106781186549,0.884518764001801,1.23730980957274
0.0626,6.84547105928689,0.639867187035238,1.24112077445033
0.0627,6.61311865323651,0.394584139404363,1.24370690276643
0.0628,6.37423989748687,0.148911685839185,1.24506564232954
0.0629,6.12907053652978,-0.0969077246329833,1.24519565223255
0.063,5.87785252292474,-0.34263149795567,1.24409680417608
0.0631,5.6208337785213,-0.588017134453988,1.24177018259506
0.0632,5.35826794978995,-0.832822468152756,1.23821808358854
0.0633,5.09041415750368,-1.07680590576505,1.23344401265375
0.0634,4.81753674101717,-1.31972666511556,1.22745268122654
0.0635,4.53990499739547,-1.56134501276376,1.22025000203185
0.0636,4.25779291565071,-1.80142250059158,1.21184308324846
0.0637,3.97147890634778,-2.03972220112308,1.20224022149417
0.0638,3.68124552684673,-2.27600894134329,1.191450893638
0.0639,3.38737920245292,-2.51004953478549,1.17948574744768
0.064,3.09016994374947,-2.7416130116584,1.16635659108157
0.0641,2.78991106039227,-2.97047084678505,1.15207638143546
0.0642,2.48689887164851,-3.19639718512988,1.13665921135568
0.0643,2.18143241396537,-3.41916906469026,1.12012029573113
0.0644,1.87381314585724,-3.6385666365331,1.10247595647807
0.0645,1.56434465040229,-3.8543733817594,1.08374360643234
0.0646,1.25333233564301,-4.06637632518191,1.06394173216498
0.0647,0.941083133185093,-4.27436624550622,1.04308987573826
0.0648,0.627905195293139,-4.47813788180677,1.02120861541998
0.0649,0.314107590781272,-4.67749013609486,0.998319545375227
0.065,-2.69546091939735e-14,-4.87222627177775,0.974445254355545
0.0651,-0.314107590781326,-5.06215410781415,0.949609303406565
0.0652,-0.627905195293193,-5.24708620837367,0.923836202616096
0.0653,-0.941083133185147,-5.42684006781329,0.897151386925629
0.0654,-1.25333233564306,-5.60123829078868,0.869581191029124
0.0655,-1.56434465040234,-5.77010876732158,0.841152823383848
0.0656,-1.8738131458573,-5.93328484265187,0.811894339358914
0.0657,-2.18143241396542,-6.09060548170553,0.781834613548021
0.0658,-2.48689887164856,-6.24191542801713,0.751003311273714
0.0659,-2.78991106039232,-6.38706535694882,0.719430859311299
0.066,-3.09016994374952,-6.52591202305595,0.687148415861287
0.0661,-3.3873792024529,-6.65831840145298,0.654187839800015
0.0662,-3.68124552684678,-6.78415382304069,0.620581659238781
0.0663,-3.97147890634783,-6.90329410346047,0.586363039422528
0.0664,-4.25779291565076,-7.01562166564953,0.551565749999753
0.0665,-4.53990499739545,-7.12102565587516,0.516224131695941
0.0666,-4.81753674101715,-7.21940205313424,0.480373062423418
0.0667,-5.09041415750373,-7.31065377180902,0.44404792286106
0.0668,-5.35826794978999,-7.39469075747919,0.407284561537839
0.0669,-5.62083377852129,-7.47143007579456,0.370119259454655
0.067,-5.87785252292472,-7.54079599432155,0.332588694279365
0.0671,-6.12907053652977,-7.60272005728155,0.294729904150357
0.0672,-6.37423989748692,-7.65714115310882,0.256580251124381
0.0673,-6.6131186532365,-7.70400557476004,0.218177384304709
0.0674,-6.84547105928687,-7.74326707271696,0.179559202686016
0.0675,-7.07106781186548,-7.77488690062874,0.140763817752652
0.0676,-7.28968627421413,-7.79883385355015,0.101829515867205
0.0677,-7.50111069630462,-7.81508429873705,0.0627947204864867
0.0678,-7.70513242775788,-7.82362219896899,0.0236979542422217
0.0679,-7.9015501237569,-7.82443912837619,-0.0154221990761413
0.068,-8.09016994374948,-7.81753428075464,-0.0545271325989684
0.0681,-8.27080574274563,-7.80291447036184,-0.0935782544767595
0.0682,-8.44327925502013,-7.78059412519191,-0.132537025965644
0.0683,-8.60742027003943,-7.7505952727371,-0.171364999460466
0.0684,-8.76306680043864,-7.71294751824898,-0.210023856437932
0.0685,-8.91006524188369,-7.66768801552189,-0.248475445272359
0.0686,-9.04827052466021,-7.61486143022656,-0.28668181888673
0.0687,-9.1775462568398,-7.55451989583044,-0.324605272201872
0.0688,-9.29776485888251,-7.48672296214841,-0.36220837934682
0.0689,-9.40880768954226,-7.41153753657413,-0.399454030593626
0.069,-9.51056516295154,-7.32903781805061,-0.436305468980188
0.0691,-9.60293685676944,-7.23930522384481,-0.472726326584926
0.0692,-9.68583161128631,-7.14242830919863,-0.508680660417535
0.0693,-9.75916761938747,-7.03850267993562,-0.544132987890371
0.0694,-9.82287250728689,-6.92763089810947,-0.579048321835483
0.0695,-9.87688340595138,-6.80992238078775,-0.613392205032727
0.0696,-9.92114701314478,-6.68549329207042,-0.647130744214872
0.0697,-9.9556196460308,-6.55446642844994,-0.680230643516173
0.0698,-9.98026728428272,-6.4169710976259,-0.712659237331363
0.0699,-9.99506560365732,-6.27314299089401,-0.744384522552662
0.07,-10,-6.12312404923508,-0.775375190152985
0.0701,-9.99506560365731,-5.96706232323649,-0.805600656084164
0.0702,-9.98026728428272,-5.80511182698414,-0.835031091459715
0.0703,-9.9556196460308,-5.63743238606906,-0.863637451992348
0.0704,-9.92114701314477,-5.46418947985893,-0.891391506657168
0.0705,-9.87688340595137,-5.28555407818992,-0.918265865552291
0.0706,-9.82287250728689,-5.10170247264006,-0.944234006929366
0.0707,-9.75916761938747,-4.91281610255076,-0.969270303367343
0.0708,-9.6858316112863,-4.7190813759681,-0.99335004706364
0.0709,-9.60293685676942,-4.52068948568061,-1.01644947421776
0.071,-9.51056516295154,-4.31783622053503,-1.0385457884833
0.0711,-9.40880768954225,-4.11072177221635,-1.05961718346518
0.0712,-9.29776485888251,-3.89955053768287,-1.07964286423993
0.0713,-9.1775462568398,-3.68453091745098,-1.09860306787776
0.0714,-9.0482705246602,-3.46587510992914,-1.11647908294621
0.0715,-8.91006524188368,-3.24379890200346,-1.13325326797604
0.0716,-8.76306680043863,-3.01852145608234,-1.14890906887126
0.0717,-8.60742027003942,-2.79026509380948,-1.16343103524599
0.0718,-8.44327925502016,-2.55925507665936,-1.17680483567216
0.0719,-8.27080574274562,-2.32571938363119,-1.18901727182289
0.072,-8.09016994374947,-2.08988848626138,-1.20005629149762
0.0721,-7.90155012375689,-1.85199512117584,-1.20991100051621
0.0722,-7.70513242775791,-1.61227406040707,-1.21857167347017
0.0723,-7.5011106963046,-1.3709618797024,-1.22602976332044
0.0724,-7.28968627421411,-1.12829672505247,-1.23227790983233
0.0725,-7.07106781186546,-0.884518077669789,-1.23730994683913
0.0726,-6.84547105928691,-0.639866517649745,-1.24112090832743
0.0727,-6.61311865323654,-0.394583486546909,-1.24370703333793
0.0728,-6.3742398974869,-0.148911049101667,-1.24506576967705
0.0729,-6.12907053652976,0.0969083456486416,-1.24519577643568
0.073,-5.87785252292471,0.342632103637611,-1.24409692531246
0.0731,-5.62083377852133,0.588017725180762,-1.24177030074042
0.0732,-5.35826794978998,0.832823044293683,-1.23821819881673
0.0733,-5.09041415750371,1.07680646768028,-1.2334441250368
0.0734,-4.81753674101714,1.31972721315639,-1.22745279083471
0.0735,-4.53990499739544,1.56134554727273,-1.22025010893363
0.0736,-4.25779291565074,1.80142302190273,-1.21184318751069
0.0737,-3.97147890634781,2.03972270956235,-1.20224032318203
0.0738,-3.68124552684677,2.2760094372285,-1.19145099281505
0.0739,-3.38737920245289,2.51005001842669,-1.17948584417592
0.074,-3.09016994374943,2.74161348335784,-1.16635668542145
0.0741,-2.7899110603923,2.97047130683753,-1.15207647344597
0.0742,-2.48689887164854,3.19639763382303,-1.13665930109431
0.0743,-2.18143241396541,3.41916950230457,-1.120120383254
0.0744,-1.87381314585721,3.63856706334218,-1.10247604183988
0.0745,-1.56434465040233,3.85437379802992,-1.08374368968645
0.0746,-1.25333233564305,4.06637673117415,-1.06394181336344
0.0747,-0.94108313318513,4.27436664147396,-1.04308995493182
0.0748,-0.627905195293105,4.47813826799759,-1.02120869265814
0.0749,-0.314107590781238,4.67749051275011,-0.99831962070627
0.075,-9.79717439317883e-15,4.8722266391328,-0.974445327826563
0.0751,0.314107590781289,5.06215446609871,-0.949609375063484
0.0752,0.627905195293156,5.2470865578117,-0.923836272503708
0.0753,0.941083133185181,5.42684040862328,-0.897151455087621
0.0754,1.2533323356431,5.60123862318361,-0.869581257508103
0.0755,1.56434465040231,5.77010909150917,-0.841152888221371
0.0756,1.87381314585726,5.93328515883482,-0.811894402595511
0.0757,2.18143241396546,6.09060579008156,-0.781834675223221
0.0758,2.48689887164859,6.24191572877894,-0.751003371426069
0.0759,2.78991106039235,6.38706565028441,-0.719430917978411
0.076,3.09016994374948,6.52591230914862,-0.687148473079829
0.0761,3.38737920245294,6.6583186804817,-0.654187895605753
0.0762,3.68124552684682,6.78415409517981,-0.620581713666599
0.0763,3.97147890634786,6.9032943688801,-0.586363092506449
0.0764,4.25779291565073,7.01562192451553,-0.55156580177296
0.0765,4.53990499739548,7.12102590834947,-0.516224182190797
0.0766,4.81753674101718,7.21940229937462,-0.480373111671487
0.0767,5.09041415750375,7.31065401196939,-0.444047970893127
0.0768,5.35826794978996,7.39469099170961,-0.40728460838393
0.0769,5.62083377852131,7.47143030424157,-0.370119305144052
0.077,5.87785252292475,7.54079621712789,-0.332588738840628
0.0771,6.1290705365298,7.60272027458651,-0.294729947611342
0.0772,6.37423989748689,7.65714136504816,-0.256580293512255
0.0773,6.61311865323652,7.70400578146637,-0.218177425645969
0.0774,6.8454710592869,7.74326727431942,-0.179559243006505
0.0775,7.0710678118655,7.77488709725336,-0.140763857077573
0.0776,7.2896862742141,7.7988340453198,-0.10182955422114
0.0777,7.50111069630459,7.81508448577165,-0.0627947578934112
0.0778,7.7051324277579,7.82362238138549,-0.0236979907255183
0.0779,7.90155012375688,7.82443930628854,0.0154221634936668
0.078,8.09016994374946,7.81753445427409,0.0545270978950734
0.0781,8.27080574274561,7.80291463959686,0.0935782206297507
0.0782,8.44327925502015,7.78059429024833,0.132536992954364
0.0783,8.60742027003945,7.75059543371805,0.17136496726428
0.0784,8.76306680043862,7.71294767525506,0.210023825036712
0.0785,8.91006524188367,7.66768816865128,0.248475414646478
0.0786,9.04827052466019,7.61486157957497,0.286681789017044
0.0787,9.17754625683982,7.55452004149127,0.32460524306971
0.0788,9.29776485888253,7.48672310421268,0.362208350933969
0.0789,9.40880768954225,7.41153767513061,0.399454002882328
0.079,9.51056516295153,7.32903795318594,0.436305441953119
0.0791,9.60293685676943,7.23930535564347,0.472726300225192
0.0792,9.68583161128632,7.14242843774302,0.508680634708659
0.0793,9.75916761938748,7.03850280530607,0.544132962816282
0.0794,9.82287250728688,6.92763102038435,0.579048297380508
0.0795,9.87688340595138,6.80992250004349,0.613392181181577
0.0796,9.92114701314478,6.68549340838158,0.64713072095264
0.0797,9.9556196460308,6.55446654188922,0.680230620828317
0.0798,9.98026728428272,6.41697120826422,0.7126592152037
0.0799,9.99506560365731,6.2731430988005,0.744384500971362
0.08,10,6.12312415447722,0.775375169104557
0.0801,9.99506560365731,5.96706242588007,0.80560063555545
0.0802,9.98026728428271,5.8051119270933,0.835031071437883
0.0803,9.95561964603079,5.63743248370638,0.863637432464882
0.0804,9.92114701314478,5.46418957508547,0.891391487611862
0.0805,9.87688340595138,5.28555417106518,0.918265846977239
0.0806,9.82287250728688,5.1017025632221,0.944233988812957
0.0807,9.75916761938746,4.9128161908962,0.969270285698253
0.0808,9.68583161128629,4.71908146213218,0.993350029830823
0.0809,9.60293685676943,4.52068956971719,1.01644945741045
0.081,9.51056516295153,4.31783630249662,1.03854577209098
0.0811,9.40880768954224,4.1107218521542,1.05961716747761
0.0812,9.29776485888249,3.89955061564694,1.07964284864711
0.0813,9.17754625683981,3.68453099349004,1.09860305266995
0.0814,9.04827052466019,3.46587518409066,1.11647906811391
0.0815,8.91006524188366,3.24379897433383,1.13325325350997
0.0816,8.76306680043861,3.01852152662677,1.14890905476237
0.0817,8.60742027003944,2.79026516261211,1.16343102148547
0.0818,8.44327925502015,2.55925514376313,1.1768048222514
0.0819,8.2708057427456,2.32571944907807,1.18901725873351
0.082,8.09016994374945,2.08988855009229,1.20005627873143
0.0821,7.90155012375691,1.85199518343071,1.20991098806524
0.0822,7.70513242775789,1.61227412112475,1.21857166132663
0.0823,7.50111069630458,1.37096193892087,1.22602975147674
0.0824,7.28968627421409,1.12829678280876,1.23227789828107
0.0825,7.07106781186549,0.884518134000047,1.23730993557309
0.0826,6.84547105928689,0.639866572589083,1.24112089733956
0.0827,6.61311865323651,0.394583540129716,1.24370702262136
0.0828,6.37423989748688,0.148911101361442,1.24506575922509
0.0829,6.12907053652979,-0.0969082946791749,1.24519576624179
0.083,5.87785252292474,-0.342632053926647,1.24409691537028
0.0831,5.6208337785213,-0.588017676697287,1.24177029104372
0.0832,5.35826794978995,-0.832822997007333,1.23821818935946
0.0833,5.09041415750374,-1.07680642156143,1.23344411581303
0.0834,4.81753674101717,-1.31972716817628,1.22745278183869
0.0835,4.53990499739547,-1.56134550340324,1.22025010015974
0.0836,4.25779291565071,-1.8014229791165,1.21184317895344
0.0837,3.97147890634778,-2.03972266783257,1.20224031483607
0.0838,3.6812455268468,-2.27600939652902,1.19145098467517
0.0839,3.38737920245292,-2.51004997873214,1.17948583623701
0.084,3.09016994374947,-2.7416134446434,1.16635667767857
0.0841,2.78991106039227,-2.97047126907907,1.15207646589427
0.0842,2.48689887164851,-3.19639759699688,1.13665929372908
0.0843,2.18143241396544,-3.41916946638764,1.12012037607062
0.0844,1.87381314585725,-3.63856702831209,1.10247603483387
0.0845,1.56434465040229,-3.85437376386483,1.08374368285342
0.0846,1.25333233564301,-4.06637669785264,1.06394180669913
0.0847,0.941083133185167,-4.27436660897514,1.04308994843206
0.0848,0.627905195293141,-4.47813823630121,1.02120868631887
0.0849,0.314107590781274,-4.67749048183636,0.998319614523527
0.085,-2.45053155956788e-14,-4.87222660898242,0.97444532179648
0.0851,-0.314107590781323,-5.06215443669278,0.949609369182292
0.0852,-0.627905195293119,-5.24708652913177,0.923836266767731
0.0853,-0.941083133185144,-5.42684038065151,0.897151449493272
0.0854,-1.25333233564306,-5.6012385959025,0.869581252051887
0.0855,-1.56434465040234,-5.77010906490172,0.841152882899877
0.0856,-1.87381314585729,-5.93328513288435,0.811894397405412
0.0857,-2.18143241396542,-6.09060576477178,0.781834670161271
0.0858,-2.48689887164856,-6.24191570409409,0.751003366489107
0.0859,-2.78991106039232,-6.38706562620906,0.719430913163349
0.086,-3.09016994374951,-6.5259122856678,0.687148468383657
0.0861,-3.38737920245297,-6.65831865758065,0.654187891025536
0.0862,-3.68124552684678,-6.78415407284415,0.620581709199474
0.0863,-3.97147890634782,-6.90329434709594,0.586363088149623
0.0864,-4.25779291565076,-7.01562190326931,0.55156579752371
0.0865,-4.53990499739551,-7.12102588762785,0.516224178046467
0.0866,-4.81753674101721,-7.21940227916464,0.480373107629486
0.0867,-5.09041415750372,-7.31065399225836,0.444047966950928
0.0868,-5.35826794978999,-7.39469097248534,0.407284604539069
0.0869,-5.62083377852134,-7.47143028549197,0.370119301394126
0.087,-5.87785252292478,-7.54079619884124,0.332588735183293
0.0871,-6.12907053652977,-7.60272025675133,0.294729944044311
0.0872,-6.37423989748691,-7.65714134765341,0.2565802900333
0.0873,-6.61311865323655,-7.70400576450111,0.218177422252913
0.0874,-6.84547105928693,-7.74326725777307,0.179559239697228
0.0875,-7.07106781186547,-7.77488708111551,0.140763853850006
0.0876,-7.28968627421412,-7.79883402958046,0.101829551073266
0.0877,-7.50111069630461,-7.81508447042093,0.062794754823263
0.0878,-7.70513242775792,-7.8236223664138,0.0236979877311762
0.0879,-7.9015501237569,-7.82443929168652,-0.0154221664140746
0.088,-8.09016994374948,-7.81753444003262,-0.0545271007433725
0.0881,-8.27080574274563,-7.80291462570702,-0.0935782234077216
0.0882,-8.44327925502017,-7.78059427670146,-0.132536995663743
0.0883,-8.60742027003943,-7.75059542050562,-0.17136496990676
0.0884,-8.76306680043864,-7.7129476623689,-0.210023827613947
0.0885,-8.91006524188369,-7.6676881560833,-0.248475417160077
0.0886,-9.04827052466018,-7.61486156731729,-0.286681791468579
0.0887,-9.1775462568398,-7.55452002953624,-0.324605245460713
0.0888,-9.29776485888251,-7.48672309255283,-0.362208353265935
0.0889,-9.40880768954226,-7.41153766375869,-0.399454005156714
0.089,-9.51056516295154,-7.3290379420948,-0.436305444171348
0.0891,-9.60293685676942,-7.23930534482617,-0.47272630238865
0.0892,-9.68583161128631,-7.14242842719282,-0.508680636818698
0.0893,-9.75916761938747,-7.03850279501637,-0.544132964874221
0.0894,-9.82287250728689,-6.92763101034872,-0.579048299387633
0.0895,-9.87688340595138,-6.80992249025566,-0.613392183139144
0.0896,-9.92114701314478,-6.68549339883541,-0.647130722861872
0.0897,-9.9556196460308,-6.55446653257876,-0.680230622690408
0.0898,-9.98026728428272,-6.41697119918365,-0.712659217019814
0.0899,-9.99506560365732,-6.27314308994415,-0.744384502742633
0.09,-10,-6.12312414583954,-0.775375170832092
0.0901,-9.99506560365732,-5.96706241745567,-0.80560063724033
0.0902,-9.98026728428272,-5.80511191887691,-0.835031073081162
0.0903,-9.9556196460308,-5.63743247569287,-0.863637434067586
0.0904,-9.92114701314477,-5.46418956726981,-0.891391489174993
0.0905,-9.87688340595137,-5.2855541634425,-0.918265848501774
0.0906,-9.82287250728689,-5.10170255578764,-0.944233990299849
0.0907,-9.75916761938747,-4.91281618364531,-0.969270287148431
0.0908,-9.6858316112863,-4.71908145506033,-0.993350031245195
0.0909,-9.60293685676942,-4.52068956281994,-1.0164494587899
0.091,-9.51056516295154,-4.31783629576969,-1.03854577343637
0.0911,-9.40880768954225,-4.11072184559337,-1.05961716878978
0.0912,-9.29776485888251,-3.8995506092481,-1.07964284992688
0.0913,-9.1775462568398,-3.68453098724918,-1.09860305391812
0.0914,-9.04827052466017,-3.46587517800389,-1.11647906933126
0.0915,-8.91006524188368,-3.24379896839738,-1.13325325469726
0.0916,-8.76306680043863,-3.0185215208369,-1.14890905592035
0.0917,-8.60742027003942,-2.79026515696516,-1.16343102261485
0.0918,-8.44327925502013,-2.55925513825561,-1.1768048233529
0.0919,-8.27080574274558,-2.32571944370654,-1.18901725980781
0.092,-8.09016994374947,-2.08988854485343,-1.20005627977921
0.0921,-7.90155012375689,-1.85199517832117,-1.20991098908715
0.0922,-7.70513242775787,-1.61227411614136,-1.2185716623233
0.0923,-7.50111069630456,-1.37096193406053,-1.22602975244881
0.0924,-7.28968627421412,-1.12829677806847,-1.23227789922913
0.0925,-7.07106781186546,-0.884518129376756,-1.23730993649774
0.0926,-6.84547105928686,-0.639866568079946,-1.24112089824138
0.0927,-6.61311865323648,-0.394583535731915,-1.24370702350091
0.0928,-6.3742398974869,-0.148911097072282,-1.24506576008292
0.0929,-6.12907053652976,0.0969082988624848,-1.24519576707845
0.093,-5.87785252292471,0.342632058006668,-1.24409691618628
0.0931,-5.62083377852127,0.588017680676566,-1.24177029183957
0.0932,-5.35826794978998,0.832823000888299,-1.23821819013566
0.0933,-5.09041415750371,1.07680642534663,-1.23344411657007
0.0934,-4.81753674101714,1.31972717186802,-1.22745278257703
0.0935,-4.53990499739544,1.56134550700382,-1.22025010087985
0.0936,-4.25779291565075,1.80142298262811,-1.21184317965577
0.0937,-3.97147890634781,2.03972267125748,-1.20224031552106
0.0938,-3.68124552684677,2.27600939986943,-1.19145098534324
0.0939,-3.38737920245289,2.51004998199007,-1.17948583688859
0.094,-3.0901699437495,2.74161344782082,-1.16635667831407
0.0941,-2.78991106039231,2.97047127217803,-1.15207646651407
0.0942,-2.48689887164855,3.19639760001933,-1.13665929433357
0.0943,-2.18143241396541,3.41916946933553,-1.12012037666019
0.0944,-1.87381314585728,3.63856703118712,-1.10247603540888
0.0945,-1.56434465040233,3.85437376666887,-1.08374368341424
0.0946,-1.25333233564305,4.06637670058745,-1.0639418072461
0.0947,-0.941083133185132,4.27436661164249,-1.04308994896552
0.0948,-0.627905195293107,4.4781382389027,-1.02120868683916
0.0949,-0.314107590781311,4.67749048437355,-0.998319615030971
0.095,-1.22464679914735e-14,4.87222661145696,-0.974445322291395
0.0951,0.314107590781287,5.06215443910622,-0.949609369664987
0.0952,0.627905195293153,5.24708653148569,-0.923836267238507
0.0953,0.941083133185179,5.4268403829473,-0.897151449952425
0.0954,1.25333233564302,5.60123859814154,-0.869581252499703
0.0955,1.56434465040231,5.77010906708548,-0.841152883336635
0.0956,1.87381314585726,5.93328513501419,-0.811894397831386
0.0957,2.18143241396545,6.09060576684909,-0.781834670576728
0.0958,2.48689887164859,6.24191570612011,-0.751003366894305
0.0959,2.78991106039228,6.38706562818499,-0.719430913558542
0.096,3.09016994374948,6.52591228759494,-0.687148468769092
0.0961,3.38737920245293,6.6583186594602,-0.654187891401454
0.0962,3.68124552684681,6.78415407467737,-0.62058170956611
0.0963,3.97147890634785,6.90329434888389,-0.586363088507207
0.0964,4.25779291565073,7.01562190501305,-0.551565797872465
0.0965,4.53990499739548,7.12102588932854,-0.516224178386611
0.0966,4.81753674101718,7.21940228082334,-0.480373107961231
0.0967,5.09041415750375,7.31065399387617,-0.444047967274483
0.0968,5.35826794979002,7.39469097406319,-0.407284604854634
0.0969,5.62083377852131,7.47143028703081,-0.370119301701899
0.097,5.87785252292475,7.54079620034208,-0.332588735483467
0.0971,6.1290705365298,7.60272025821516,-0.294729944337074
0.0972,6.37423989748694,7.6571413490811,-0.256580290318833
0.0973,6.61311865323657,7.70400576589355,-0.218177422531396
0.0974,6.8454710592869,7.74326725913107,-0.179559239968835
0.0975,7.0710678118655,7.77488708244003,-0.140763854114907
0.0976,7.28968627421415,7.79883403087228,-0.101829551331626
0.0977,7.50111069630464,7.81508447168085,-0.0627947550752435
0.0978,7.7051324277579,7.82362236764257,-0.0236979879769349
0.0979,7.90155012375692,7.824439292885,0.015422166174384
0.098,8.0901699437495,7.8175344412015,0.0545271005096002
0.0981,8.27080574274565,7.80291462684704,0.0935782231797216
0.0982,8.44327925502015,7.78059427781329,0.132536995441372
0.0983,8.60742027003944,7.75059542159004,0.171364969689881
0.0984,8.76306680043865,7.71294766342654,0.210023827402422
0.0985,8.9100652418837,7.66768815711482,0.248475416953776
0.0986,9.04827052466019,7.61486156832334,0.286681791267371
0.0987,9.17754625683982,7.55452003051745,0.324605245264473
0.0988,9.29776485888252,7.48672309350982,0.362208353074541
0.0989,9.40880768954227,7.41153766469204,0.399454004970046
0.099,9.51056516295153,7.32903794300509,0.436305443989289
0.0991,9.60293685676943,7.239305345714,0.472726302211086
0.0992,9.68583161128632,7.14242842805873,0.508680636645518
0.0993,9.75916761938747,7.03850279586088,0.544132964705317
0.0994,9.82287250728688,6.92763101117238,0.5790482992229
0.0995,9.87688340595138,6.80992249105898,0.613392182978479
0.0996,9.92114701314478,6.68549339961891,0.647130722705173
0.0997,9.9556196460308,6.55446653334291,0.680230622537578
0.0998,9.98026728428271,6.41697119992893,0.712659216870758
0.0999,9.99506560365731,6.27314309067103,0.744384502597258
0.1,10,6.12312414654847,0.775375170690306
