time,v1,v2,v3,i12,i23
0,10,5,5,5,5.55111512312578e-17
0.0001,9.99506560365732,4.99753280182866,4.99753280182866,4.99753280182866,1.11022302462516e-16
0.0002,9.98026728428272,4.99013364214136,4.99013364214136,4.99013364214136,1.11022302462516e-16
0.0003,9.9556196460308,4.9778098230154,4.9778098230154,4.9778098230154,5.55111512312578e-17
0.0004,9.92114701314478,4.96057350657239,4.96057350657239,4.96057350657239,1.11022302462516e-16
0.0005,9.87688340595138,4.93844170297569,4.93844170297569,4.93844170297569,5.55111512312578e-17
0.0006,9.82287250728689,4.91143625364344,4.91143625364344,4.91143625364344,0
0.0007,9.75916761938747,4.87958380969374,4.87958380969374,4.87958380969374,5.55111512312578e-17
0.0008,9.68583161128631,4.84291580564316,4.84291580564316,4.84291580564316,1.11022302462516e-16
0.0009,9.60293685676943,4.80146842838472,4.80146842838471,4.80146842838472,1.11022302462516e-16
0.001,9.51056516295154,4.75528258147577,4.75528258147577,4.75528258147577,5.55111512312578e-17
0.0011,9.40880768954225,4.70440384477113,4.70440384477113,4.70440384477113,1.11022302462516e-16
0.0012,9.29776485888251,4.64888242944126,4.64888242944126,4.64888242944126,5.55111512312578e-17
0.0013,9.17754625683981,4.5887731284199,4.5887731284199,4.5887731284199,0
0.0014,9.04827052466019,4.5241352623301,4.5241352623301,4.5241352623301,0
0.0015,8.91006524188368,4.45503262094184,4.45503262094184,4.45503262094184,0
0.0016,8.76306680043864,4.38153340021932,4.38153340021932,4.38153340021932,1.11022302462516e-16
0.0017,8.60742027003944,4.30371013501972,4.30371013501972,4.30371013501972,5.55111512312578e-17
0.0018,8.44327925502015,4.22163962751007,4.22163962751007,4.22163962751008,5.55111512312578e-17
0.0019,8.27080574274562,4.13540287137281,4.13540287137281,4.13540287137281,5.55111512312578e-17
0.002,8.09016994374947,4.04508497187474,4.04508497187474,4.04508497187474,5.55111512312578e-17
0.0021,7.9015501237569,3.95077506187845,3.95077506187845,3.95077506187845,5.55111512312578e-17
0.0022,7.70513242775789,3.85256621387895,3.85256621387895,3.85256621387895,0
0.0023,7.5011106963046,3.7505553481523,3.7505553481523,3.7505553481523,0
0.0024,7.28968627421411,3.64484313710706,3.64484313710706,3.64484313710706,0
0.0025,7.07106781186548,3.53553390593274,3.53553390593274,3.53553390593274,5.55111512312578e-17
0.0026,6.84547105928688,3.42273552964344,3.42273552964344,3.42273552964344,5.55111512312578e-17
0.0027,6.61311865323652,3.30655932661826,3.30655932661826,3.30655932661826,0
0.0028,6.3742398974869,3.18711994874345,3.18711994874345,3.18711994874345,5.55111512312578e-17
0.0029,6.12907053652976,3.06453526826488,3.06453526826488,3.06453526826488,0
0.003,5.87785252292473,2.93892626146237,2.93892626146237,2.93892626146237,0
0.0031,5.62083377852131,2.81041688926065,2.81041688926065,2.81041688926065,5.55111512312578e-17
0.0032,5.35826794978997,2.67913397489498,2.67913397489498,2.67913397489498,0
0.0033,5.09041415750371,2.54520707875186,2.54520707875186,2.54520707875186,0
0.0034,4.81753674101715,2.40876837050858,2.40876837050858,2.40876837050858,0
0.0035,4.53990499739547,2.26995249869773,2.26995249869773,2.26995249869773,5.55111512312578e-17
0.0036,4.25779291565073,2.12889645782536,2.12889645782536,2.12889645782536,5.55111512312578e-17
0.0037,3.97147890634781,1.9857394531739,1.9857394531739,1.9857394531739,2.77555756156289e-17
0.0038,3.68124552684678,1.84062276342339,1.84062276342339,1.84062276342339,0
0.0039,3.38737920245291,1.69368960122646,1.69368960122646,1.69368960122646,2.77555756156289e-17
0.004,3.09016994374947,1.54508497187474,1.54508497187474,1.54508497187474,0
0.0041,2.78991106039229,1.39495553019615,1.39495553019615,1.39495553019615,0
0.0042,2.48689887164854,1.24344943582427,1.24344943582427,1.24344943582427,2.77555756156289e-17
0.0043,2.18143241396542,1.09071620698271,1.09071620698271,1.09071620698271,2.77555756156289e-17
0.0044,1.87381314585725,0.936906572928623,0.936906572928623,0.936906572928623,0
0.0045,1.56434465040231,0.782172325201155,0.782172325201155,0.782172325201155,-1.38777878078145e-17
0.0046,1.25333233564305,0.626666167821523,0.626666167821523,0.626666167821523,0
0.0047,0.941083133185143,0.470541566592572,0.470541566592572,0.470541566592572,0
0.0048,0.627905195293131,0.313952597646566,0.313952597646566,0.313952597646566,0
0.0049,0.314107590781282,0.157053795390641,0.157053795390641,0.157053795390641,0
0.005,1.22464679914735e-15,6.12323399573677e-16,6.12323399573676e-16,6.12323399573677e-16,1.23259516440783e-32
0.0051,-0.314107590781284,-0.157053795390642,-0.157053795390642,-0.157053795390642,0
0.0052,-0.627905195293138,-0.313952597646569,-0.313952597646569,-0.313952597646569,0
0.0053,-0.941083133185145,-0.470541566592573,-0.470541566592573,-0.470541566592573,-6.93889390390723e-18
0.0054,-1.25333233564304,-0.626666167821521,-0.626666167821521,-0.626666167821522,-1.38777878078145e-17
0.0055,-1.56434465040231,-0.782172325201154,-0.782172325201154,-0.782172325201154,0
0.0056,-1.87381314585724,-0.936906572928622,-0.936906572928621,-0.936906572928622,-2.77555756156289e-17
0.0057,-2.18143241396543,-1.09071620698271,-1.09071620698271,-1.09071620698271,-1.38777878078145e-17
0.0058,-2.48689887164855,-1.24344943582428,-1.24344943582427,-1.24344943582428,-2.77555756156289e-17
0.0059,-2.78991106039229,-1.39495553019615,-1.39495553019615,-1.39495553019615,-2.77555756156289e-17
0.006,-3.09016994374947,-1.54508497187474,-1.54508497187474,-1.54508497187474,0
0.0061,-3.38737920245292,-1.69368960122646,-1.69368960122646,-1.69368960122646,0
0.0062,-3.68124552684678,-1.84062276342339,-1.84062276342339,-1.84062276342339,-5.55111512312578e-17
0.0063,-3.97147890634781,-1.9857394531739,-1.9857394531739,-1.9857394531739,-2.77555756156289e-17
0.0064,-4.25779291565073,-2.12889645782536,-2.12889645782536,-2.12889645782536,-2.77555756156289e-17
0.0065,-4.53990499739547,-2.26995249869774,-2.26995249869774,-2.26995249869774,-5.55111512312578e-17
0.0066,-4.81753674101715,-2.40876837050858,-2.40876837050858,-2.40876837050858,-5.55111512312578e-17
0.0067,-5.09041415750371,-2.54520707875186,-2.54520707875186,-2.54520707875186,0
0.0068,-5.35826794978997,-2.67913397489498,-2.67913397489498,-2.67913397489498,0
0.0069,-5.62083377852131,-2.81041688926065,-2.81041688926065,-2.81041688926065,0
0.007,-5.87785252292473,-2.93892626146237,-2.93892626146236,-2.93892626146237,-5.55111512312578e-17
0.0071,-6.12907053652977,-3.06453526826488,-3.06453526826488,-3.06453526826488,0
0.0072,-6.3742398974869,-3.18711994874345,-3.18711994874345,-3.18711994874345,-5.55111512312578e-17
0.0073,-6.61311865323652,-3.30655932661826,-3.30655932661826,-3.30655932661826,-5.55111512312578e-17
0.0074,-6.84547105928689,-3.42273552964344,-3.42273552964344,-3.42273552964344,0
0.0075,-7.07106781186548,-3.53553390593274,-3.53553390593274,-3.53553390593274,0
0.0076,-7.28968627421412,-3.64484313710706,-3.64484313710706,-3.64484313710706,-5.55111512312578e-17
0.0077,-7.5011106963046,-3.7505553481523,-3.7505553481523,-3.7505553481523,-5.55111512312578e-17
0.0078,-7.70513242775789,-3.85256621387895,-3.85256621387895,-3.85256621387895,-1.11022302462516e-16
0.0079,-7.9015501237569,-3.95077506187845,-3.95077506187845,-3.95077506187845,5.55111512312578e-17
0.008,-8.09016994374947,-4.04508497187474,-4.04508497187474,-4.04508497187474,0
0.0081,-8.27080574274562,-4.13540287137281,-4.13540287137281,-4.13540287137281,0
0.0082,-8.44327925502015,-4.22163962751008,-4.22163962751008,-4.22163962751008,-5.55111512312578e-17
0.0083,-8.60742027003944,-4.30371013501972,-4.30371013501972,-4.30371013501972,-5.55111512312578e-17
0.0084,-8.76306680043864,-4.38153340021932,-4.38153340021932,-4.38153340021932,-5.55111512312578e-17
0.0085,-8.91006524188368,-4.45503262094184,-4.45503262094184,-4.45503262094184,0
0.0086,-9.0482705246602,-4.5241352623301,-4.5241352623301,-4.5241352623301,0
0.0087,-9.17754625683981,-4.58877312841991,-4.5887731284199,-4.58877312841991,-5.55111512312578e-17
0.0088,-9.29776485888251,-4.64888242944126,-4.64888242944126,-4.64888242944126,-5.55111512312578e-17
0.0089,-9.40880768954225,-4.70440384477113,-4.70440384477113,-4.70440384477113,0
0.009,-9.51056516295153,-4.75528258147577,-4.75528258147577,-4.75528258147577,0
0.0091,-9.60293685676943,-4.80146842838472,-4.80146842838471,-4.80146842838472,-1.11022302462516e-16
0.0092,-9.68583161128631,-4.84291580564315,-4.84291580564315,-4.84291580564315,-1.11022302462516e-16
0.0093,-9.75916761938747,-4.87958380969374,-4.87958380969374,-4.87958380969374,-5.55111512312578e-17
0.0094,-9.82287250728689,-4.91143625364344,-4.91143625364344,-4.91143625364344,-1.11022302462516e-16
0.0095,-9.87688340595138,-4.93844170297569,-4.93844170297569,-4.93844170297569,-1.11022302462516e-16
0.0096,-9.92114701314478,-4.96057350657239,-4.96057350657239,-4.96057350657239,-1.11022302462516e-16
0.0097,-9.9556196460308,-4.9778098230154,-4.9778098230154,-4.9778098230154,-5.55111512312578e-17
0.0098,-9.98026728428272,-4.99013364214136,-4.99013364214136,-4.99013364214136,-1.11022302462516e-16
0.0099,-9.99506560365732,-4.99753280182866,-4.99753280182866,-4.99753280182866,-1.11022302462516e-16
0.01,-10,-5,-5,-5,-5.55111512312578e-17
0.0101,-9.99506560365731,-4.99753280182866,-4.99753280182866,-4.99753280182866,-5.55111512312578e-17
0.0102,-9.98026728428272,-4.99013364214136,-4.99013364214136,-4.99013364214136,-1.11022302462516e-16
0.0103,-9.9556196460308,-4.9778098230154,-4.9778098230154,-4.9778098230154,-5.55111512312578e-17
0.0104,-9.92114701314478,-4.96057350657239,-4.96057350657239,-4.96057350657239,0
0.0105,-9.87688340595138,-4.93844170297569,-4.93844170297569,-4.93844170297569,-1.11022302462516e-16
0.0106,-9.82287250728689,-4.91143625364344,-4.91143625364344,-4.91143625364344,-1.11022302462516e-16
0.0107,-9.75916761938747,-4.87958380969374,-4.87958380969374,-4.87958380969374,-1.11022302462516e-16
0.0108,-9.68583161128631,-4.84291580564316,-4.84291580564315,-4.84291580564316,-5.55111512312578e-17
0.0109,-9.60293685676943,-4.80146842838472,-4.80146842838471,-4.80146842838472,-1.11022302462516e-16
0.011,-9.51056516295154,-4.75528258147577,-4.75528258147577,-4.75528258147577,-5.55111512312578e-17
0.0111,-9.40880768954226,-4.70440384477113,-4.70440384477113,-4.70440384477113,-5.55111512312578e-17
0.0112,-9.29776485888252,-4.64888242944126,-4.64888242944126,-4.64888242944126,-1.11022302462516e-16
0.0113,-9.17754625683981,-4.5887731284199,-4.5887731284199,-4.5887731284199,0
0.0114,-9.0482705246602,-4.5241352623301,-4.5241352623301,-4.5241352623301,0
0.0115,-8.91006524188368,-4.45503262094184,-4.45503262094184,-4.45503262094184,0
0.0116,-8.76306680043863,-4.38153340021932,-4.38153340021932,-4.38153340021932,0
0.0117,-8.60742027003943,-4.30371013501972,-4.30371013501972,-4.30371013501972,0
0.0118,-8.44327925502015,-4.22163962751007,-4.22163962751007,-4.22163962751008,-5.55111512312578e-17
0.0119,-8.27080574274562,-4.13540287137281,-4.13540287137281,-4.13540287137281,-1.11022302462516e-16
0.012,-8.09016994374947,-4.04508497187474,-4.04508497187474,-4.04508497187474,0
0.0121,-7.9015501237569,-3.95077506187845,-3.95077506187845,-3.95077506187845,-1.11022302462516e-16
0.0122,-7.70513242775789,-3.85256621387895,-3.85256621387894,-3.85256621387895,0
0.0123,-7.5011106963046,-3.7505553481523,-3.7505553481523,-3.7505553481523,-5.55111512312578e-17
0.0124,-7.28968627421411,-3.64484313710705,-3.64484313710705,-3.64484313710705,-5.55111512312578e-17
0.0125,-7.07106781186547,-3.53553390593273,-3.53553390593273,-3.53553390593274,-5.55111512312578e-17
0.0126,-6.84547105928688,-3.42273552964344,-3.42273552964344,-3.42273552964344,-5.55111512312578e-17
0.0127,-6.61311865323652,-3.30655932661826,-3.30655932661826,-3.30655932661826,-5.55111512312578e-17
0.0128,-6.3742398974869,-3.18711994874345,-3.18711994874345,-3.18711994874345,-5.55111512312578e-17
0.0129,-6.12907053652977,-3.06453526826488,-3.06453526826488,-3.06453526826488,-5.55111512312578e-17
0.013,-5.87785252292473,-2.93892626146236,-2.93892626146236,-2.93892626146236,-5.55111512312578e-17
0.0131,-5.6208337785213,-2.81041688926065,-2.81041688926065,-2.81041688926065,0
0.0132,-5.35826794978996,-2.67913397489498,-2.67913397489498,-2.67913397489498,-5.55111512312578e-17
0.0133,-5.09041415750371,-2.54520707875186,-2.54520707875186,-2.54520707875186,0
0.0134,-4.81753674101715,-2.40876837050858,-2.40876837050858,-2.40876837050858,-5.55111512312578e-17
0.0135,-4.53990499739547,-2.26995249869773,-2.26995249869773,-2.26995249869774,0
0.0136,-4.25779291565072,-2.12889645782536,-2.12889645782536,-2.12889645782536,0
0.0137,-3.9714789063478,-1.9857394531739,-1.9857394531739,-1.9857394531739,-2.77555756156289e-17
0.0138,-3.68124552684678,-1.84062276342339,-1.84062276342339,-1.84062276342339,0
0.0139,-3.38737920245291,-1.69368960122646,-1.69368960122646,-1.69368960122646,-2.77555756156289e-17
0.014,-3.09016994374948,-1.54508497187474,-1.54508497187474,-1.54508497187474,-5.55111512312578e-17
0.0141,-2.78991106039229,-1.39495553019614,-1.39495553019614,-1.39495553019614,0
0.0142,-2.48689887164854,-1.24344943582427,-1.24344943582427,-1.24344943582427,0
0.0143,-2.18143241396542,-1.09071620698271,-1.09071620698271,-1.09071620698271,0
0.0144,-1.87381314585724,-0.936906572928619,-0.936906572928619,-0.936906572928619,0
0.0145,-1.56434465040231,-0.782172325201156,-0.782172325201156,-0.782172325201156,-1.38777878078145e-17
0.0146,-1.25333233564305,-0.626666167821523,-0.626666167821523,-0.626666167821523,-1.38777878078145e-17
0.0147,-0.94108313318514,-0.47054156659257,-0.47054156659257,-0.47054156659257,-1.38777878078145e-17
0.0148,-0.627905195293133,-0.313952597646566,-0.313952597646566,-0.313952597646566,0
0.0149,-0.314107590781284,-0.157053795390642,-0.157053795390642,-0.157053795390642,0
0.015,6.43249059870655e-15,3.21624529935327e-15,3.21624529935327e-15,3.21624529935327e-15,4.93038065763132e-32
0.0151,0.314107590781288,0.157053795390644,0.157053795390644,0.157053795390644,0
0.0152,0.627905195293137,0.313952597646568,0.313952597646568,0.313952597646568,1.38777878078145e-17
0.0153,0.941083133185144,0.470541566592572,0.470541566592572,0.470541566592572,0
0.0154,1.25333233564304,0.626666167821521,0.626666167821521,0.626666167821521,1.38777878078145e-17
0.0155,1.56434465040231,0.782172325201153,0.782172325201153,0.782172325201153,0
0.0156,1.87381314585725,0.936906572928625,0.936906572928625,0.936906572928625,1.38777878078145e-17
0.0157,2.18143241396543,1.09071620698271,1.09071620698271,1.09071620698271,2.77555756156289e-17
0.0158,2.48689887164855,1.24344943582427,1.24344943582427,1.24344943582427,2.77555756156289e-17
0.0159,2.78991106039229,1.39495553019615,1.39495553019615,1.39495553019615,2.77555756156289e-17
0.016,3.09016994374947,1.54508497187474,1.54508497187474,1.54508497187474,2.77555756156289e-17
0.0161,3.38737920245291,1.69368960122645,1.69368960122645,1.69368960122645,0
0.0162,3.68124552684677,1.84062276342339,1.84062276342339,1.84062276342339,2.77555756156289e-17
0.0163,3.97147890634782,1.98573945317391,1.98573945317391,1.98573945317391,2.77555756156289e-17
0.0164,4.25779291565074,2.12889645782537,2.12889645782537,2.12889645782537,5.55111512312578e-17
0.0165,4.53990499739547,2.26995249869774,2.26995249869774,2.26995249869774,0
0.0166,4.81753674101716,2.40876837050858,2.40876837050858,2.40876837050858,2.77555756156289e-17
0.0167,5.09041415750372,2.54520707875186,2.54520707875186,2.54520707875186,0
0.0168,5.35826794978997,2.67913397489499,2.67913397489499,2.67913397489499,0
0.0169,5.62083377852131,2.81041688926066,2.81041688926066,2.81041688926066,5.55111512312578e-17
0.017,5.87785252292474,2.93892626146237,2.93892626146237,2.93892626146237,5.55111512312578e-17
0.0171,6.12907053652977,3.06453526826488,3.06453526826488,3.06453526826488,5.55111512312578e-17
0.0172,6.3742398974869,3.18711994874345,3.18711994874345,3.18711994874345,5.55111512312578e-17
0.0173,6.61311865323652,3.30655932661826,3.30655932661826,3.30655932661826,5.55111512312578e-17
0.0174,6.84547105928689,3.42273552964345,3.42273552964345,3.42273552964345,0
0.0175,7.07106781186548,3.53553390593274,3.53553390593274,3.53553390593274,5.55111512312578e-17
0.0176,7.28968627421412,3.64484313710706,3.64484313710706,3.64484313710706,5.55111512312578e-17
0.0177,7.5011106963046,3.7505553481523,3.7505553481523,3.7505553481523,5.55111512312578e-17
0.0178,7.70513242775789,3.85256621387895,3.85256621387895,3.85256621387895,0
0.0179,7.9015501237569,3.95077506187845,3.95077506187845,3.95077506187845,0
0.018,8.09016994374948,4.04508497187474,4.04508497187474,4.04508497187474,0
0.0181,8.27080574274562,4.13540287137281,4.13540287137281,4.13540287137281,0
0.0182,8.44327925502015,4.22163962751008,4.22163962751008,4.22163962751008,0
0.0183,8.60742027003944,4.30371013501972,4.30371013501972,4.30371013501972,5.55111512312578e-17
0.0184,8.76306680043864,4.38153340021932,4.38153340021932,4.38153340021932,1.11022302462516e-16
0.0185,8.91006524188368,4.45503262094184,4.45503262094184,4.45503262094184,0
0.0186,9.0482705246602,4.5241352623301,4.5241352623301,4.5241352623301,0
0.0187,9.17754625683981,4.58877312841991,4.58877312841991,4.58877312841991,0
0.0188,9.29776485888251,4.64888242944126,4.64888242944126,4.64888242944126,5.55111512312578e-17
0.0189,9.40880768954225,4.70440384477113,4.70440384477113,4.70440384477113,0
0.019,9.51056516295153,4.75528258147577,4.75528258147577,4.75528258147577,0
0.0191,9.60293685676943,4.80146842838472,4.80146842838472,4.80146842838472,1.11022302462516e-16
0.0192,9.68583161128631,4.84291580564316,4.84291580564316,4.84291580564316,1.11022302462516e-16
0.0193,9.75916761938747,4.87958380969374,4.87958380969374,4.87958380969374,5.55111512312578e-17
0.0194,9.82287250728689,4.91143625364344,4.91143625364344,4.91143625364344,1.11022302462516e-16
0.0195,9.87688340595138,4.93844170297569,4.93844170297569,4.93844170297569,1.11022302462516e-16
0.0196,9.92114701314478,4.96057350657239,4.96057350657239,4.96057350657239,0
0.0197,9.9556196460308,4.9778098230154,4.9778098230154,4.9778098230154,5.55111512312578e-17
0.0198,9.98026728428272,4.99013364214136,4.99013364214136,4.99013364214136,1.11022302462516e-16
0.0199,9.99506560365732,4.99753280182866,4.99753280182866,4.99753280182866,1.11022302462516e-16
0.02,10,5,5,5,5.55111512312578e-17
0.0201,9.99506560365732,4.99753280182866,4.99753280182866,4.99753280182866,1.11022302462516e-16
0.0202,9.98026728428271,4.99013364214136,4.99013364214136,4.99013364214136,5.55111512312578e-17
0.0203,9.9556196460308,4.9778098230154,4.9778098230154,4.9778098230154,1.11022302462516e-16
0.0204,9.92114701314478,4.96057350657239,4.96057350657239,4.96057350657239,0
0.0205,9.87688340595138,4.93844170297569,4.93844170297569,4.93844170297569,1.11022302462516e-16
0.0206,9.82287250728689,4.91143625364344,4.91143625364344,4.91143625364344,1.11022302462516e-16
0.0207,9.75916761938747,4.87958380969374,4.87958380969374,4.87958380969374,1.11022302462516e-16
0.0208,9.68583161128631,4.84291580564316,4.84291580564315,4.84291580564316,5.55111512312578e-17
0.0209,9.60293685676943,4.80146842838471,4.80146842838471,4.80146842838471,5.55111512312578e-17
0.021,9.51056516295154,4.75528258147577,4.75528258147577,4.75528258147577,5.55111512312578e-17
0.0211,9.40880768954225,4.70440384477113,4.70440384477112,4.70440384477113,1.11022302462516e-16
0.0212,9.29776485888252,4.64888242944126,4.64888242944126,4.64888242944126,0
0.0213,9.17754625683981,4.5887731284199,4.5887731284199,4.5887731284199,1.11022302462516e-16
0.0214,9.04827052466019,4.5241352623301,4.5241352623301,4.5241352623301,0
0.0215,8.91006524188368,4.45503262094184,4.45503262094184,4.45503262094184,1.11022302462516e-16
0.0216,8.76306680043863,4.38153340021932,4.38153340021932,4.38153340021932,0
0.0217,8.60742027003944,4.30371013501972,4.30371013501972,4.30371013501972,1.11022302462516e-16
0.0218,8.44327925502015,4.22163962751008,4.22163962751007,4.22163962751008,1.11022302462516e-16
0.0219,8.27080574274562,4.13540287137281,4.13540287137281,4.13540287137281,1.11022302462516e-16
0.022,8.09016994374947,4.04508497187473,4.04508497187473,4.04508497187473,5.55111512312578e-17
0.0221,7.90155012375691,3.95077506187845,3.95077506187845,3.95077506187845,5.55111512312578e-17
0.0222,7.70513242775789,3.85256621387894,3.85256621387894,3.85256621387894,5.55111512312578e-17
0.0223,7.5011106963046,3.7505553481523,3.7505553481523,3.7505553481523,5.55111512312578e-17
0.0224,7.28968627421411,3.64484313710705,3.64484313710705,3.64484313710706,5.55111512312578e-17
0.0225,7.07106781186547,3.53553390593274,3.53553390593273,3.53553390593274,5.55111512312578e-17
0.0226,6.84547105928688,3.42273552964344,3.42273552964344,3.42273552964344,5.55111512312578e-17
0.0227,6.61311865323652,3.30655932661826,3.30655932661826,3.30655932661826,5.55111512312578e-17
0.0228,6.3742398974869,3.18711994874345,3.18711994874345,3.18711994874345,0
0.0229,6.12907053652977,3.06453526826488,3.06453526826488,3.06453526826488,0
0.023,5.87785252292473,2.93892626146237,2.93892626146237,2.93892626146237,5.55111512312578e-17
0.0231,5.6208337785213,2.81041688926065,2.81041688926065,2.81041688926065,5.55111512312578e-17
0.0232,5.35826794978997,2.67913397489499,2.67913397489499,2.67913397489499,0
0.0233,5.09041415750371,2.54520707875185,2.54520707875185,2.54520707875185,0
0.0234,4.81753674101716,2.40876837050858,2.40876837050858,2.40876837050858,5.55111512312578e-17
0.0235,4.53990499739546,2.26995249869773,2.26995249869773,2.26995249869773,2.77555756156289e-17
0.0236,4.25779291565074,2.12889645782537,2.12889645782537,2.12889645782537,5.55111512312578e-17
0.0237,3.97147890634781,1.9857394531739,1.9857394531739,1.9857394531739,2.77555756156289e-17
0.0238,3.68124552684676,1.84062276342338,1.84062276342338,1.84062276342338,5.55111512312578e-17
0.0239,3.38737920245292,1.69368960122646,1.69368960122646,1.69368960122646,2.77555756156289e-17
0.024,3.09016994374946,1.54508497187473,1.54508497187473,1.54508497187473,2.77555756156289e-17
0.0241,2.7899110603923,1.39495553019615,1.39495553019615,1.39495553019615,0
0.0242,2.48689887164854,1.24344943582427,1.24344943582427,1.24344943582427,1.38777878078145e-17
0.0243,2.18143241396542,1.09071620698271,1.09071620698271,1.09071620698271,0
0.0244,1.87381314585724,0.93690657292862,0.936906572928619,0.93690657292862,1.38777878078145e-17
0.0245,1.5643446504023,0.782172325201152,0.782172325201152,0.782172325201152,1.38777878078145e-17
0.0246,1.25333233564304,0.62666616782152,0.626666167821519,0.62666616782152,1.38777878078145e-17
0.0247,0.941083133185141,0.470541566592571,0.470541566592571,0.470541566592571,6.93889390390723e-18
0.0248,0.627905195293134,0.313952597646567,0.313952597646567,0.313952597646567,0
0.0249,0.314107590781267,0.157053795390634,0.157053795390634,0.157053795390634,3.46944695195361e-18
0.025,3.67394039744206e-15,1.83697019872103e-15,1.83697019872103e-15,1.83697019872103e-15,4.93038065763132e-32
0.0251,-0.314107590781295,-0.157053795390648,-0.157053795390648,-0.157053795390648,0
0.0252,-0.627905195293126,-0.313952597646563,-0.313952597646563,-0.313952597646563,0
0.0253,-0.941083133185152,-0.470541566592576,-0.470541566592576,-0.470541566592576,-6.93889390390723e-18
0.0254,-1.25333233564305,-0.626666167821525,-0.626666167821525,-0.626666167821525,0
0.0255,-1.56434465040231,-0.782172325201157,-0.782172325201157,-0.782172325201157,0
0.0256,-1.87381314585725,-0.936906572928625,-0.936906572928625,-0.936906572928625,0
0.0257,-2.18143241396543,-1.09071620698271,-1.09071620698271,-1.09071620698271,0
0.0258,-2.48689887164855,-1.24344943582427,-1.24344943582427,-1.24344943582427,-1.38777878078145e-17
0.0259,-2.78991106039231,-1.39495553019615,-1.39495553019615,-1.39495553019615,-2.77555756156289e-17
0.026,-3.09016994374949,-1.54508497187474,-1.54508497187474,-1.54508497187474,0
0.0261,-3.38737920245293,-1.69368960122646,-1.69368960122646,-1.69368960122646,-2.77555756156289e-17
0.0262,-3.68124552684679,-1.84062276342339,-1.84062276342339,-1.84062276342339,-2.77555756156289e-17
0.0263,-3.97147890634781,-1.98573945317391,-1.98573945317391,-1.98573945317391,-2.77555756156289e-17
0.0264,-4.25779291565073,-2.12889645782537,-2.12889645782537,-2.12889645782537,0
0.0265,-4.53990499739547,-2.26995249869774,-2.26995249869774,-2.26995249869774,-5.55111512312578e-17
0.0266,-4.81753674101716,-2.40876837050858,-2.40876837050858,-2.40876837050858,0
0.0267,-5.09041415750371,-2.54520707875186,-2.54520707875186,-2.54520707875186,0
0.0268,-5.35826794978997,-2.67913397489498,-2.67913397489498,-2.67913397489498,-5.55111512312578e-17
0.0269,-5.62083377852131,-2.81041688926065,-2.81041688926065,-2.81041688926065,-5.55111512312578e-17
0.027,-5.87785252292473,-2.93892626146236,-2.93892626146236,-2.93892626146236,0
0.0271,-6.12907053652977,-3.06453526826489,-3.06453526826489,-3.06453526826489,0
0.0272,-6.3742398974869,-3.18711994874345,-3.18711994874345,-3.18711994874345,0
0.0273,-6.61311865323652,-3.30655932661826,-3.30655932661826,-3.30655932661826,-5.55111512312578e-17
0.0274,-6.84547105928689,-3.42273552964345,-3.42273552964345,-3.42273552964345,0
0.0275,-7.07106781186548,-3.53553390593274,-3.53553390593274,-3.53553390593274,0
0.0276,-7.28968627421412,-3.64484313710706,-3.64484313710706,-3.64484313710706,0
0.0277,-7.5011106963046,-3.7505553481523,-3.7505553481523,-3.7505553481523,0
0.0278,-7.70513242775789,-3.85256621387895,-3.85256621387895,-3.85256621387895,-5.55111512312578e-17
0.0279,-7.9015501237569,-3.95077506187845,-3.95077506187845,-3.95077506187845,-5.55111512312578e-17
0.028,-8.09016994374947,-4.04508497187474,-4.04508497187474,-4.04508497187474,-1.11022302462516e-16
0.0281,-8.27080574274562,-4.13540287137281,-4.13540287137281,-4.13540287137281,0
0.0282,-8.44327925502016,-4.22163962751008,-4.22163962751008,-4.22163962751008,0
0.0283,-8.60742027003944,-4.30371013501972,-4.30371013501972,-4.30371013501972,-5.55111512312578e-17
0.0284,-8.76306680043864,-4.38153340021932,-4.38153340021932,-4.38153340021932,-5.55111512312578e-17
0.0285,-8.91006524188368,-4.45503262094184,-4.45503262094184,-4.45503262094184,0
0.0286,-9.0482705246602,-4.5241352623301,-4.5241352623301,-4.5241352623301,0
0.0287,-9.17754625683981,-4.5887731284199,-4.5887731284199,-4.5887731284199,0
0.0288,-9.29776485888252,-4.64888242944126,-4.64888242944126,-4.64888242944126,0
0.0289,-9.40880768954225,-4.70440384477113,-4.70440384477113,-4.70440384477113,-1.11022302462516e-16
0.029,-9.51056516295153,-4.75528258147577,-4.75528258147577,-4.75528258147577,-1.11022302462516e-16
0.0291,-9.60293685676943,-4.80146842838472,-4.80146842838471,-4.80146842838472,-1.11022302462516e-16
0.0292,-9.68583161128631,-4.84291580564315,-4.84291580564315,-4.84291580564315,-1.11022302462516e-16
0.0293,-9.75916761938748,-4.87958380969374,-4.87958380969374,-4.87958380969374,-1.11022302462516e-16
0.0294,-9.82287250728689,-4.91143625364344,-4.91143625364344,-4.91143625364344,-5.55111512312578e-17
0.0295,-9.87688340595138,-4.93844170297569,-4.93844170297569,-4.93844170297569,-5.55111512312578e-17
0.0296,-9.92114701314478,-4.96057350657239,-4.96057350657239,-4.96057350657239,-1.11022302462516e-16
0.0297,-9.9556196460308,-4.9778098230154,-4.9778098230154,-4.9778098230154,-5.55111512312578e-17
0.0298,-9.98026728428272,-4.99013364214136,-4.99013364214136,-4.99013364214136,-1.11022302462516e-16
0.0299,-9.99506560365732,-4.99753280182866,-4.99753280182866,-4.99753280182866,-1.11022302462516e-16
0.03,-10,-5,-5,-5,-5.55111512312578e-17
0.0301,-9.99506560365731,-4.99753280182866,-4.99753280182866,-4.99753280182866,-5.55111512312578e-17
0.0302,-9.98026728428271,-4.99013364214136,-4.99013364214136,-4.99013364214136,-5.55111512312578e-17
0.0303,-9.9556196460308,-4.9778098230154,-4.9778098230154,-4.9778098230154,-1.11022302462516e-16
0.0304,-9.92114701314478,-4.96057350657239,-4.96057350657239,-4.96057350657239,0
0.0305,-9.87688340595138,-4.93844170297569,-4.93844170297569,-4.93844170297569,-1.11022302462516e-16
0.0306,-9.82287250728689,-4.91143625364344,-4.91143625364344,-4.91143625364344,-1.11022302462516e-16
0.0307,-9.75916761938747,-4.87958380969374,-4.87958380969374,-4.87958380969374,-5.55111512312578e-17
0.0308,-9.68583161128631,-4.84291580564316,-4.84291580564316,-4.84291580564316,-1.11022302462516e-16
0.0309,-9.60293685676943,-4.80146842838472,-4.80146842838472,-4.80146842838472,-1.11022302462516e-16
0.031,-9.51056516295154,-4.75528258147577,-4.75528258147577,-4.75528258147577,-1.11022302462516e-16
0.0311,-9.40880768954225,-4.70440384477113,-4.70440384477113,-4.70440384477113,0
0.0312,-9.29776485888251,-4.64888242944126,-4.64888242944125,-4.64888242944126,-1.11022302462516e-16
0.0313,-9.17754625683981,-4.5887731284199,-4.5887731284199,-4.5887731284199,-1.11022302462516e-16
0.0314,-9.04827052466019,-4.5241352623301,-4.5241352623301,-4.5241352623301,0
0.0315,-8.91006524188368,-4.45503262094184,-4.45503262094184,-4.45503262094184,0
0.0316,-8.76306680043863,-4.38153340021932,-4.38153340021932,-4.38153340021932,-5.55111512312578e-17
0.0317,-8.60742027003944,-4.30371013501972,-4.30371013501972,-4.30371013501972,-5.55111512312578e-17
0.0318,-8.44327925502015,-4.22163962751008,-4.22163962751008,-4.22163962751008,0
0.0319,-8.27080574274561,-4.13540287137281,-4.1354028713728,-4.13540287137281,-1.11022302462516e-16
0.032,-8.09016994374948,-4.04508497187474,-4.04508497187474,-4.04508497187474,-1.11022302462516e-16
0.0321,-7.9015501237569,-3.95077506187845,-3.95077506187845,-3.95077506187845,-1.11022302462516e-16
0.0322,-7.7051324277579,-3.85256621387895,-3.85256621387895,-3.85256621387895,0
0.0323,-7.50111069630459,-3.75055534815229,-3.75055534815229,-3.7505553481523,-5.55111512312578e-17
0.0324,-7.28968627421412,-3.64484313710706,-3.64484313710706,-3.64484313710706,-5.55111512312578e-17
0.0325,-7.07106781186547,-3.53553390593274,-3.53553390593274,-3.53553390593274,0
0.0326,-6.84547105928687,-3.42273552964344,-3.42273552964344,-3.42273552964344,-5.55111512312578e-17
0.0327,-6.61311865323652,-3.30655932661826,-3.30655932661826,-3.30655932661826,0
0.0328,-6.37423989748688,-3.18711994874344,-3.18711994874344,-3.18711994874344,0
0.0329,-6.12907053652977,-3.06453526826488,-3.06453526826488,-3.06453526826488,-5.55111512312578e-17
0.033,-5.87785252292472,-2.93892626146236,-2.93892626146236,-2.93892626146236,-5.55111512312578e-17
0.0331,-5.6208337785213,-2.81041688926065,-2.81041688926065,-2.81041688926065,0
0.0332,-5.35826794978996,-2.67913397489498,-2.67913397489498,-2.67913397489498,-5.55111512312578e-17
0.0333,-5.09041415750371,-2.54520707875185,-2.54520707875185,-2.54520707875185,-5.55111512312578e-17
0.0334,-4.81753674101715,-2.40876837050857,-2.40876837050857,-2.40876837050857,-2.77555756156289e-17
0.0335,-4.53990499739546,-2.26995249869773,-2.26995249869773,-2.26995249869773,-5.55111512312578e-17
0.0336,-4.25779291565071,-2.12889645782535,-2.12889645782535,-2.12889645782535,-5.55111512312578e-17
0.0337,-3.97147890634781,-1.9857394531739,-1.9857394531739,-1.9857394531739,-2.77555756156289e-17
0.0338,-3.68124552684676,-1.84062276342338,-1.84062276342338,-1.84062276342338,-2.77555756156289e-17
0.0339,-3.38737920245292,-1.69368960122646,-1.69368960122646,-1.69368960122646,-2.77555756156289e-17
0.034,-3.09016994374946,-1.54508497187473,-1.54508497187473,-1.54508497187473,-2.77555756156289e-17
0.0341,-2.7899110603923,-1.39495553019615,-1.39495553019615,-1.39495553019615,2.77555756156289e-17
0.0342,-2.48689887164854,-1.24344943582427,-1.24344943582427,-1.24344943582427,-1.38777878078145e-17
0.0343,-2.18143241396542,-1.09071620698271,-1.09071620698271,-1.09071620698271,0
0.0344,-1.87381314585724,-0.93690657292862,-0.93690657292862,-0.93690657292862,0
0.0345,-1.5643446504023,-0.782172325201152,-0.782172325201152,-0.782172325201152,0
0.0346,-1.25333233564304,-0.62666616782152,-0.62666616782152,-0.62666616782152,-1.38777878078145e-17
0.0347,-0.941083133185143,-0.470541566592571,-0.470541566592571,-0.470541566592571,0
0.0348,-0.627905195293117,-0.313952597646559,-0.313952597646559,-0.313952597646559,-6.93889390390723e-18
0.0349,-0.314107590781286,-0.157053795390643,-0.157053795390643,-0.157053795390643,-3.46944695195361e-18
0.035,1.28649811974131e-14,6.43249059870655e-15,6.43249059870654e-15,6.43249059870655e-15,9.86076131526265e-32
0.0351,0.314107590781276,0.157053795390638,0.157053795390638,0.157053795390638,3.46944695195361e-18
0.0352,0.627905195293143,0.313952597646572,0.313952597646571,0.313952597646572,6.93889390390723e-18
0.0353,0.941083133185151,0.470541566592575,0.470541566592575,0.470541566592575,0
0.0354,1.25333233564305,0.626666167821524,0.626666167821524,0.626666167821524,0
0.0355,1.56434465040231,0.782172325201156,0.782172325201156,0.782172325201156,2.77555756156289e-17
0.0356,1.87381314585725,0.936906572928624,0.936906572928624,0.936906572928624,1.38777878078145e-17
0.0357,2.18143241396543,1.09071620698271,1.09071620698271,1.09071620698271,0
0.0358,2.48689887164855,1.24344943582427,1.24344943582427,1.24344943582427,0
0.0359,2.78991106039229,1.39495553019614,1.39495553019614,1.39495553019614,0
0.036,3.09016994374949,1.54508497187474,1.54508497187474,1.54508497187474,0
0.0361,3.38737920245291,1.69368960122645,1.69368960122645,1.69368960122645,2.77555756156289e-17
0.0362,3.68124552684679,1.84062276342339,1.84062276342339,1.84062276342339,2.77555756156289e-17
0.0363,3.9714789063478,1.9857394531739,1.9857394531739,1.9857394531739,0
0.0364,4.25779291565073,2.12889645782537,2.12889645782537,2.12889645782537,0
0.0365,4.53990499739549,2.26995249869774,2.26995249869774,2.26995249869774,5.55111512312578e-17
0.0366,4.81753674101715,2.40876837050858,2.40876837050858,2.40876837050858,0
0.0367,5.09041415750373,2.54520707875186,2.54520707875186,2.54520707875186,0
0.0368,5.35826794978996,2.67913397489498,2.67913397489498,2.67913397489498,0
0.0369,5.62083377852132,2.81041688926066,2.81041688926066,2.81041688926066,0
0.037,5.87785252292474,2.93892626146237,2.93892626146237,2.93892626146237,0
0.0371,6.12907053652977,3.06453526826489,3.06453526826489,3.06453526826489,0
0.0372,6.3742398974869,3.18711994874345,3.18711994874345,3.18711994874345,5.55111512312578e-17
0.0373,6.61311865323652,3.30655932661826,3.30655932661826,3.30655932661826,0
0.0374,6.84547105928689,3.42273552964345,3.42273552964344,3.42273552964345,5.55111512312578e-17
0.0375,7.07106781186548,3.53553390593274,3.53553390593274,3.53553390593274,5.55111512312578e-17
0.0376,7.28968627421412,3.64484313710706,3.64484313710706,3.64484313710706,5.55111512312578e-17
0.0377,7.50111069630461,3.7505553481523,3.7505553481523,3.7505553481523,0
0.0378,7.70513242775789,3.85256621387895,3.85256621387895,3.85256621387895,0
0.0379,7.90155012375691,3.95077506187846,3.95077506187846,3.95077506187846,5.55111512312578e-17
0.038,8.09016994374947,4.04508497187474,4.04508497187473,4.04508497187474,5.55111512312578e-17
0.0381,8.27080574274562,4.13540287137281,4.13540287137281,4.13540287137281,5.55111512312578e-17
0.0382,8.44327925502015,4.22163962751008,4.22163962751008,4.22163962751008,0
0.0383,8.60742027003944,4.30371013501972,4.30371013501972,4.30371013501972,0
0.0384,8.76306680043864,4.38153340021932,4.38153340021932,4.38153340021932,1.11022302462516e-16
0.0385,8.91006524188368,4.45503262094184,4.45503262094184,4.45503262094184,5.55111512312578e-17
0.0386,9.0482705246602,4.5241352623301,4.5241352623301,4.5241352623301,0
0.0387,9.17754625683982,4.58877312841991,4.58877312841991,4.58877312841991,1.11022302462516e-16
0.0388,9.29776485888251,4.64888242944126,4.64888242944126,4.64888242944126,0
0.0389,9.40880768954226,4.70440384477113,4.70440384477113,4.70440384477113,0
0.039,9.51056516295153,4.75528258147577,4.75528258147577,4.75528258147577,1.11022302462516e-16
0.0391,9.60293685676943,4.80146842838472,4.80146842838472,4.80146842838472,5.55111512312578e-17
0.0392,9.68583161128631,4.84291580564315,4.84291580564315,4.84291580564315,1.11022302462516e-16
0.0393,9.75916761938748,4.87958380969374,4.87958380969374,4.87958380969374,1.11022302462516e-16
0.0394,9.82287250728689,4.91143625364345,4.91143625364345,4.91143625364345,1.11022302462516e-16
0.0395,9.87688340595138,4.93844170297569,4.93844170297569,4.93844170297569,5.55111512312578e-17
0.0396,9.92114701314478,4.96057350657239,4.96057350657239,4.96057350657239,1.11022302462516e-16
0.0397,9.9556196460308,4.9778098230154,4.9778098230154,4.9778098230154,5.55111512312578e-17
0.0398,9.98026728428272,4.99013364214136,4.99013364214136,4.99013364214136,1.11022302462516e-16
0.0399,9.99506560365732,4.99753280182866,4.99753280182866,4.99753280182866,1.11022302462516e-16
0.04,10,5,5,5,5.55111512312578e-17
0.0401,9.99506560365731,4.99753280182866,4.99753280182866,4.99753280182866,5.55111512312578e-17
0.0402,9.98026728428272,4.99013364214136,4.99013364214136,4.99013364214136,0
0.0403,9.9556196460308,4.9778098230154,4.9778098230154,4.9778098230154,5.55111512312578e-17
0.0404,9.92114701314478,4.96057350657239,4.96057350657239,4.96057350657239,5.55111512312578e-17
0.0405,9.87688340595138,4.93844170297569,4.93844170297569,4.93844170297569,1.11022302462516e-16
0.0406,9.82287250728688,4.91143625364344,4.91143625364344,4.91143625364344,1.11022302462516e-16
0.0407,9.75916761938747,4.87958380969374,4.87958380969374,4.87958380969374,5.55111512312578e-17
0.0408,9.68583161128631,4.84291580564315,4.84291580564315,4.84291580564315,5.55111512312578e-17
0.0409,9.60293685676943,4.80146842838472,4.80146842838472,4.80146842838472,1.11022302462516e-16
0.041,9.51056516295153,4.75528258147577,4.75528258147577,4.75528258147577,5.55111512312578e-17
0.0411,9.40880768954225,4.70440384477113,4.70440384477113,4.70440384477113,0
0.0412,9.29776485888251,4.64888242944126,4.64888242944126,4.64888242944126,0
0.0413,9.17754625683981,4.5887731284199,4.5887731284199,4.5887731284199,0
0.0414,9.04827052466019,4.5241352623301,4.5241352623301,4.5241352623301,0
0.0415,8.91006524188368,4.45503262094184,4.45503262094184,4.45503262094184,0
0.0416,8.76306680043863,4.38153340021931,4.38153340021931,4.38153340021931,0
0.0417,8.60742027003944,4.30371013501972,4.30371013501972,4.30371013501972,5.55111512312578e-17
0.0418,8.44327925502014,4.22163962751007,4.22163962751007,4.22163962751007,0
0.0419,8.27080574274562,4.13540287137281,4.13540287137281,4.13540287137281,0
0.042,8.09016994374947,4.04508497187473,4.04508497187473,4.04508497187473,1.11022302462516e-16
0.0421,7.9015501237569,3.95077506187845,3.95077506187845,3.95077506187845,0
0.0422,7.70513242775789,3.85256621387894,3.85256621387894,3.85256621387894,5.55111512312578e-17
0.0423,7.50111069630459,3.7505553481523,3.75055534815229,3.7505553481523,5.55111512312578e-17
0.0424,7.28968627421411,3.64484313710706,3.64484313710705,3.64484313710706,5.55111512312578e-17
0.0425,7.07106781186547,3.53553390593274,3.53553390593274,3.53553390593274,5.55111512312578e-17
0.0426,6.84547105928689,3.42273552964344,3.42273552964344,3.42273552964344,0
0.0427,6.61311865323652,3.30655932661826,3.30655932661826,3.30655932661826,0
0.0428,6.37423989748689,3.18711994874344,3.18711994874344,3.18711994874344,5.55111512312578e-17
0.0429,6.12907053652977,3.06453526826488,3.06453526826488,3.06453526826488,5.55111512312578e-17
0.043,5.87785252292472,2.93892626146236,2.93892626146236,2.93892626146236,0
0.0431,5.62083377852131,2.81041688926066,2.81041688926066,2.81041688926066,5.55111512312578e-17
0.0432,5.35826794978996,2.67913397489498,2.67913397489498,2.67913397489498,0
0.0433,5.09041415750369,2.54520707875185,2.54520707875185,2.54520707875185,0
0.0434,4.81753674101715,2.40876837050857,2.40876837050857,2.40876837050857,5.55111512312578e-17
0.0435,4.53990499739545,2.26995249869772,2.26995249869772,2.26995249869772,2.77555756156289e-17
0.0436,4.25779291565073,2.12889645782536,2.12889645782536,2.12889645782536,5.55111512312578e-17
0.0437,3.97147890634779,1.9857394531739,1.98573945317389,1.9857394531739,5.55111512312578e-17
0.0438,3.68124552684678,1.84062276342339,1.84062276342339,1.84062276342339,2.77555756156289e-17
0.0439,3.3873792024529,1.69368960122645,1.69368960122645,1.69368960122645,0
0.044,3.09016994374946,1.54508497187473,1.54508497187473,1.54508497187473,2.77555756156289e-17
0.0441,2.78991106039228,1.39495553019614,1.39495553019614,1.39495553019614,2.77555756156289e-17
0.0442,2.48689887164854,1.24344943582427,1.24344943582427,1.24344943582427,2.77555756156289e-17
0.0443,2.18143241396544,1.09071620698272,1.09071620698272,1.09071620698272,2.77555756156289e-17
0.0444,1.87381314585724,0.936906572928621,0.936906572928621,0.936906572928621,1.38777878078145e-17
0.0445,1.56434465040229,0.782172325201144,0.782172325201144,0.782172325201144,0
0.0446,1.25333233564304,0.626666167821521,0.626666167821521,0.626666167821521,1.38777878078145e-17
0.0447,0.941083133185126,0.470541566592563,0.470541566592563,0.470541566592563,6.93889390390723e-18
0.0448,0.627905195293136,0.313952597646568,0.313952597646568,0.313952597646568,6.93889390390723e-18
0.0449,0.31410759078127,0.157053795390635,0.157053795390635,0.157053795390635,3.46944695195361e-18
0.045,-1.16403343982657e-14,-5.82016719913287e-15,-5.82016719913287e-15,-5.82016719913287e-15,0
0.0451,-0.314107590781293,-0.157053795390646,-0.157053795390646,-0.157053795390646,-3.46944695195361e-18
0.0452,-0.627905195293142,-0.313952597646571,-0.313952597646571,-0.313952597646571,0
0.0453,-0.941083133185149,-0.470541566592575,-0.470541566592575,-0.470541566592575,-6.93889390390723e-18
0.0454,-1.25333233564305,-0.626666167821524,-0.626666167821523,-0.626666167821524,-1.38777878078145e-17
0.0455,-1.56434465040231,-0.782172325201156,-0.782172325201156,-0.782172325201156,-1.38777878078145e-17
0.0456,-1.87381314585725,-0.936906572928624,-0.936906572928623,-0.936906572928624,0
0.0457,-2.18143241396544,-1.09071620698272,-1.09071620698272,-1.09071620698272,-1.38777878078145e-17
0.0458,-2.48689887164855,-1.24344943582427,-1.24344943582427,-1.24344943582427,0
0.0459,-2.78991106039231,-1.39495553019615,-1.39495553019615,-1.39495553019615,0
0.046,-3.09016994374945,-1.54508497187473,-1.54508497187473,-1.54508497187473,-2.77555756156289e-17
0.0461,-3.38737920245291,-1.69368960122645,-1.69368960122645,-1.69368960122645,-2.77555756156289e-17
0.0462,-3.68124552684679,-1.84062276342339,-1.84062276342339,-1.84062276342339,0
0.0463,-3.97147890634783,-1.98573945317391,-1.98573945317391,-1.98573945317391,0
0.0464,-4.25779291565073,-2.12889645782537,-2.12889645782536,-2.12889645782537,-5.55111512312578e-17
0.0465,-4.53990499739545,-2.26995249869773,-2.26995249869773,-2.26995249869773,-2.77555756156289e-17
0.0466,-4.81753674101715,-2.40876837050858,-2.40876837050858,-2.40876837050858,-5.55111512312578e-17
0.0467,-5.09041415750373,-2.54520707875186,-2.54520707875186,-2.54520707875186,0
0.0468,-5.35826794978996,-2.67913397489498,-2.67913397489498,-2.67913397489498,-5.55111512312578e-17
0.0469,-5.62083377852132,-2.81041688926066,-2.81041688926066,-2.81041688926066,-5.55111512312578e-17
0.047,-5.87785252292472,-2.93892626146236,-2.93892626146236,-2.93892626146236,5.55111512312578e-17
0.0471,-6.12907053652977,-3.06453526826489,-3.06453526826489,-3.06453526826489,0
0.0472,-6.37423989748689,-3.18711994874344,-3.18711994874344,-3.18711994874344,0
0.0473,-6.61311865323652,-3.30655932661826,-3.30655932661826,-3.30655932661826,0
0.0474,-6.8454710592869,-3.42273552964345,-3.42273552964345,-3.42273552964345,-5.55111512312578e-17
0.0475,-7.07106781186548,-3.53553390593274,-3.53553390593274,-3.53553390593274,-5.55111512312578e-17
0.0476,-7.28968627421413,-3.64484313710706,-3.64484313710706,-3.64484313710706,-5.55111512312578e-17
0.0477,-7.5011106963046,-3.7505553481523,-3.7505553481523,-3.7505553481523,-1.11022302462516e-16
0.0478,-7.7051324277579,-3.85256621387895,-3.85256621387895,-3.85256621387895,-5.55111512312578e-17
0.0479,-7.9015501237569,-3.95077506187845,-3.95077506187845,-3.95077506187845,0
0.048,-8.09016994374948,-4.04508497187474,-4.04508497187474,-4.04508497187474,0
0.0481,-8.27080574274563,-4.13540287137282,-4.13540287137282,-4.13540287137282,0
0.0482,-8.44327925502016,-4.22163962751008,-4.22163962751008,-4.22163962751008,-1.11022302462516e-16
0.0483,-8.60742027003943,-4.30371013501972,-4.30371013501972,-4.30371013501972,0
0.0484,-8.76306680043864,-4.38153340021932,-4.38153340021932,-4.38153340021932,-1.11022302462516e-16
0.0485,-8.91006524188369,-4.45503262094184,-4.45503262094184,-4.45503262094184,0
0.0486,-9.04827052466021,-4.52413526233011,-4.5241352623301,-4.52413526233011,-1.11022302462516e-16
0.0487,-9.1775462568398,-4.5887731284199,-4.5887731284199,-4.5887731284199,-1.11022302462516e-16
0.0488,-9.29776485888251,-4.64888242944126,-4.64888242944126,-4.64888242944126,0
0.0489,-9.40880768954226,-4.70440384477113,-4.70440384477113,-4.70440384477113,0
0.049,-9.51056516295154,-4.75528258147577,-4.75528258147577,-4.75528258147577,0
0.0491,-9.60293685676943,-4.80146842838472,-4.80146842838472,-4.80146842838472,0
0.0492,-9.68583161128631,-4.84291580564315,-4.84291580564315,-4.84291580564315,-1.11022302462516e-16
0.0493,-9.75916761938748,-4.87958380969374,-4.87958380969374,-4.87958380969374,-1.11022302462516e-16
0.0494,-9.82287250728689,-4.91143625364345,-4.91143625364344,-4.91143625364345,-1.11022302462516e-16
0.0495,-9.87688340595138,-4.93844170297569,-4.93844170297569,-4.93844170297569,-5.55111512312578e-17
0.0496,-9.92114701314478,-4.96057350657239,-4.96057350657239,-4.96057350657239,-5.55111512312578e-17
0.0497,-9.9556196460308,-4.9778098230154,-4.9778098230154,-4.9778098230154,-5.55111512312578e-17
0.0498,-9.98026728428272,-4.99013364214136,-4.99013364214136,-4.99013364214136,0
0.0499,-9.99506560365731,-4.99753280182866,-4.99753280182866,-4.99753280182866,-5.55111512312578e-17
0.05,-10,-5,-5,-5,-5.55111512312578e-17
0.0501,-9.99506560365732,-4.99753280182866,-4.99753280182866,-4.99753280182866,-1.11022302462516e-16
0.0502,-9.98026728428272,-4.99013364214136,-4.99013364214136,-4.99013364214136,-1.11022302462516e-16
0.0503,-9.9556196460308,-4.9778098230154,-4.9778098230154,-4.9778098230154,-1.11022302462516e-16
0.0504,-9.92114701314478,-4.96057350657239,-4.96057350657239,-4.96057350657239,-1.11022302462516e-16
0.0505,-9.87688340595138,-4.93844170297569,-4.93844170297569,-4.93844170297569,-1.11022302462516e-16
0.0506,-9.82287250728689,-4.91143625364344,-4.91143625364344,-4.91143625364344,-1.11022302462516e-16
0.0507,-9.75916761938747,-4.87958380969373,-4.87958380969373,-4.87958380969374,0
0.0508,-9.6858316112863,-4.84291580564315,-4.84291580564315,-4.84291580564315,-1.11022302462516e-16
0.0509,-9.60293685676944,-4.80146842838472,-4.80146842838472,-4.80146842838472,-5.55111512312578e-17
0.051,-9.51056516295154,-4.75528258147577,-4.75528258147577,-4.75528258147577,-1.11022302462516e-16
0.0511,-9.40880768954225,-4.70440384477113,-4.70440384477113,-4.70440384477113,0
0.0512,-9.29776485888251,-4.64888242944125,-4.64888242944125,-4.64888242944125,-5.55111512312578e-17
0.0513,-9.1775462568398,-4.5887731284199,-4.5887731284199,-4.5887731284199,-1.11022302462516e-16
0.0514,-9.0482705246602,-4.5241352623301,-4.5241352623301,-4.5241352623301,-1.11022302462516e-16
0.0515,-8.91006524188368,-4.45503262094184,-4.45503262094184,-4.45503262094184,0
0.0516,-8.76306680043863,-4.38153340021931,-4.38153340021931,-4.38153340021931,0
0.0517,-8.60742027003942,-4.30371013501971,-4.30371013501971,-4.30371013501971,0
0.0518,-8.44327925502012,-4.22163962751006,-4.22163962751006,-4.22163962751006,0
0.0519,-8.27080574274562,-4.13540287137281,-4.13540287137281,-4.13540287137281,0
0.052,-8.09016994374947,-4.04508497187473,-4.04508497187473,-4.04508497187473,-1.11022302462516e-16
0.0521,-7.90155012375689,-3.95077506187844,-3.95077506187844,-3.95077506187844,-1.11022302462516e-16
0.0522,-7.70513242775786,-3.85256621387893,-3.85256621387893,-3.85256621387893,-5.55111512312578e-17
0.0523,-7.5011106963046,-3.7505553481523,-3.7505553481523,-3.7505553481523,-5.55111512312578e-17
0.0524,-7.28968627421411,-3.64484313710706,-3.64484313710706,-3.64484313710706,0
0.0525,-7.07106781186546,-3.53553390593273,-3.53553390593273,-3.53553390593273,0
0.0526,-6.84547105928686,-3.42273552964343,-3.42273552964343,-3.42273552964343,0
0.0527,-6.61311865323653,-3.30655932661827,-3.30655932661827,-3.30655932661827,-5.55111512312578e-17
0.0528,-6.3742398974869,-3.18711994874345,-3.18711994874345,-3.18711994874345,-1.11022302462516e-16
0.0529,-6.12907053652975,-3.06453526826488,-3.06453526826488,-3.06453526826488,0
0.053,-5.87785252292471,-2.93892626146235,-2.93892626146235,-2.93892626146235,-5.55111512312578e-17
0.0531,-5.62083377852133,-2.81041688926066,-2.81041688926066,-2.81041688926066,0
0.0532,-5.35826794978998,-2.67913397489499,-2.67913397489499,-2.67913397489499,-5.55111512312578e-17
0.0533,-5.09041415750371,-2.54520707875185,-2.54520707875185,-2.54520707875185,-5.55111512312578e-17
0.0534,-4.81753674101713,-2.40876837050857,-2.40876837050857,-2.40876837050857,0
0.0535,-4.53990499739543,-2.26995249869772,-2.26995249869772,-2.26995249869772,-2.77555756156289e-17
0.0536,-4.25779291565074,-2.12889645782537,-2.12889645782537,-2.12889645782537,-5.55111512312578e-17
0.0537,-3.97147890634781,-1.9857394531739,-1.9857394531739,-1.9857394531739,-2.77555756156289e-17
0.0538,-3.68124552684677,-1.84062276342338,-1.84062276342338,-1.84062276342338,-2.77555756156289e-17
0.0539,-3.38737920245289,-1.69368960122644,-1.69368960122644,-1.69368960122644,-2.77555756156289e-17
0.054,-3.0901699437495,-1.54508497187475,-1.54508497187475,-1.54508497187475,-2.77555756156289e-17
0.0541,-2.7899110603923,-1.39495553019615,-1.39495553019615,-1.39495553019615,0
0.0542,-2.48689887164854,-1.24344943582427,-1.24344943582427,-1.24344943582427,-1.38777878078145e-17
0.0543,-2.1814324139654,-1.0907162069827,-1.0907162069827,-1.0907162069827,-2.77555756156289e-17
0.0544,-1.87381314585721,-0.936906572928604,-0.936906572928604,-0.936906572928604,-1.38777878078145e-17
0.0545,-1.56434465040232,-0.782172325201162,-0.782172325201162,-0.782172325201163,-1.38777878078145e-17
0.0546,-1.25333233564304,-0.626666167821521,-0.626666167821521,-0.626666167821521,-1.38777878078145e-17
0.0547,-0.941083133185127,-0.470541566592564,-0.470541566592564,-0.470541566592564,-1.38777878078145e-17
0.0548,-0.627905195293102,-0.313952597646551,-0.313952597646551,-0.313952597646551,0
0.0549,-0.314107590781235,-0.157053795390618,-0.157053795390618,-0.157053795390618,0
0.055,-7.34788079488412e-15,-3.67394039744206e-15,-3.67394039744206e-15,-3.67394039744206e-15,0
0.0551,0.314107590781292,0.157053795390646,0.157053795390646,0.157053795390646,3.46944695195361e-18
0.0552,0.627905195293158,0.313952597646579,0.313952597646579,0.313952597646579,0
0.0553,0.941083133185184,0.470541566592592,0.470541566592592,0.470541566592592,0
0.0554,1.25333233564303,0.626666167821514,0.626666167821514,0.626666167821514,1.38777878078145e-17
0.0555,1.56434465040231,0.782172325201155,0.782172325201155,0.782172325201155,1.38777878078145e-17
0.0556,1.87381314585726,0.936906572928632,0.936906572928632,0.936906572928632,0
0.0557,2.18143241396546,1.09071620698273,1.09071620698273,1.09071620698273,0
0.0558,2.48689887164853,1.24344943582426,1.24344943582426,1.24344943582426,2.77555756156289e-17
0.0559,2.78991106039229,1.39495553019614,1.39495553019614,1.39495553019614,0
0.056,3.09016994374948,1.54508497187474,1.54508497187474,1.54508497187474,2.77555756156289e-17
0.0561,3.38737920245294,1.69368960122647,1.69368960122647,1.69368960122647,0
0.0562,3.68124552684675,1.84062276342338,1.84062276342338,1.84062276342338,0
0.0563,3.97147890634779,1.9857394531739,1.9857394531739,1.9857394531739,2.77555756156289e-17
0.0564,4.25779291565073,2.12889645782536,2.12889645782536,2.12889645782537,5.55111512312578e-17
0.0565,4.53990499739549,2.26995249869774,2.26995249869774,2.26995249869774,2.77555756156289e-17
0.0566,4.81753674101718,2.40876837050859,2.40876837050859,2.40876837050859,5.55111512312578e-17
0.0567,5.09041415750369,2.54520707875185,2.54520707875185,2.54520707875185,0
0.0568,5.35826794978996,2.67913397489498,2.67913397489498,2.67913397489498,5.55111512312578e-17
0.0569,5.62083377852132,2.81041688926066,2.81041688926066,2.81041688926066,0
0.057,5.87785252292475,2.93892626146238,2.93892626146238,2.93892626146238,5.55111512312578e-17
0.0571,6.1290705365298,3.0645352682649,3.0645352682649,3.0645352682649,0
0.0572,6.37423989748689,3.18711994874344,3.18711994874344,3.18711994874344,0
0.0573,6.61311865323652,3.30655932661826,3.30655932661826,3.30655932661826,0
0.0574,6.8454710592869,3.42273552964345,3.42273552964345,3.42273552964345,5.55111512312578e-17
0.0575,7.0710678118655,3.53553390593275,3.53553390593275,3.53553390593275,5.55111512312578e-17
0.0576,7.28968627421415,3.64484313710708,3.64484313710707,3.64484313710708,5.55111512312578e-17
0.0577,7.50111069630459,3.7505553481523,3.7505553481523,3.7505553481523,0
0.0578,7.7051324277579,3.85256621387895,3.85256621387895,3.85256621387895,5.55111512312578e-17
0.0579,7.90155012375692,3.95077506187846,3.95077506187846,3.95077506187846,5.55111512312578e-17
0.058,8.09016994374946,4.04508497187473,4.04508497187473,4.04508497187473,1.11022302462516e-16
0.0581,8.27080574274561,4.13540287137281,4.13540287137281,4.13540287137281,0
0.0582,8.44327925502016,4.22163962751008,4.22163962751008,4.22163962751008,1.11022302462516e-16
0.0583,8.60742027003945,4.30371013501972,4.30371013501972,4.30371013501972,0
0.0584,8.76306680043862,4.38153340021931,4.38153340021931,4.38153340021931,0
0.0585,8.91006524188367,4.45503262094184,4.45503262094184,4.45503262094184,0
0.0586,9.04827052466019,4.5241352623301,4.5241352623301,4.5241352623301,0
0.0587,9.17754625683981,4.58877312841991,4.58877312841991,4.58877312841991,0
0.0588,9.29776485888253,4.64888242944126,4.64888242944126,4.64888242944126,0
0.0589,9.40880768954225,4.70440384477112,4.70440384477112,4.70440384477112,0
0.059,9.51056516295153,4.75528258147577,4.75528258147577,4.75528258147577,5.55111512312578e-17
0.0591,9.60293685676943,4.80146842838472,4.80146842838472,4.80146842838472,0
0.0592,9.68583161128632,4.84291580564316,4.84291580564316,4.84291580564316,1.11022302462516e-16
0.0593,9.75916761938748,4.87958380969374,4.87958380969374,4.87958380969374,5.55111512312578e-17
0.0594,9.82287250728688,4.91143625364344,4.91143625364344,4.91143625364344,5.55111512312578e-17
0.0595,9.87688340595138,4.93844170297569,4.93844170297569,4.93844170297569,5.55111512312578e-17
0.0596,9.92114701314478,4.96057350657239,4.96057350657239,4.96057350657239,0
0.0597,9.9556196460308,4.9778098230154,4.9778098230154,4.9778098230154,0
0.0598,9.98026728428272,4.99013364214136,4.99013364214136,4.99013364214136,1.11022302462516e-16
0.0599,9.99506560365731,4.99753280182866,4.99753280182866,4.99753280182866,5.55111512312578e-17
0.06,10,5,5,5,5.55111512312578e-17
0.0601,9.99506560365731,4.99753280182866,4.99753280182866,4.99753280182866,5.55111512312578e-17
0.0602,9.98026728428271,4.99013364214136,4.99013364214136,4.99013364214136,5.55111512312578e-17
0.0603,9.9556196460308,4.9778098230154,4.9778098230154,4.9778098230154,5.55111512312578e-17
0.0604,9.92114701314478,4.96057350657239,4.96057350657239,4.96057350657239,0
0.0605,9.87688340595138,4.93844170297569,4.93844170297569,4.93844170297569,1.11022302462516e-16
0.0606,9.82287250728688,4.91143625364344,4.91143625364344,4.91143625364344,1.11022302462516e-16
0.0607,9.75916761938748,4.87958380969374,4.87958380969374,4.87958380969374,5.55111512312578e-17
0.0608,9.68583161128631,4.84291580564316,4.84291580564316,4.84291580564316,1.11022302462516e-16
0.0609,9.60293685676943,4.80146842838471,4.80146842838471,4.80146842838471,0
0.061,9.51056516295153,4.75528258147576,4.75528258147576,4.75528258147576,5.55111512312578e-17
0.0611,9.40880768954226,4.70440384477113,4.70440384477113,4.70440384477113,5.55111512312578e-17
0.0612,9.29776485888252,4.64888242944126,4.64888242944126,4.64888242944126,5.55111512312578e-17
0.0613,9.17754625683981,4.5887731284199,4.5887731284199,4.5887731284199,0
0.0614,9.04827052466019,4.52413526233009,4.52413526233009,4.52413526233009,0
0.0615,8.91006524188366,4.45503262094183,4.45503262094183,4.45503262094183,0
0.0616,8.76306680043865,4.38153340021932,4.38153340021932,4.38153340021932,1.11022302462516e-16
0.0617,8.60742027003944,4.30371013501972,4.30371013501972,4.30371013501972,5.55111512312578e-17
0.0618,8.44327925502014,4.22163962751007,4.22163962751007,4.22163962751007,5.55111512312578e-17
0.0619,8.2708057427456,4.1354028713728,4.1354028713728,4.1354028713728,1.11022302462516e-16
0.062,8.09016994374949,4.04508497187475,4.04508497187474,4.04508497187475,1.11022302462516e-16
0.0621,7.90155012375691,3.95077506187845,3.95077506187845,3.95077506187845,5.55111512312578e-17
0.0622,7.70513242775789,3.85256621387894,3.85256621387894,3.85256621387894,0
0.0623,7.50111069630458,3.75055534815229,3.75055534815229,3.75055534815229,5.55111512312578e-17
0.0624,7.28968627421409,3.64484313710704,3.64484313710704,3.64484313710704,5.55111512312578e-17
0.0625,7.07106781186549,3.53553390593274,3.53553390593274,3.53553390593274,0
0.0626,6.84547105928689,3.42273552964344,3.42273552964344,3.42273552964344,0
0.0627,6.61311865323651,3.30655932661825,3.30655932661825,3.30655932661825,5.55111512312578e-17
0.0628,6.37423989748687,3.18711994874344,3.18711994874344,3.18711994874344,5.55111512312578e-17
0.0629,6.12907053652978,3.06453526826489,3.06453526826489,3.06453526826489,0
0.063,5.87785252292474,2.93892626146237,2.93892626146237,2.93892626146237,5.55111512312578e-17
0.0631,5.6208337785213,2.81041688926065,2.81041688926065,2.81041688926065,0
0.0632,5.35826794978995,2.67913397489497,2.67913397489497,2.67913397489497,0
0.0633,5.09041415750368,2.54520707875184,2.54520707875184,2.54520707875184,0
0.0634,4.81753674101717,2.40876837050858,2.40876837050858,2.40876837050858,0
0.0635,4.53990499739547,2.26995249869773,2.26995249869773,2.26995249869773,2.77555756156289e-17
0.0636,4.25779291565071,2.12889645782536,2.12889645782536,2.12889645782536,5.55111512312578e-17
0.0637,3.97147890634778,1.98573945317389,1.98573945317389,1.98573945317389,0
0.0638,3.68124552684673,1.84062276342337,1.84062276342337,1.84062276342337,0
0.0639,3.38737920245292,1.69368960122646,1.69368960122646,1.69368960122646,0
0.064,3.09016994374947,1.54508497187473,1.54508497187473,1.54508497187473,0
0.0641,2.78991106039227,1.39495553019613,1.39495553019613,1.39495553019613,0
0.0642,2.48689887164851,1.24344943582425,1.24344943582425,1.24344943582425,2.77555756156289e-17
0.0643,2.18143241396537,1.09071620698268,1.09071620698268,1.09071620698268,1.38777878078145e-17
0.0644,1.87381314585724,0.936906572928622,0.936906572928622,0.936906572928622,1.38777878078145e-17
0.0645,1.56434465040229,0.782172325201145,0.782172325201145,0.782172325201145,0
0.0646,1.25333233564301,0.626666167821504,0.626666167821504,0.626666167821504,0
0.0647,0.941083133185093,0.470541566592547,0.470541566592547,0.470541566592547,0
0.0648,0.627905195293139,0.313952597646569,0.313952597646569,0.313952597646569,0
0.0649,0.314107590781272,0.157053795390636,0.157053795390636,0.157053795390636,0
0.065,-2.69546091939735e-14,-1.34773045969868e-14,-1.34773045969868e-14,-1.34773045969868e-14,-1.97215226305253e-31
0.0651,-0.314107590781326,-0.157053795390663,-0.157053795390663,-0.157053795390663,0
0.0652,-0.627905195293193,-0.313952597646596,-0.313952597646596,-0.313952597646596,0
0.0653,-0.941083133185147,-0.470541566592574,-0.470541566592573,-0.470541566592574,-1.38777878078145e-17
0.0654,-1.25333233564306,-0.626666167821531,-0.626666167821531,-0.626666167821531,0
0.0655,-1.56434465040234,-0.782172325201172,-0.782172325201172,-0.782172325201172,0
0.0656,-1.8738131458573,-0.936906572928649,-0.936906572928648,-0.936906572928649,0
0.0657,-2.18143241396542,-1.09071620698271,-1.09071620698271,-1.09071620698271,-2.77555756156289e-17
0.0658,-2.48689887164856,-1.24344943582428,-1.24344943582428,-1.24344943582428,0
0.0659,-2.78991106039232,-1.39495553019616,-1.39495553019616,-1.39495553019616,0
0.066,-3.09016994374952,-1.54508497187476,-1.54508497187476,-1.54508497187476,0
0.0661,-3.3873792024529,-1.69368960122645,-1.69368960122645,-1.69368960122645,-2.77555756156289e-17
0.0662,-3.68124552684678,-1.84062276342339,-1.84062276342339,-1.84062276342339,0
0.0663,-3.97147890634783,-1.98573945317391,-1.98573945317391,-1.98573945317391,-2.77555756156289e-17
0.0664,-4.25779291565076,-2.12889645782538,-2.12889645782538,-2.12889645782538,-5.55111512312578e-17
0.0665,-4.53990499739545,-2.26995249869773,-2.26995249869773,-2.26995249869773,0
0.0666,-4.81753674101715,-2.40876837050858,-2.40876837050858,-2.40876837050858,0
0.0667,-5.09041415750373,-2.54520707875186,-2.54520707875186,-2.54520707875186,-5.55111512312578e-17
0.0668,-5.35826794978999,-2.679133974895,-2.679133974895,-2.679133974895,0
0.0669,-5.62083377852129,-2.81041688926064,-2.81041688926064,-2.81041688926064,0
0.067,-5.87785252292472,-2.93892626146236,-2.93892626146236,-2.93892626146236,0
0.0671,-6.12907053652977,-3.06453526826489,-3.06453526826488,-3.06453526826489,0
0.0672,-6.37423989748692,-3.18711994874346,-3.18711994874346,-3.18711994874346,0
0.0673,-6.6131186532365,-3.30655932661825,-3.30655932661825,-3.30655932661825,-5.55111512312578e-17
0.0674,-6.84547105928687,-3.42273552964344,-3.42273552964344,-3.42273552964344,0
0.0675,-7.07106781186548,-3.53553390593274,-3.53553390593274,-3.53553390593274,-5.55111512312578e-17
0.0676,-7.28968627421413,-3.64484313710706,-3.64484313710706,-3.64484313710706,0
0.0677,-7.50111069630462,-3.75055534815231,-3.75055534815231,-3.75055534815231,-5.55111512312578e-17
0.0678,-7.70513242775788,-3.85256621387894,-3.85256621387894,-3.85256621387894,0
0.0679,-7.9015501237569,-3.95077506187845,-3.95077506187845,-3.95077506187845,0
0.068,-8.09016994374948,-4.04508497187474,-4.04508497187474,-4.04508497187474,0
0.0681,-8.27080574274563,-4.13540287137282,-4.13540287137282,-4.13540287137282,0
0.0682,-8.44327925502013,-4.22163962751007,-4.22163962751007,-4.22163962751007,0
0.0683,-8.60742027003943,-4.30371013501971,-4.30371013501971,-4.30371013501972,-5.55111512312578e-17
0.0684,-8.76306680043864,-4.38153340021932,-4.38153340021932,-4.38153340021932,-1.11022302462516e-16
0.0685,-8.91006524188369,-4.45503262094184,-4.45503262094184,-4.45503262094184,0
0.0686,-9.04827052466021,-4.5241352623301,-4.5241352623301,-4.52413526233011,-5.55111512312578e-17
0.0687,-9.1775462568398,-4.5887731284199,-4.5887731284199,-4.5887731284199,-5.55111512312578e-17
0.0688,-9.29776485888251,-4.64888242944126,-4.64888242944126,-4.64888242944126,-1.11022302462516e-16
0.0689,-9.40880768954226,-4.70440384477113,-4.70440384477113,-4.70440384477113,0
0.069,-9.51056516295154,-4.75528258147577,-4.75528258147577,-4.75528258147577,0
0.0691,-9.60293685676944,-4.80146842838472,-4.80146842838472,-4.80146842838472,-5.55111512312578e-17
0.0692,-9.68583161128631,-4.84291580564315,-4.84291580564315,-4.84291580564315,-1.11022302462516e-16
0.0693,-9.75916761938747,-4.87958380969374,-4.87958380969374,-4.87958380969374,-5.55111512312578e-17
0.0694,-9.82287250728689,-4.91143625364345,-4.91143625364344,-4.91143625364345,-1.11022302462516e-16
0.0695,-9.87688340595138,-4.93844170297569,-4.93844170297569,-4.93844170297569,-1.11022302462516e-16
0.0696,-9.92114701314478,-4.96057350657239,-4.96057350657239,-4.96057350657239,-5.55111512312578e-17
0.0697,-9.9556196460308,-4.9778098230154,-4.9778098230154,-4.9778098230154,-5.55111512312578e-17
0.0698,-9.98026728428272,-4.99013364214136,-4.99013364214136,-4.99013364214136,0
0.0699,-9.99506560365732,-4.99753280182866,-4.99753280182866,-4.99753280182866,-1.11022302462516e-16
0.07,-10,-5,-5,-5,-5.55111512312578e-17
0.0701,-9.99506560365731,-4.99753280182866,-4.99753280182866,-4.99753280182866,0
0.0702,-9.98026728428272,-4.99013364214136,-4.99013364214136,-4.99013364214136,-1.11022302462516e-16
0.0703,-9.9556196460308,-4.9778098230154,-4.9778098230154,-4.9778098230154,-1.11022302462516e-16
0.0704,-9.92114701314477,-4.96057350657239,-4.96057350657239,-4.96057350657239,-1.11022302462516e-16
0.0705,-9.87688340595137,-4.93844170297568,-4.93844170297568,-4.93844170297568,0
0.0706,-9.82287250728689,-4.91143625364344,-4.91143625364344,-4.91143625364344,0
0.0707,-9.75916761938747,-4.87958380969374,-4.87958380969373,-4.87958380969374,-5.55111512312578e-17
0.0708,-9.6858316112863,-4.84291580564315,-4.84291580564315,-4.84291580564315,0
0.0709,-9.60293685676942,-4.80146842838471,-4.80146842838471,-4.80146842838471,0
0.071,-9.51056516295154,-4.75528258147577,-4.75528258147577,-4.75528258147577,0
0.0711,-9.40880768954225,-4.70440384477113,-4.70440384477113,-4.70440384477113,-5.55111512312578e-17
0.0712,-9.29776485888251,-4.64888242944125,-4.64888242944125,-4.64888242944125,-5.55111512312578e-17
0.0713,-9.1775462568398,-4.5887731284199,-4.5887731284199,-4.5887731284199,0
0.0714,-9.0482705246602,-4.5241352623301,-4.5241352623301,-4.5241352623301,0
0.0715,-8.91006524188368,-4.45503262094184,-4.45503262094184,-4.45503262094184,0
0.0716,-8.76306680043863,-4.38153340021931,-4.38153340021931,-4.38153340021931,0
0.0717,-8.60742027003942,-4.30371013501971,-4.30371013501971,-4.30371013501971,-5.55111512312578e-17
0.0718,-8.44327925502016,-4.22163962751008,-4.22163962751008,-4.22163962751008,0
0.0719,-8.27080574274562,-4.13540287137281,-4.13540287137281,-4.13540287137281,0
0.072,-8.09016994374947,-4.04508497187473,-4.04508497187473,-4.04508497187474,-1.11022302462516e-16
0.0721,-7.90155012375689,-3.95077506187844,-3.95077506187844,-3.95077506187844,0
0.0722,-7.70513242775791,-3.85256621387896,-3.85256621387896,-3.85256621387896,0
0.0723,-7.5011106963046,-3.7505553481523,-3.7505553481523,-3.7505553481523,0
0.0724,-7.28968627421411,-3.64484313710706,-3.64484313710706,-3.64484313710706,0
0.0725,-7.07106781186546,-3.53553390593273,-3.53553390593273,-3.53553390593273,-5.55111512312578e-17
0.0726,-6.84547105928691,-3.42273552964346,-3.42273552964346,-3.42273552964346,0
0.0727,-6.61311865323654,-3.30655932661827,-3.30655932661827,-3.30655932661827,-5.55111512312578e-17
0.0728,-6.3742398974869,-3.18711994874345,-3.18711994874345,-3.18711994874345,0
0.0729,-6.12907053652976,-3.06453526826488,-3.06453526826488,-3.06453526826488,0
0.073,-5.87785252292471,-2.93892626146236,-2.93892626146235,-2.93892626146236,0
0.0731,-5.62083377852133,-2.81041688926067,-2.81041688926066,-2.81041688926067,-5.55111512312578e-17
0.0732,-5.35826794978998,-2.67913397489499,-2.67913397489499,-2.67913397489499,0
0.0733,-5.09041415750371,-2.54520707875186,-2.54520707875186,-2.54520707875186,0
0.0734,-4.81753674101714,-2.40876837050857,-2.40876837050857,-2.40876837050857,0
0.0735,-4.53990499739544,-2.26995249869772,-2.26995249869772,-2.26995249869772,-5.55111512312578e-17
0.0736,-4.25779291565074,-2.12889645782537,-2.12889645782537,-2.12889645782537,0
0.0737,-3.97147890634781,-1.9857394531739,-1.9857394531739,-1.9857394531739,-2.77555756156289e-17
0.0738,-3.68124552684677,-1.84062276342338,-1.84062276342338,-1.84062276342338,0
0.0739,-3.38737920245289,-1.69368960122644,-1.69368960122644,-1.69368960122644,-2.77555756156289e-17
0.074,-3.09016994374943,-1.54508497187472,-1.54508497187472,-1.54508497187472,0
0.0741,-2.7899110603923,-1.39495553019615,-1.39495553019615,-1.39495553019615,0
0.0742,-2.48689887164854,-1.24344943582427,-1.24344943582427,-1.24344943582427,-2.77555756156289e-17
0.0743,-2.18143241396541,-1.0907162069827,-1.0907162069827,-1.0907162069827,-2.77555756156289e-17
0.0744,-1.87381314585721,-0.936906572928605,-0.936906572928605,-0.936906572928605,0
0.0745,-1.56434465040233,-0.782172325201163,-0.782172325201163,-0.782172325201163,-1.38777878078145e-17
0.0746,-1.25333233564304,-0.626666167821522,-0.626666167821523,-0.626666167821523,1.38777878078145e-17
0.0747,-0.94108313318513,-0.470541566592565,-0.470541566592565,-0.470541566592565,0
0.0748,-0.627905195293105,-0.313952597646552,-0.313952597646552,-0.313952597646552,0
0.0749,-0.314107590781238,-0.157053795390619,-0.157053795390619,-0.157053795390619,0
0.075,-9.79717439317883e-15,-4.89858719658941e-15,-4.89858719658941e-15,-4.89858719658941e-15,-9.86076131526265e-32
0.0751,0.314107590781289,0.157053795390645,0.157053795390645,0.157053795390645,-3.46944695195361e-18
0.0752,0.627905195293156,0.313952597646578,0.313952597646578,0.313952597646578,0
0.0753,0.941083133185181,0.470541566592591,0.47054156659259,0.470541566592591,6.93889390390723e-18
0.0754,1.2533323356431,0.626666167821548,0.626666167821548,0.626666167821548,1.38777878078145e-17
0.0755,1.56434465040231,0.782172325201154,0.782172325201154,0.782172325201154,0
0.0756,1.87381314585726,0.936906572928631,0.93690657292863,0.936906572928631,2.77555756156289e-17
0.0757,2.18143241396546,1.09071620698273,1.09071620698273,1.09071620698273,0
0.0758,2.48689887164859,1.2434494358243,1.2434494358243,1.2434494358243,2.77555756156289e-17
0.0759,2.78991106039235,1.39495553019618,1.39495553019618,1.39495553019618,0
0.076,3.09016994374948,1.54508497187474,1.54508497187474,1.54508497187474,2.77555756156289e-17
0.0761,3.38737920245294,1.69368960122647,1.69368960122647,1.69368960122647,0
0.0762,3.68124552684682,1.84062276342341,1.84062276342341,1.84062276342341,5.55111512312578e-17
0.0763,3.97147890634786,1.98573945317393,1.98573945317393,1.98573945317393,5.55111512312578e-17
0.0764,4.25779291565073,2.12889645782536,2.12889645782536,2.12889645782536,0
0.0765,4.53990499739548,2.26995249869774,2.26995249869774,2.26995249869774,2.77555756156289e-17
0.0766,4.81753674101718,2.40876837050859,2.40876837050859,2.40876837050859,2.77555756156289e-17
0.0767,5.09041415750375,2.54520707875188,2.54520707875188,2.54520707875188,0
0.0768,5.35826794978996,2.67913397489498,2.67913397489498,2.67913397489498,5.55111512312578e-17
0.0769,5.62083377852131,2.81041688926066,2.81041688926066,2.81041688926066,5.55111512312578e-17
0.077,5.87785252292475,2.93892626146238,2.93892626146238,2.93892626146238,5.55111512312578e-17
0.0771,6.1290705365298,3.0645352682649,3.0645352682649,3.0645352682649,5.55111512312578e-17
0.0772,6.37423989748689,3.18711994874344,3.18711994874344,3.18711994874344,0
0.0773,6.61311865323652,3.30655932661826,3.30655932661826,3.30655932661826,1.11022302462516e-16
0.0774,6.8454710592869,3.42273552964345,3.42273552964345,3.42273552964345,5.55111512312578e-17
0.0775,7.0710678118655,3.53553390593275,3.53553390593275,3.53553390593275,0
0.0776,7.2896862742141,3.64484313710705,3.64484313710705,3.64484313710705,5.55111512312578e-17
0.0777,7.50111069630459,3.7505553481523,3.7505553481523,3.7505553481523,0
0.0778,7.7051324277579,3.85256621387895,3.85256621387895,3.85256621387895,0
0.0779,7.90155012375688,3.95077506187844,3.95077506187844,3.95077506187844,1.11022302462516e-16
0.078,8.09016994374946,4.04508497187473,4.04508497187473,4.04508497187473,1.11022302462516e-16
0.0781,8.27080574274561,4.13540287137281,4.13540287137281,4.13540287137281,1.11022302462516e-16
0.0782,8.44327925502015,4.22163962751008,4.22163962751008,4.22163962751008,5.55111512312578e-17
0.0783,8.60742027003945,4.30371013501972,4.30371013501972,4.30371013501972,5.55111512312578e-17
0.0784,8.76306680043862,4.38153340021931,4.38153340021931,4.38153340021931,1.11022302462516e-16
0.0785,8.91006524188367,4.45503262094183,4.45503262094183,4.45503262094184,0
0.0786,9.04827052466019,4.5241352623301,4.5241352623301,4.5241352623301,1.11022302462516e-16
0.0787,9.17754625683981,4.58877312841991,4.58877312841991,4.58877312841991,0
0.0788,9.29776485888253,4.64888242944126,4.64888242944126,4.64888242944126,5.55111512312578e-17
0.0789,9.40880768954225,4.70440384477112,4.70440384477112,4.70440384477112,0
0.079,9.51056516295153,4.75528258147577,4.75528258147577,4.75528258147577,5.55111512312578e-17
0.0791,9.60293685676943,4.80146842838472,4.80146842838472,4.80146842838472,0
0.0792,9.68583161128632,4.84291580564316,4.84291580564316,4.84291580564316,5.55111512312578e-17
0.0793,9.75916761938748,4.87958380969374,4.87958380969374,4.87958380969374,0
0.0794,9.82287250728688,4.91143625364344,4.91143625364344,4.91143625364344,5.55111512312578e-17
0.0795,9.87688340595138,4.93844170297569,4.93844170297569,4.93844170297569,1.11022302462516e-16
0.0796,9.92114701314478,4.96057350657239,4.96057350657239,4.96057350657239,0
0.0797,9.9556196460308,4.9778098230154,4.9778098230154,4.9778098230154,0
0.0798,9.98026728428272,4.99013364214136,4.99013364214136,4.99013364214136,1.11022302462516e-16
0.0799,9.99506560365731,4.99753280182866,4.99753280182866,4.99753280182866,5.55111512312578e-17
0.08,10,5,5,5,5.55111512312578e-17
0.0801,9.99506560365731,4.99753280182866,4.99753280182866,4.99753280182866,5.55111512312578e-17
0.0802,9.98026728428271,4.99013364214136,4.99013364214136,4.99013364214136,5.55111512312578e-17
0.0803,9.95561964603079,4.9778098230154,4.9778098230154,4.9778098230154,0
0.0804,9.92114701314478,4.96057350657239,4.96057350657239,4.96057350657239,1.11022302462516e-16
0.0805,9.87688340595138,4.93844170297569,4.93844170297569,4.93844170297569,1.11022302462516e-16
0.0806,9.82287250728688,4.91143625364344,4.91143625364344,4.91143625364344,1.11022302462516e-16
0.0807,9.75916761938746,4.87958380969373,4.87958380969373,4.87958380969373,5.55111512312578e-17
0.0808,9.68583161128629,4.84291580564315,4.84291580564315,4.84291580564315,0
0.0809,9.60293685676943,4.80146842838471,4.80146842838471,4.80146842838471,0
0.081,9.51056516295153,4.75528258147576,4.75528258147576,4.75528258147576,5.55111512312578e-17
0.0811,9.40880768954224,4.70440384477112,4.70440384477112,4.70440384477112,0
0.0812,9.29776485888249,4.64888242944125,4.64888242944125,4.64888242944125,0
0.0813,9.17754625683981,4.5887731284199,4.5887731284199,4.5887731284199,0
0.0814,9.04827052466019,4.52413526233009,4.52413526233009,4.52413526233009,5.55111512312578e-17
0.0815,8.91006524188366,4.45503262094183,4.45503262094183,4.45503262094183,0
0.0816,8.76306680043861,4.38153340021931,4.3815334002193,4.38153340021931,1.11022302462516e-16
0.0817,8.60742027003944,4.30371013501972,4.30371013501972,4.30371013501972,1.11022302462516e-16
0.0818,8.44327925502015,4.22163962751007,4.22163962751007,4.22163962751007,1.11022302462516e-16
0.0819,8.2708057427456,4.1354028713728,4.1354028713728,4.1354028713728,5.55111512312578e-17
0.082,8.09016994374945,4.04508497187472,4.04508497187472,4.04508497187473,1.11022302462516e-16
0.0821,7.90155012375691,3.95077506187846,3.95077506187845,3.95077506187846,5.55111512312578e-17
0.0822,7.70513242775789,3.85256621387894,3.85256621387894,3.85256621387894,5.55111512312578e-17
0.0823,7.50111069630458,3.75055534815229,3.75055534815229,3.75055534815229,5.55111512312578e-17
0.0824,7.28968627421409,3.64484313710705,3.64484313710704,3.64484313710705,5.55111512312578e-17
0.0825,7.07106781186549,3.53553390593274,3.53553390593274,3.53553390593274,5.55111512312578e-17
0.0826,6.84547105928689,3.42273552964344,3.42273552964344,3.42273552964344,5.55111512312578e-17
0.0827,6.61311865323651,3.30655932661825,3.30655932661825,3.30655932661825,0
0.0828,6.37423989748688,3.18711994874344,3.18711994874344,3.18711994874344,0
0.0829,6.12907053652979,3.06453526826489,3.06453526826489,3.06453526826489,0
0.083,5.87785252292474,2.93892626146237,2.93892626146237,2.93892626146237,5.55111512312578e-17
0.0831,5.6208337785213,2.81041688926065,2.81041688926065,2.81041688926065,0
0.0832,5.35826794978995,2.67913397489497,2.67913397489497,2.67913397489497,0
0.0833,5.09041415750374,2.54520707875187,2.54520707875187,2.54520707875187,5.55111512312578e-17
0.0834,4.81753674101717,2.40876837050858,2.40876837050858,2.40876837050858,2.77555756156289e-17
0.0835,4.53990499739547,2.26995249869773,2.26995249869773,2.26995249869774,0
0.0836,4.25779291565071,2.12889645782536,2.12889645782536,2.12889645782536,0
0.0837,3.97147890634778,1.98573945317389,1.98573945317389,1.98573945317389,0
0.0838,3.6812455268468,1.8406227634234,1.8406227634234,1.8406227634234,0
0.0839,3.38737920245292,1.69368960122646,1.69368960122646,1.69368960122646,2.77555756156289e-17
0.084,3.09016994374947,1.54508497187473,1.54508497187473,1.54508497187473,0
0.0841,2.78991106039227,1.39495553019614,1.39495553019614,1.39495553019614,0
0.0842,2.48689887164851,1.24344943582425,1.24344943582425,1.24344943582425,1.38777878078145e-17
0.0843,2.18143241396544,1.09071620698272,1.09071620698272,1.09071620698272,2.77555756156289e-17
0.0844,1.87381314585725,0.936906572928623,0.936906572928623,0.936906572928623,0
0.0845,1.56434465040229,0.782172325201147,0.782172325201146,0.782172325201147,1.38777878078145e-17
0.0846,1.25333233564301,0.626666167821506,0.626666167821506,0.626666167821506,0
0.0847,0.941083133185167,0.470541566592583,0.470541566592583,0.470541566592583,6.93889390390723e-18
0.0848,0.627905195293141,0.313952597646571,0.313952597646571,0.313952597646571,0
0.0849,0.314107590781274,0.157053795390637,0.157053795390637,0.157053795390637,0
0.085,-2.45053155956788e-14,-1.22526577978394e-14,-1.22526577978394e-14,-1.22526577978394e-14,0
0.0851,-0.314107590781323,-0.157053795390662,-0.157053795390662,-0.157053795390662,0
0.0852,-0.627905195293119,-0.31395259764656,-0.31395259764656,-0.31395259764656,-6.93889390390723e-18
0.0853,-0.941083133185144,-0.470541566592572,-0.470541566592572,-0.470541566592572,0
0.0854,-1.25333233564306,-0.62666616782153,-0.62666616782153,-0.62666616782153,-2.77555756156289e-17
0.0855,-1.56434465040234,-0.782172325201171,-0.782172325201171,-0.782172325201171,0
0.0856,-1.87381314585729,-0.936906572928647,-0.936906572928647,-0.936906572928648,0
0.0857,-2.18143241396542,-1.09071620698271,-1.09071620698271,-1.09071620698271,-1.38777878078145e-17
0.0858,-2.48689887164856,-1.24344943582428,-1.24344943582428,-1.24344943582428,-2.77555756156289e-17
0.0859,-2.78991106039232,-1.39495553019616,-1.39495553019616,-1.39495553019616,0
0.086,-3.09016994374951,-1.54508497187476,-1.54508497187476,-1.54508497187476,0
0.0861,-3.38737920245297,-1.69368960122648,-1.69368960122648,-1.69368960122648,-2.77555756156289e-17
0.0862,-3.68124552684678,-1.84062276342339,-1.84062276342339,-1.84062276342339,0
0.0863,-3.97147890634782,-1.98573945317391,-1.98573945317391,-1.98573945317391,-2.77555756156289e-17
0.0864,-4.25779291565076,-2.12889645782538,-2.12889645782538,-2.12889645782538,0
0.0865,-4.53990499739551,-2.26995249869776,-2.26995249869776,-2.26995249869776,-5.55111512312578e-17
0.0866,-4.81753674101721,-2.40876837050861,-2.40876837050861,-2.40876837050861,-5.55111512312578e-17
0.0867,-5.09041415750372,-2.54520707875186,-2.54520707875186,-2.54520707875186,0
0.0868,-5.35826794978999,-2.67913397489499,-2.67913397489499,-2.67913397489499,0
0.0869,-5.62083377852134,-2.81041688926067,-2.81041688926067,-2.81041688926067,0
0.087,-5.87785252292478,-2.93892626146239,-2.93892626146239,-2.93892626146239,-5.55111512312578e-17
0.0871,-6.12907053652977,-3.06453526826488,-3.06453526826488,-3.06453526826488,-5.55111512312578e-17
0.0872,-6.37423989748691,-3.18711994874346,-3.18711994874346,-3.18711994874346,0
0.0873,-6.61311865323655,-3.30655932661827,-3.30655932661827,-3.30655932661827,0
0.0874,-6.84547105928693,-3.42273552964346,-3.42273552964346,-3.42273552964346,-5.55111512312578e-17
0.0875,-7.07106781186547,-3.53553390593274,-3.53553390593274,-3.53553390593274,-5.55111512312578e-17
0.0876,-7.28968627421412,-3.64484313710706,-3.64484313710706,-3.64484313710706,-1.11022302462516e-16
0.0877,-7.50111069630461,-3.75055534815231,-3.75055534815231,-3.75055534815231,-5.55111512312578e-17
0.0878,-7.70513242775792,-3.85256621387896,-3.85256621387896,-3.85256621387896,0
0.0879,-7.9015501237569,-3.95077506187845,-3.95077506187845,-3.95077506187845,0
0.088,-8.09016994374948,-4.04508497187474,-4.04508497187474,-4.04508497187474,0
0.0881,-8.27080574274563,-4.13540287137281,-4.13540287137281,-4.13540287137282,0
0.0882,-8.44327925502017,-4.22163962751009,-4.22163962751009,-4.22163962751009,-1.11022302462516e-16
0.0883,-8.60742027003943,-4.30371013501971,-4.30371013501971,-4.30371013501971,0
0.0884,-8.76306680043864,-4.38153340021932,-4.38153340021932,-4.38153340021932,-1.11022302462516e-16
0.0885,-8.91006524188369,-4.45503262094184,-4.45503262094184,-4.45503262094184,-1.11022302462516e-16
0.0886,-9.04827052466018,-4.52413526233009,-4.52413526233009,-4.52413526233009,-5.55111512312578e-17
0.0887,-9.1775462568398,-4.5887731284199,-4.5887731284199,-4.5887731284199,0
0.0888,-9.29776485888251,-4.64888242944126,-4.64888242944126,-4.64888242944126,0
0.0889,-9.40880768954226,-4.70440384477113,-4.70440384477113,-4.70440384477113,0
0.089,-9.51056516295154,-4.75528258147577,-4.75528258147577,-4.75528258147577,-1.11022302462516e-16
0.0891,-9.60293685676942,-4.80146842838471,-4.80146842838471,-4.80146842838471,-1.11022302462516e-16
0.0892,-9.68583161128631,-4.84291580564315,-4.84291580564315,-4.84291580564315,-5.55111512312578e-17
0.0893,-9.75916761938747,-4.87958380969374,-4.87958380969374,-4.87958380969374,-5.55111512312578e-17
0.0894,-9.82287250728689,-4.91143625364345,-4.91143625364344,-4.91143625364345,-1.11022302462516e-16
0.0895,-9.87688340595138,-4.93844170297569,-4.93844170297569,-4.93844170297569,-5.55111512312578e-17
0.0896,-9.92114701314478,-4.96057350657239,-4.96057350657239,-4.96057350657239,-5.55111512312578e-17
0.0897,-9.9556196460308,-4.9778098230154,-4.9778098230154,-4.9778098230154,-5.55111512312578e-17
0.0898,-9.98026728428272,-4.99013364214136,-4.99013364214136,-4.99013364214136,0
0.0899,-9.99506560365732,-4.99753280182866,-4.99753280182866,-4.99753280182866,-1.11022302462516e-16
0.09,-10,-5,-5,-5,-5.55111512312578e-17
0.0901,-9.99506560365732,-4.99753280182866,-4.99753280182866,-4.99753280182866,-1.11022302462516e-16
0.0902,-9.98026728428272,-4.99013364214136,-4.99013364214136,-4.99013364214136,-1.11022302462516e-16
0.0903,-9.9556196460308,-4.9778098230154,-4.9778098230154,-4.9778098230154,-1.11022302462516e-16
0.0904,-9.92114701314477,-4.96057350657239,-4.96057350657239,-4.96057350657239,0
0.0905,-9.87688340595137,-4.93844170297568,-4.93844170297568,-4.93844170297568,0
0.0906,-9.82287250728689,-4.91143625364344,-4.91143625364344,-4.91143625364344,0
0.0907,-9.75916761938747,-4.87958380969374,-4.87958380969373,-4.87958380969374,-5.55111512312578e-17
0.0908,-9.6858316112863,-4.84291580564315,-4.84291580564315,-4.84291580564315,0
0.0909,-9.60293685676942,-4.80146842838471,-4.80146842838471,-4.80146842838471,0
0.091,-9.51056516295154,-4.75528258147577,-4.75528258147577,-4.75528258147577,-1.11022302462516e-16
0.0911,-9.40880768954225,-4.70440384477113,-4.70440384477113,-4.70440384477113,-1.11022302462516e-16
0.0912,-9.29776485888251,-4.64888242944125,-4.64888242944125,-4.64888242944125,-1.11022302462516e-16
0.0913,-9.1775462568398,-4.5887731284199,-4.5887731284199,-4.5887731284199,-5.55111512312578e-17
0.0914,-9.04827052466017,-4.52413526233009,-4.52413526233009,-4.52413526233009,-5.55111512312578e-17
0.0915,-8.91006524188368,-4.45503262094184,-4.45503262094184,-4.45503262094184,-5.55111512312578e-17
0.0916,-8.76306680043863,-4.38153340021931,-4.38153340021931,-4.38153340021932,-1.11022302462516e-16
0.0917,-8.60742027003942,-4.30371013501971,-4.30371013501971,-4.30371013501971,0
0.0918,-8.44327925502013,-4.22163962751006,-4.22163962751006,-4.22163962751006,0
0.0919,-8.27080574274558,-4.13540287137279,-4.13540287137279,-4.13540287137279,0
0.092,-8.09016994374947,-4.04508497187474,-4.04508497187473,-4.04508497187474,-5.55111512312578e-17
0.0921,-7.90155012375689,-3.95077506187845,-3.95077506187844,-3.95077506187845,-1.11022302462516e-16
0.0922,-7.70513242775787,-3.85256621387893,-3.85256621387893,-3.85256621387893,-5.55111512312578e-17
0.0923,-7.50111069630456,-3.75055534815228,-3.75055534815228,-3.75055534815228,-5.55111512312578e-17
0.0924,-7.28968627421412,-3.64484313710706,-3.64484313710706,-3.64484313710706,-5.55111512312578e-17
0.0925,-7.07106781186546,-3.53553390593273,-3.53553390593273,-3.53553390593273,0
0.0926,-6.84547105928686,-3.42273552964343,-3.42273552964343,-3.42273552964343,0
0.0927,-6.61311865323648,-3.30655932661824,-3.30655932661824,-3.30655932661824,0
0.0928,-6.3742398974869,-3.18711994874345,-3.18711994874345,-3.18711994874345,-5.55111512312578e-17
0.0929,-6.12907053652976,-3.06453526826488,-3.06453526826488,-3.06453526826488,-5.55111512312578e-17
0.093,-5.87785252292471,-2.93892626146236,-2.93892626146236,-2.93892626146236,0
0.0931,-5.62083377852127,-2.81041688926064,-2.81041688926064,-2.81041688926064,-5.55111512312578e-17
0.0932,-5.35826794978998,-2.67913397489499,-2.67913397489499,-2.67913397489499,0
0.0933,-5.09041415750371,-2.54520707875186,-2.54520707875186,-2.54520707875186,-5.55111512312578e-17
0.0934,-4.81753674101714,-2.40876837050857,-2.40876837050857,-2.40876837050857,-5.55111512312578e-17
0.0935,-4.53990499739544,-2.26995249869772,-2.26995249869772,-2.26995249869772,0
0.0936,-4.25779291565075,-2.12889645782537,-2.12889645782537,-2.12889645782537,-5.55111512312578e-17
0.0937,-3.97147890634781,-1.98573945317391,-1.98573945317391,-1.98573945317391,-2.77555756156289e-17
0.0938,-3.68124552684677,-1.84062276342339,-1.84062276342338,-1.84062276342339,0
0.0939,-3.38737920245289,-1.69368960122645,-1.69368960122645,-1.69368960122645,0
0.094,-3.0901699437495,-1.54508497187475,-1.54508497187475,-1.54508497187475,-5.55111512312578e-17
0.0941,-2.78991106039231,-1.39495553019615,-1.39495553019615,-1.39495553019615,-2.77555756156289e-17
0.0942,-2.48689887164855,-1.24344943582427,-1.24344943582427,-1.24344943582427,0
0.0943,-2.18143241396541,-1.0907162069827,-1.0907162069827,-1.0907162069827,0
0.0944,-1.87381314585728,-0.936906572928641,-0.936906572928641,-0.936906572928641,0
0.0945,-1.56434465040233,-0.782172325201165,-0.782172325201165,-0.782172325201165,0
0.0946,-1.25333233564305,-0.626666167821524,-0.626666167821524,-0.626666167821524,0
0.0947,-0.941083133185132,-0.470541566592566,-0.470541566592566,-0.470541566592566,-6.93889390390723e-18
0.0948,-0.627905195293107,-0.313952597646553,-0.313952597646553,-0.313952597646553,0
0.0949,-0.314107590781311,-0.157053795390656,-0.157053795390656,-0.157053795390656,-3.46944695195361e-18
0.095,-1.22464679914735e-14,-6.12323399573677e-15,-6.12323399573677e-15,-6.12323399573677e-15,0
0.0951,0.314107590781287,0.157053795390643,0.157053795390643,0.157053795390643,0
0.0952,0.627905195293153,0.313952597646577,0.313952597646577,0.313952597646577,0
0.0953,0.941083133185179,0.470541566592589,0.470541566592589,0.470541566592589,6.93889390390723e-18
0.0954,1.25333233564302,0.626666167821512,0.626666167821512,0.626666167821512,0
0.0955,1.56434465040231,0.782172325201153,0.782172325201153,0.782172325201153,1.38777878078145e-17
0.0956,1.87381314585726,0.936906572928629,0.936906572928629,0.936906572928629,0
0.0957,2.18143241396545,1.09071620698273,1.09071620698273,1.09071620698273,0
0.0958,2.48689887164859,1.2434494358243,1.2434494358243,1.2434494358243,0
0.0959,2.78991106039228,1.39495553019614,1.39495553019614,1.39495553019614,0
0.096,3.09016994374948,1.54508497187474,1.54508497187474,1.54508497187474,2.77555756156289e-17
0.0961,3.38737920245293,1.69368960122647,1.69368960122647,1.69368960122647,0
0.0962,3.68124552684681,1.84062276342341,1.84062276342341,1.84062276342341,0
0.0963,3.97147890634785,1.98573945317393,1.98573945317393,1.98573945317393,0
0.0964,4.25779291565073,2.12889645782536,2.12889645782536,2.12889645782536,5.55111512312578e-17
0.0965,4.53990499739548,2.26995249869774,2.26995249869774,2.26995249869774,2.77555756156289e-17
0.0966,4.81753674101718,2.40876837050859,2.40876837050859,2.40876837050859,5.55111512312578e-17
0.0967,5.09041415750375,2.54520707875188,2.54520707875188,2.54520707875188,0
0.0968,5.35826794979002,2.67913397489501,2.67913397489501,2.67913397489501,5.55111512312578e-17
0.0969,5.62083377852131,2.81041688926066,2.81041688926066,2.81041688926066,0
0.097,5.87785252292475,2.93892626146238,2.93892626146237,2.93892626146238,5.55111512312578e-17
0.0971,6.1290705365298,3.0645352682649,3.0645352682649,3.0645352682649,5.55111512312578e-17
0.0972,6.37423989748694,3.18711994874347,3.18711994874347,3.18711994874347,0
0.0973,6.61311865323657,3.30655932661829,3.30655932661829,3.30655932661829,0
0.0974,6.8454710592869,3.42273552964345,3.42273552964345,3.42273552964345,5.55111512312578e-17
0.0975,7.0710678118655,3.53553390593275,3.53553390593275,3.53553390593275,5.55111512312578e-17
0.0976,7.28968627421415,3.64484313710707,3.64484313710707,3.64484313710707,5.55111512312578e-17
0.0977,7.50111069630464,3.75055534815232,3.75055534815232,3.75055534815232,0
0.0978,7.7051324277579,3.85256621387895,3.85256621387895,3.85256621387895,5.55111512312578e-17
0.0979,7.90155012375692,3.95077506187846,3.95077506187846,3.95077506187846,1.11022302462516e-16
0.098,8.0901699437495,4.04508497187475,4.04508497187475,4.04508497187475,5.55111512312578e-17
0.0981,8.27080574274565,4.13540287137283,4.13540287137282,4.13540287137283,1.11022302462516e-16
0.0982,8.44327925502015,4.22163962751008,4.22163962751008,4.22163962751008,0
0.0983,8.60742027003944,4.30371013501972,4.30371013501972,4.30371013501972,0
0.0984,8.76306680043865,4.38153340021933,4.38153340021933,4.38153340021933,5.55111512312578e-17
0.0985,8.9100652418837,4.45503262094185,4.45503262094185,4.45503262094185,1.11022302462516e-16
0.0986,9.04827052466019,4.5241352623301,4.5241352623301,4.5241352623301,1.11022302462516e-16
0.0987,9.17754625683981,4.58877312841991,4.58877312841991,4.58877312841991,0
0.0988,9.29776485888252,4.64888242944126,4.64888242944126,4.64888242944126,0
0.0989,9.40880768954227,4.70440384477113,4.70440384477113,4.70440384477113,0
0.099,9.51056516295153,4.75528258147577,4.75528258147577,4.75528258147577,5.55111512312578e-17
0.0991,9.60293685676943,4.80146842838472,4.80146842838472,4.80146842838472,1.11022302462516e-16
0.0992,9.68583161128632,4.84291580564316,4.84291580564316,4.84291580564316,5.55111512312578e-17
0.0993,9.75916761938747,4.87958380969373,4.87958380969373,4.87958380969373,1.11022302462516e-16
0.0994,9.82287250728688,4.91143625364344,4.91143625364344,4.91143625364344,1.11022302462516e-16
0.0995,9.87688340595138,4.93844170297569,4.93844170297569,4.93844170297569,1.11022302462516e-16
0.0996,9.92114701314478,4.96057350657239,4.96057350657239,4.96057350657239,0
0.0997,9.9556196460308,4.9778098230154,4.9778098230154,4.9778098230154,0
0.0998,9.98026728428271,4.99013364214136,4.99013364214136,4.99013364214136,5.55111512312578e-17
0.0999,9.99506560365731,4.99753280182866,4.99753280182866,4.99753280182866,5.55111512312578e-17
0.1,10,5,5,5,5.55111512312578e-17
