time,v1,v2,i12
0,10,0,10
0.0001,9.99506560365732,0.952145981126539,9.04291962253078
0.0002,9.98026728428272,1.81267173949258,8.16759554479013
0.0003,9.9556196460308,2.58936428479393,7.36625536123687
0.0004,9.92114701314478,3.28927086048859,6.63187615265619
0.0005,9.87688340595138,3.91877032230378,5.9581130836476
0.0006,9.82287250728689,4.4836377160481,5.33923479123879
0.0007,9.75916761938747,4.9891027015042,4.77006491788327
0.0008,9.68583161128631,5.4399024075835,4.24592920370281
0.0009,9.60293685676943,5.84032924819725,3.76260760857218
0.001,9.51056516295154,6.19427417787946,3.31629098507207
0.0011,9.40880768954225,6.50526582058113,2.90354186896113
0.0012,9.29776485888251,6.7765058637841,2.52125899509841
0.0013,9.17754625683981,7.01090107274382,2.16664518409599
0.0014,9.04827052466019,7.21109224588727,1.83717827877293
0.0015,8.91006524188368,7.37948040182867,1.53058484005501
0.0016,8.76306680043864,7.51825046081271,1.24481633962592
0.0017,8.60742027003944,7.62939265837713,0.978027611662312
0.0018,8.44327925502015,7.71472190639167,0.728557348628484
0.0019,8.27080574274562,7.77589529615273,0.494910446592884
0.002,8.09016994374947,7.81442791968557,0.275742024063902
0.0021,7.9015501237569,7.83170716864439,0.0698429551125104
0.0022,7.70513242775789,7.82900565503611,-0.123873227278215
0.0023,7.5011106963046,7.80749288427374,-0.306382187969143
0.0024,7.28968627421411,7.76824579865332,-0.478559524439206
0.0025,7.07106781186548,7.7122582981187,-0.641190486253223
0.0026,6.84547105928688,7.64044983501941,-0.794978775732527
0.0027,6.61311865323652,7.55367317037582,-0.940554517139302
0.0028,6.3742398974869,7.45272137085067,-1.07848147336377
0.0029,6.12907053652976,7.33833411810378,-1.20926358157401
0.003,5.87785252292473,7.21120339540125,-1.33335087247652
0.0031,5.6208337785213,7.0719786101938,-1.4511448316725
0.0032,5.35826794978997,6.92127120580921,-1.56300325601925
0.0033,5.09041415750371,6.75965881036518,-1.66924465286147
0.0034,4.81753674101715,6.58768896645044,-1.77015222543329
0.0035,4.53990499739547,6.40588248099862,-1.86597748360315
0.0036,4.25779291565073,6.21473643104857,-1.95694351539784
0.0037,3.97147890634781,6.01472685771054,-2.04324795136274
0.0038,3.68124552684678,5.80631117760452,-2.12506565075774
0.0039,3.38737920245291,5.5899303382755,-2.20255113582259
0.004,3.09016994374947,5.36601074159223,-2.27584079784276
0.0041,2.78991106039229,5.13496595687592,-2.34505489648362
0.0042,2.48689887164854,4.89719824346111,-2.41029937181256
0.0043,2.18143241396542,4.65309990054167,-2.47166748657624
0.0044,1.87381314585725,4.40305446048163,-2.52924131462439
0.0045,1.56434465040231,4.14743774025765,-2.58309308985534
0.0046,1.25333233564305,3.88661876433051,-2.63328642868746
0.0047,0.941083133185143,3.62096057100513,-2.67987743781999
0.0048,0.627905195293131,3.3508209132179,-2.72291571792477
0.0049,0.314107590781282,3.07655286367688,-2.7624452728956
0.005,1.22464679914735e-15,2.7985053333639,-2.7985053333639
0.0051,-0.314107590781284,2.51702351157776,-2.83113110235904
0.0052,-0.627905195293138,2.23244923494776,-2.8603544302409
0.0053,-0.941083133185145,1.94512129216805,-2.8862044253532
0.0054,-1.25333233564304,1.6553756705888,-2.90870800623185
0.0055,-1.56434465040231,1.36354575024485,-2.92789040064716
0.0056,-1.87381314585724,1.06996245039965,-2.94377559625689
0.0057,-2.18143241396543,0.774954333227175,-2.9563867471926
0.0058,-2.48689887164855,0.478847668842969,-2.96574654049152
0.0059,-2.78991106039229,0.181966465522646,-2.97187752591494
0.006,-3.09016994374947,-0.115367531391023,-2.97480241235845
0.0061,-3.38737920245292,-0.412834868696754,-2.97454433375616
0.0062,-3.68124552684678,-0.710118439739906,-2.97112708710688
0.0063,-3.97147890634781,-1.00690356134537,-2.96457534500244
0.0064,-4.25779291565073,-1.30287807083622,-2.95491484481451
0.0065,-4.53990499739547,-1.59773244090164,-2.94217255649384
0.0066,-4.81753674101715,-1.89115991026399,-2.92637683075317
0.0067,-5.09041415750371,-2.18285662826365,-2.90755752924006
0.0068,-5.35826794978997,-2.47252181163348,-2.88574613815649
0.0069,-5.62083377852131,-2.75985791187368,-2.86097586664762
0.007,-5.87785252292473,-3.04457079176409,-2.83328173116064
0.0071,-6.12907053652977,-3.32636990966535,-2.80270062686442
0.0072,-6.3742398974869,-3.60496851036468,-2.76927138712222
0.0073,-6.61311865323652,-3.88008382131678,-2.73303483191974
0.0074,-6.84547105928689,-4.15143725321629,-2.69403380607059
0.0075,-7.07106781186548,-4.41875460391724,-2.65231320794824
0.0076,-7.28968627421412,-4.68176626478605,-2.60792000942806
0.0077,-7.5011106963046,-4.94020742864065,-2.56090326766394
0.0078,-7.70513242775789,-5.19381829848738,-2.51131412927052
0.0079,-7.9015501237569,-5.44234429632262,-2.45920582743429
0.008,-8.09016994374947,-5.685536271316,-2.40463367243347
0.0081,-8.27080574274562,-5.92315070673806,-2.34765503600756
0.0082,-8.44327925502015,-6.15494992503756,-2.28832932998259
0.0083,-8.60742027003944,-6.38070229051301,-2.22671797952642
0.0084,-8.76306680043864,-6.60018240905835,-2.16288439138029
0.0085,-8.91006524188368,-6.81317132449671,-2.09689391738697
0.0086,-9.0482705246602,-7.01945671104673,-2.02881381361346
0.0087,-9.17754625683981,-7.21883306149466,-1.95871319534515
0.0088,-9.29776485888251,-7.41110187067243,-1.88666298821009
0.0089,-9.40880768954225,-7.59607181386671,-1.81273587567555
0.009,-9.51056516295153,-7.77355891980768,-1.73700624314386
0.0091,-9.60293685676943,-7.94338673790794,-1.65955011886149
0.0092,-9.68583161128631,-8.10538649944318,-1.58044511184313
0.0093,-9.75916761938747,-8.25939727238543,-1.49977034700204
0.0094,-9.82287250728689,-8.40526610961894,-1.41760639766795
0.0095,-9.87688340595138,-8.54284819028562,-1.33403521566576
0.0096,-9.92114701314478,-8.6720069540249,-1.24914005911988
0.0097,-9.9556196460308,-8.79261422788804,-1.16300541814276
0.0098,-9.98026728428272,-8.90455034572315,-1.07571693855956
0.0099,-9.99506560365732,-9.0077042598419,-0.987361343815417
0.01,-10,-9.10197364479302,-0.898026355206982
0.0101,-9.99506560365731,-9.18726499308213,-0.807800610575189
0.0102,-9.98026728428272,-9.2634937026905,-0.71677358159222
0.0103,-9.9556196460308,-9.33058415625871,-0.625035489772088
0.0104,-9.92114701314478,-9.38846979181386,-0.532677221330914
0.0105,-9.87688340595138,-9.43709316493141,-0.439790241019969
0.0106,-9.82287250728689,-9.476406002235,-0.346466505051886
0.0107,-9.75916761938747,-9.50636924614949,-0.252798373237979
0.0108,-9.68583161128631,-9.52695309083401,-0.158878520452303
0.0109,-9.60293685676943,-9.53813700923342,-0.0647998475360065
0.011,-9.51056516295154,-9.53990977119791,0.0293446082463689
0.0111,-9.40880768954226,-9.53226945263114,0.123461763088887
0.0112,-9.29776485888252,-9.51522343563888,0.217458576756364
0.0113,-9.17754625683981,-9.48878839966005,0.311242142820239
0.0114,-9.0482705246602,-9.45299030357338,0.404719778913183
0.0115,-8.91006524188368,-9.40786435878277,0.497799116899085
0.0116,-8.76306680043863,-9.35345499329499,0.590388192856359
0.0117,-8.60742027003943,-9.28981580681347,0.682395536774038
0.0118,-8.44327925502015,-9.21700951688169,0.773730261861544
0.0119,-8.27080574274562,-9.1351078961199,0.864302153374284
0.012,-8.09016994374948,-9.04419170060825,0.954021756858774
0.0121,-7.9015501237569,-8.9443505894792,1.0428004657223
0.0122,-7.70513242775789,-8.8356830357914,1.13055060803351
0.0123,-7.5011106963046,-8.71829622876663,1.21718553246203
0.0124,-7.28968627421411,-8.59230596748022,1.30261969326611
0.0125,-7.07106781186547,-8.45783654610494,1.38676873423947
0.0126,-6.84547105928688,-8.31502063081649,1.4695495715296
0.0127,-6.61311865323652,-8.16399912847794,1.55088047524142
0.0128,-6.3742398974869,-8.00492104722877,1.63068114974187
0.0129,-6.12907053652977,-7.83794334911254,1.70887281258277
0.013,-5.87785252292473,-7.66323079488537,1.78537827196064
0.0131,-5.6208337785213,-7.48095578115562,1.86012200263432
0.0132,-5.35826794978996,-7.29129817001276,1.9330302202228
0.0133,-5.09041415750371,-7.09444511131125,2.00403095380753
0.0134,-4.81753674101715,-6.8905908577826,2.07305411676545
0.0135,-4.53990499739547,-6.67993657315629,2.14003157576082
0.0136,-4.25779291565072,-6.46269013347693,2.20489721782621
0.0137,-3.9714789063478,-6.23906592181239,2.26758701546459
0.0138,-3.68124552684678,-6.00928461655381,2.32803908970703
0.0139,-3.38737920245291,-5.77357297351534,2.38619377106243
0.014,-3.09016994374948,-5.53216360204733,2.44199365829785
0.0141,-2.78991106039229,-5.2852947353829,2.49538367499062
0.0142,-2.48689887164854,-5.03320999544362,2.54631112379507
0.0143,-2.18143241396542,-4.77615815233537,2.59472573836994
0.0144,-1.87381314585724,-4.51439287877117,2.64057973291394
0.0145,-1.56434465040231,-4.24817249966247,2.68382784926016
0.0146,-1.25333233564305,-3.97775973712535,2.7244274014823
0.0147,-0.94108313318514,-3.70342145115285,2.76233831796771
0.0148,-0.627905195293133,-3.42542837620869,2.79752318091555
0.0149,-0.314107590781284,-3.14405485400188,2.82994726322059
0.015,6.43249059870655e-15,-2.85957856270557,2.85957856270558
0.0151,0.314107590781288,-2.57228024288688,2.88638783366817
0.0152,0.627905195293137,-2.28244342041792,2.91034861571106
0.0153,0.941083133185144,-1.99035412664106,2.9314372598262
0.0154,1.25333233564304,-1.69630061606438,2.94963295170742
0.0155,1.56434465040231,-1.40057308186561,2.96491773226792
0.0156,1.87381314585725,-1.1034633694851,2.97727651534235
0.0157,2.18143241396543,-0.805264688590198,2.98669710255563
0.0158,2.48689887164855,-0.506271323695227,2.99317019534378
0.0159,2.78991106039229,-0.206778343722309,2.9966894041146
0.016,3.09016994374947,0.0929186892103763,2.9972512545391
0.0161,3.38737920245291,0.392524011485692,2.99485519096722
0.0162,3.68124552684677,0.691741949882278,2.9895035769645
0.0163,3.97147890634781,0.990277213378946,2.98120169296887
0.0164,4.25779291565073,1.28783518458088,2.96995773106985
0.0165,4.53990499739547,1.58412221048014,2.95578278691533
0.0166,4.81753674101716,1.87884589226359,2.93869084875357
0.0167,5.09041415750372,2.17171537388233,2.91869878362138
0.0168,5.35826794978997,2.462441629098,2.89582632069197
0.0169,5.62083377852131,2.75073774672254,2.87009603179877
0.017,5.87785252292474,3.0363192137702,2.84153330915453
0.0171,6.12907053652977,3.3189041962423,2.81016634028747
0.0172,6.3742398974869,3.59821381726764,2.77602608021926
0.0173,6.61311865323652,3.87397243232422,2.7391462209123
0.0174,6.84547105928689,4.14590790127064,2.69956315801625
0.0175,7.07106781186548,4.41375185691879,2.65731595494669
0.0176,7.28968627421412,4.6772399698827,2.61244630433142
0.0177,7.5011106963046,4.93611220944238,2.56499848686222
0.0178,7.70513242775789,5.19011310016513,2.51501932759277
0.0179,7.9015501237569,5.43899197403106,2.46255814972585
0.018,8.09016994374948,5.68250321781412,2.40766672593536
0.0181,8.27080574274562,5.92040651547444,2.35039922727118
0.0182,8.44327925502015,6.15246708532287,2.29081216969728
0.0183,8.60742027003944,6.37845591172353,2.22896435831591
0.0184,8.76306680043864,6.59814997110596,2.16491682933268
0.0185,8.91006524188368,6.81133245206359,2.09873278982009
0.0186,9.0482705246602,7.01779296932153,2.03047755533867
0.0187,9.17754625683981,7.21732777136234,1.96021848547747
0.0188,9.29776485888251,7.40973994150508,1.88802491737743
0.0189,9.40880768954225,7.59483959223911,1.81396809730314
0.019,9.51056516295153,7.77244405262081,1.73812111033073
0.0191,9.60293685676943,7.94237804854839,1.66055880822104
0.0192,9.68583161128631,8.10447387573691,1.5813577355494
0.0193,9.75916761938747,8.25857156522263,1.50059605416485
0.0194,9.82287250728689,8.40451904123353,1.41835346605335
0.0195,9.87688340595138,8.54217227127026,1.33471113468112
0.0196,9.92114701314478,8.6713954082491,1.24975160489568
0.0197,9.9556196460308,8.79206092456707,1.16355872146373
0.0198,9.98026728428272,8.90404973795656,1.07621754632615
0.0199,9.99506560365732,9.00725132900546,0.987814274651853
0.02,10,9.10156385022672,0.898436149773282
0.0201,9.99506560365732,9.18689422656976,0.808171377087557
0.0202,9.98026728428271,9.26315824727454,0.71710903700817
0.0203,9.9556196460308,9.33028064897761,0.625338997053188
0.0204,9.92114701314478,9.3881951899881,0.532951823156672
0.0205,9.87688340595138,9.43684471566048,0.440038690290892
0.0206,9.82287250728689,9.4761812147994,0.346691292487483
0.0207,9.75916761938747,9.5061658670411,0.253001752346377
0.0208,9.68583161128631,9.5267690811645,0.159062530121806
0.0209,9.60293685676943,9.53797052429435,0.0649663324750787
0.021,9.51056516295154,9.53975914196731,-0.0291939790157763
0.0211,9.40880768954225,9.53213316904156,-0.123325479499307
0.0212,9.29776485888252,9.51510013143878,-0.217335272556262
0.0213,9.17754625683981,9.4886768387171,-0.311130581877293
0.0214,9.04827052466019,9.45288936748214,-0.404618842821947
0.0215,8.91006524188368,9.4077730356526,-0.497707793768921
0.0216,8.76306680043863,9.35337236760579,-0.590305567167158
0.0217,8.60742027003944,9.28974105023753,-0.682320780198094
0.0218,8.44327925502015,9.21694187997965,-0.773662624959499
0.0219,8.27080574274562,9.13504670082758,-0.864240958081959
0.022,8.09016994374947,9.044136333439,-0.953966389689539
0.0221,7.90155012375691,8.94430049537369,-1.04275037161678
0.0222,7.70513242775789,8.83563771255309,-1.1305052847952
0.0223,7.5011106963046,8.7182552220272,-1.2171445257226
0.0224,7.28968627421411,8.59226886614455,-1.30258259193044
0.0225,7.07106781186547,8.45780297822981,-1.38673516636434
0.0226,6.84547105928688,8.31499025988184,-1.46951920059496
0.0227,6.61311865323652,8.16397165001326,-1.55085299677674
0.0228,6.3742398974869,8.00489618576073,-1.63065628827383
0.0229,6.12907053652977,7.83792085540336,-1.7088503188736
0.023,5.87785252292473,7.66321044343421,-1.78535792050947
0.0231,5.6208337785213,7.4809373679379,-1.86010358941661
0.0232,5.35826794978997,7.29128151043483,-1.93301356064486
0.0233,5.09041415750371,7.09443003835978,-2.00401588085608
0.0234,4.81753674101716,6.89057722035032,-2.07304047933316
0.0235,4.53990499739546,6.67992423452708,-2.14001923713162
0.0236,4.25779291565074,6.46267896995528,-2.20488605430454
0.0237,3.9714789063478,6.23905582148328,-2.26757691513547
0.0238,3.68124552684676,6.0092754781608,-2.32802995131404
0.0239,3.38737920245292,5.77356470544547,-2.38618550299255
0.024,3.09016994374946,5.53215612141268,-2.44198617766322
0.0241,2.7899110603923,5.28528796718965,-2.49537690679735
0.0242,2.48689887164854,5.0332038718402,-2.54630500019166
0.0243,2.18143241396542,4.77615261193228,-2.59472019796686
0.0244,1.87381314585724,4.51438786602552,-2.64057472016828
0.0245,1.5643446504023,4.24816796432116,-2.68382331391886
0.0246,1.25333233564304,3.9777556337213,-2.72442329807827
0.0247,0.941083133185141,3.70341773854919,-2.76233460536405
0.0248,0.627905195293134,3.42542501718633,-2.79751982189319
0.0249,0.314107590781267,3.14405181488641,-2.82994422410514
0.025,3.67394039744206e-15,2.85957581302967,-2.85957581302967
0.0251,-0.314107590781295,2.57227775508488,-2.88638534586617
0.0252,-0.627905195293126,2.28244116954944,-2.91034636484257
0.0253,-0.941083133185152,1.990352090141,-2.93143522332616
0.0254,-1.25333233564305,1.69629877351671,-2.94963110915976
0.0255,-1.56434465040231,1.40057141479867,-2.96491606520099
0.0256,-1.87381314585725,1.10346186118644,-2.97727500704369
0.0257,-2.18143241396543,0.80526332393903,-2.98669573790446
0.0258,-2.48689887164855,0.506270089010838,-2.99316896065939
0.0259,-2.78991106039231,0.206777226626908,-2.99668828701922
0.026,-3.09016994374949,-0.0929196999157399,-2.99725024383375
0.0261,-3.38737920245293,-0.392524925933403,-2.99485427651952
0.0262,-3.68124552684679,-0.691742777239732,-2.98950274960706
0.0263,-3.97147890634781,-0.990277961940453,-2.98120094440736
0.0264,-4.25779291565073,-1.28783586185082,-2.96995705379992
0.0265,-4.53990499739547,-1.58412282324818,-2.95578217414729
0.0266,-4.81753674101716,-1.87884644667276,-2.93869029434439
0.0267,-5.09041415750371,-2.17171587549064,-2.91869828201308
0.0268,-5.35826794978997,-2.46244208293408,-2.89582586685588
0.0269,-5.6208337785213,-2.75073815733614,-2.87009562118517
0.027,-5.87785252292473,-3.03631958527774,-2.84153293764698
0.0271,-6.12907053652977,-3.31890453236817,-2.8101660041616
0.0272,-6.37423989748691,-3.59821412138152,-2.77602577610538
0.0273,-6.61311865323652,-3.87397270747487,-2.73914594576165
0.0274,-6.84547105928689,-4.14590815021648,-2.69956290907041
0.0275,-7.07106781186548,-4.4137520821555,-2.65731572970998
0.0276,-7.28968627421412,-4.67724017366829,-2.61244610054583
0.0277,-7.5011106963046,-4.93611239381982,-2.56499830248478
0.0278,-7.70513242775789,-5.19011326698281,-2.51501916077508
0.0279,-7.9015501237569,-5.43899212496134,-2.46255799879556
0.028,-8.09016994374947,-5.68250335437009,-2.40766658937938
0.0281,-8.27080574274562,-5.92040663902509,-2.35039910372053
0.0282,-8.44327925502016,-6.15246719710678,-2.29081205791338
0.0283,-8.60742027003944,-6.37845601286135,-2.22896425717809
0.0284,-8.76306680043864,-6.59815006261161,-2.16491673782703
0.0285,-8.91006524188368,-6.81133253485442,-2.09873270702926
0.0286,-9.0482705246602,-7.01779304422752,-2.03047748043268
0.0287,-9.17754625683981,-7.21732783913442,-1.96021841770539
0.0288,-9.29776485888252,-7.40974000282268,-1.88802485605984
0.0289,-9.40880768954225,-7.59483964771694,-1.81396804182531
0.029,-9.51056516295153,-7.77244410281503,-1.7381210601365
0.0291,-9.60293685676943,-7.94237809396222,-1.66055876280721
0.0292,-9.68583161128631,-8.10447391682562,-1.58135769446069
0.0293,-9.75916761938748,-8.25857160239812,-1.50059601698936
0.0294,-9.82287250728689,-8.4045190748685,-1.41835343241838
0.0295,-9.87688340595138,-8.5421723017019,-1.33471110424948
0.0296,-9.92114701314478,-8.67139543578249,-1.24975157736229
0.0297,-9.9556196460308,-8.79206094947823,-1.16355869655257
0.0298,-9.98026728428272,-8.90404976049523,-1.07621752378749
0.0299,-9.99506560365732,-9.00725134939759,-0.987814254259726
0.03,-10,-9.10156386867674,-0.89843613132326
0.0301,-9.99506560365731,-9.18689424326264,-0.808171360394677
0.0302,-9.98026728428271,-9.26315826237763,-0.717109021905088
0.0303,-9.9556196460308,-9.33028066264231,-0.625338983388493
0.0304,-9.92114701314478,-9.3881952023514,-0.532951810793378
0.0305,-9.87688340595138,-9.43684472684632,-0.440038679105056
0.0306,-9.82287250728689,-9.47618122491992,-0.346691282366965
0.0307,-9.75916761938747,-9.50616587619776,-0.253001743189719
0.0308,-9.68583161128631,-9.5267690894491,-0.15906252183721
0.0309,-9.60293685676943,-9.53797053178994,-0.0649663249794941
0.031,-9.51056516295154,-9.53975914874904,0.0291939857974999
0.0311,-9.40880768954225,-9.5321331751774,0.123325485635155
0.0312,-9.29776485888251,-9.51510013699026,0.217335278107749
0.0313,-9.17754625683981,-9.48867684373987,0.311130586900061
0.0314,-9.04827052466019,-9.45288937202655,0.404618847366354
0.0315,-8.91006524188368,-9.4077730397642,0.497707797880526
0.0316,-8.76306680043863,-9.35337237132582,0.590305570887184
0.0317,-8.60742027003944,-9.28974105360327,0.68232078356383
0.0318,-8.44327925502015,-9.21694188302484,0.77366262800469
0.0319,-8.27080574274561,-9.13504670358275,0.86424096083714
0.032,-8.09016994374948,-9.04413633593178,0.953966392182302
0.0321,-7.9015501237569,-8.94430049762905,1.04275037387216
0.0322,-7.7051324277579,-8.83563771459366,1.13050528683576
0.0323,-7.50111069630459,-8.71825522387343,1.21714452756884
0.0324,-7.28968627421412,-8.59226886781494,1.30258259360082
0.0325,-7.07106781186547,-8.45780297974112,1.38673516787565
0.0326,-6.84547105928687,-8.31499026124922,1.46951920196235
0.0327,-6.61311865323652,-8.16397165125041,1.55085299801389
0.0328,-6.37423989748688,-8.00489618688005,1.63065628939317
0.0329,-6.12907053652977,-7.83792085641608,1.70885031988631
0.033,-5.87785252292472,-7.66321044435048,1.78535792142576
0.0331,-5.6208337785213,-7.48093736876691,1.86010359024561
0.0332,-5.35826794978996,-7.29128151118488,1.93301356139492
0.0333,-5.09041415750371,-7.0944300390384,2.00401588153469
0.0334,-4.81753674101715,-6.89057722096431,2.07304047994716
0.0335,-4.53990499739546,-6.67992423508259,2.14001923768713
0.0336,-4.25779291565071,-6.46267897045788,2.20488605480717
0.0337,-3.97147890634781,-6.23905582193801,2.26757691559021
0.0338,-3.68124552684676,-6.00927547857223,2.32802995172546
0.0339,-3.38737920245292,-5.77356470581771,2.3861855033648
0.034,-3.09016994374946,-5.53215612174947,2.44198617800001
0.0341,-2.7899110603923,-5.28528796749437,2.49537690710207
0.0342,-2.48689887164854,-5.0332038721159,2.54630500046736
0.0343,-2.18143241396542,-4.77615261218171,2.5947201982163
0.0344,-1.87381314585724,-4.5143878662512,2.64057472039396
0.0345,-1.5643446504023,-4.24816796452535,2.68382331412305
0.0346,-1.25333233564304,-3.97775563390605,2.72442329826301
0.0347,-0.941083133185143,-3.70341773871634,2.7623346055312
0.0348,-0.627905195293117,-3.42542501733756,2.79751982204444
0.0349,-0.314107590781286,-3.14405181502324,2.82994422424195
0.035,1.28649811974131e-14,-2.85957581315347,2.85957581315348
0.0351,0.314107590781276,-2.57227775519688,2.88638534597816
0.0352,0.627905195293143,-2.28244116965078,2.91034636494392
0.0353,0.941083133185151,-1.99035209023269,2.93143522341784
0.0354,1.25333233564305,-1.69629877359966,2.94963110924271
0.0355,1.56434465040231,-1.40057141487373,2.96491606527604
0.0356,1.87381314585725,-1.10346186125435,2.97727500711159
0.0357,2.18143241396543,-0.805263324000471,2.9866957379659
0.0358,2.48689887164855,-0.506270089066427,2.99316896071497
0.0359,2.78991106039229,-0.206777226677204,2.99668828706949
0.036,3.09016994374949,0.0929196998702335,2.99725024387925
0.0361,3.38737920245291,0.39252492589223,2.99485427656068
0.0362,3.68124552684679,0.691742777202479,2.98950274964431
0.0363,3.9714789063478,0.990277961906747,2.98120094444105
0.0364,4.25779291565073,1.28783586182032,2.96995705383041
0.0365,4.53990499739549,1.58412282322059,2.9557821741749
0.0366,4.81753674101715,1.8788464466478,2.93869029436936
0.0367,5.09041415750373,2.17171587546805,2.91869828203568
0.0368,5.35826794978996,2.46244208291365,2.89582586687632
0.0369,5.62083377852132,2.75073815731765,2.87009562120367
0.037,5.87785252292474,3.03631958526102,2.84153293766372
0.0371,6.12907053652977,3.31890453235304,2.81016600417673
0.0372,6.3742398974869,3.59821412136783,2.77602577611907
0.0373,6.61311865323652,3.87397270746249,2.73914594577404
0.0374,6.84547105928689,4.14590815020527,2.69956290908162
0.0375,7.07106781186548,4.41375208214536,2.65731572972012
0.0376,7.28968627421412,4.67724017365911,2.612446100555
0.0377,7.50111069630461,4.93611239381152,2.56499830249309
0.0378,7.70513242775789,5.1901132669753,2.51501916078259
0.0379,7.90155012375691,5.43899212495455,2.46255799880236
0.038,8.09016994374947,5.68250335436394,2.40766658938553
0.0381,8.27080574274562,5.92040663901953,2.3503991037261
0.0382,8.44327925502015,6.15246719710175,2.2908120579184
0.0383,8.60742027003944,6.3784560128568,2.22896425718264
0.0384,8.76306680043864,6.59815006260749,2.16491673783115
0.0385,8.91006524188368,6.8113325348507,2.09873270703298
0.0386,9.0482705246602,7.01779304422415,2.03047748043605
0.0387,9.17754625683982,7.21732783913138,1.96021841770844
0.0388,9.29776485888251,7.40974000281993,1.88802485606258
0.0389,9.40880768954226,7.59483964771445,1.81396804182781
0.039,9.51056516295153,7.77244410281278,1.73812106013876
0.0391,9.60293685676943,7.94237809396018,1.66055876280926
0.0392,9.68583161128631,8.10447391682377,1.58135769446254
0.0393,9.75916761938748,8.25857160239645,1.50059601699103
0.0394,9.82287250728689,8.40451907486699,1.4183534324199
0.0395,9.87688340595138,8.54217230170053,1.33471110425085
0.0396,9.92114701314478,8.67139543578125,1.24975157736353
0.0397,9.9556196460308,8.79206094947711,1.16355869655369
0.0398,9.98026728428272,8.90404976049422,1.0762175237885
0.0399,9.99506560365732,9.00725134939667,0.987814254260643
0.04,10,9.10156386867591,0.89843613132409
0.0401,9.99506560365731,9.18689424326189,0.808171360395429
0.0402,9.98026728428272,9.26315826237695,0.71710902190577
0.0403,9.9556196460308,9.33028066264169,0.62533898338911
0.0404,9.92114701314478,9.38819520235084,0.532951810793932
0.0405,9.87688340595138,9.43684472684582,0.440038679105559
0.0406,9.82287250728688,9.47618122491947,0.346691282367416
0.0407,9.75916761938747,9.50616587619734,0.253001743190131
0.0408,9.68583161128631,9.52676908944873,0.159062521837578
0.0409,9.60293685676943,9.5379705317896,0.0649663249798316
0.041,9.51056516295153,9.53975914874873,-0.0291939857971997
0.0411,9.40880768954225,9.53213317517713,-0.123325485634878
0.0412,9.29776485888251,9.51510013699001,-0.217335278107498
0.0413,9.17754625683981,9.48867684373964,-0.311130586899834
0.0414,9.04827052466019,9.45288937202634,-0.404618847366152
0.0415,8.91006524188368,9.40777303976402,-0.497707797880343
0.0416,8.76306680043863,9.35337237132565,-0.590305570887024
0.0417,8.60742027003944,9.28974105360312,-0.682320783563679
0.0418,8.44327925502014,9.2169418830247,-0.773662628004562
0.0419,8.27080574274562,9.13504670358263,-0.864240960837005
0.042,8.09016994374947,9.04413633593166,-0.953966392182197
0.0421,7.9015501237569,8.94430049762895,-1.04275037387205
0.0422,7.70513242775789,8.83563771459356,-1.13050528683568
0.0423,7.50111069630459,8.71825522387334,-1.21714452756875
0.0424,7.28968627421411,8.59226886781487,-1.30258259360076
0.0425,7.07106781186547,8.45780297974105,-1.38673516787558
0.0426,6.84547105928689,8.31499026124916,-1.46951920196227
0.0427,6.61311865323652,8.16397165125036,-1.55085299801384
0.0428,6.37423989748689,8.00489618688001,-1.63065628939312
0.0429,6.12907053652977,7.83792085641604,-1.70885031988627
0.043,5.87785252292472,7.66321044435044,-1.78535792142572
0.0431,5.62083377852131,7.48093736876687,-1.86010359024556
0.0432,5.35826794978996,7.29128151118485,-1.93301356139489
0.0433,5.09041415750369,7.09443003903837,-2.00401588153468
0.0434,4.81753674101715,6.89057722096428,-2.07304047994714
0.0435,4.53990499739545,6.67992423508257,-2.14001923768712
0.0436,4.25779291565073,6.46267897045786,-2.20488605480713
0.0437,3.97147890634779,6.23905582193799,-2.2675769155902
0.0438,3.68124552684678,6.00927547857221,-2.32802995172543
0.0439,3.3873792024529,5.7735647058177,-2.3861855033648
0.044,3.09016994374946,5.53215612174946,-2.441986178
0.0441,2.78991106039228,5.28528796749436,-2.49537690710207
0.0442,2.48689887164854,5.03320387211588,-2.54630500046734
0.0443,2.18143241396544,4.7761526121817,-2.59472019821627
0.0444,1.87381314585724,4.51438786625119,-2.64057472039395
0.0445,1.56434465040229,4.24816796452534,-2.68382331412305
0.0446,1.25333233564304,3.97775563390604,-2.724423298263
0.0447,0.941083133185126,3.70341773871633,-2.7623346055312
0.0448,0.627905195293136,3.42542501733755,-2.79751982204441
0.0449,0.31410759078127,3.14405181502323,-2.82994422424196
0.045,-1.16403343982657e-14,2.85957581315346,-2.85957581315347
0.0451,-0.314107590781293,2.57227775519688,-2.88638534597817
0.0452,-0.627905195293142,2.28244116965077,-2.91034636494392
0.0453,-0.941083133185149,1.99035209023269,-2.93143522341784
0.0454,-1.25333233564305,1.69629877359966,-2.94963110924271
0.0455,-1.56434465040231,1.40057141487372,-2.96491606527603
0.0456,-1.87381314585725,1.10346186125434,-2.97727500711159
0.0457,-2.18143241396544,0.805263324000466,-2.98669573796591
0.0458,-2.48689887164855,0.506270089066422,-2.99316896071497
0.0459,-2.78991106039231,0.206777226677199,-2.9966882870695
0.046,-3.09016994374945,-0.0929196998702374,-2.99725024387921
0.0461,-3.38737920245291,-0.392524925892232,-2.99485427656067
0.0462,-3.68124552684679,-0.691742777202481,-2.98950274964431
0.0463,-3.97147890634783,-0.99027796190675,-2.98120094444108
0.0464,-4.25779291565073,-1.28783586182032,-2.96995705383041
0.0465,-4.53990499739545,-1.58412282322059,-2.95578217417487
0.0466,-4.81753674101715,-1.8788464466478,-2.93869029436935
0.0467,-5.09041415750373,-2.17171587546805,-2.91869828203568
0.0468,-5.35826794978996,-2.46244208291365,-2.89582586687631
0.0469,-5.62083377852132,-2.75073815731765,-2.87009562120367
0.047,-5.87785252292473,-3.03631958526102,-2.84153293766371
0.0471,-6.12907053652977,-3.31890453235304,-2.81016600417673
0.0472,-6.37423989748689,-3.59821412136783,-2.77602577611906
0.0473,-6.61311865323652,-3.87397270746248,-2.73914594577404
0.0474,-6.8454710592869,-4.14590815020527,-2.69956290908163
0.0475,-7.07106781186548,-4.41375208214536,-2.65731572972012
0.0476,-7.28968627421413,-4.67724017365911,-2.61244610055501
0.0477,-7.5011106963046,-4.93611239381152,-2.56499830249308
0.0478,-7.7051324277579,-5.1901132669753,-2.5150191607826
0.0479,-7.9015501237569,-5.43899212495455,-2.46255799880235
0.048,-8.09016994374948,-5.68250335436394,-2.40766658938554
0.0481,-8.27080574274563,-5.92040663901953,-2.35039910372611
0.0482,-8.44327925502015,-6.15246719710175,-2.2908120579184
0.0483,-8.60742027003943,-6.3784560128568,-2.22896425718263
0.0484,-8.76306680043864,-6.59815006260749,-2.16491673783115
0.0485,-8.91006524188369,-6.8113325348507,-2.09873270703299
0.0486,-9.04827052466021,-7.01779304422415,-2.03047748043606
0.0487,-9.1775462568398,-7.21732783913137,-1.96021841770843
0.0488,-9.29776485888251,-7.40974000281992,-1.88802485606259
0.0489,-9.40880768954226,-7.59483964771444,-1.81396804182782
0.049,-9.51056516295154,-7.77244410281277,-1.73812106013877
0.0491,-9.60293685676943,-7.94237809396017,-1.66055876280926
0.0492,-9.68583161128631,-8.10447391682376,-1.58135769446254
0.0493,-9.75916761938748,-8.25857160239644,-1.50059601699103
0.0494,-9.82287250728689,-8.40451907486699,-1.4183534324199
0.0495,-9.87688340595138,-8.54217230170052,-1.33471110425085
0.0496,-9.92114701314478,-8.67139543578124,-1.24975157736354
0.0497,-9.9556196460308,-8.79206094947711,-1.16355869655369
0.0498,-9.98026728428272,-8.90404976049422,-1.0762175237885
0.0499,-9.99506560365731,-9.00725134939667,-0.987814254260641
0.05,-10,-9.10156386867591,-0.89843613132409
0.0501,-9.99506560365732,-9.18689424326189,-0.808171360395431
0.0502,-9.98026728428272,-9.26315826237695,-0.71710902190577
0.0503,-9.9556196460308,-9.33028066264169,-0.625338983389108
0.0504,-9.92114701314478,-9.38819520235084,-0.532951810793936
0.0505,-9.87688340595138,-9.43684472684582,-0.440038679105562
0.0506,-9.82287250728689,-9.47618122491947,-0.346691282367418
0.0507,-9.75916761938747,-9.50616587619735,-0.253001743190124
0.0508,-9.6858316112863,-9.52676908944873,-0.159062521837575
0.0509,-9.60293685676944,-9.5379705317896,-0.0649663249798369
0.051,-9.51056516295154,-9.53975914874873,0.0291939857971943
0.0511,-9.40880768954225,-9.53213317517713,0.123325485634878
0.0512,-9.29776485888251,-9.51510013699001,0.217335278107504
0.0513,-9.1775462568398,-9.48867684373964,0.311130586899846
0.0514,-9.0482705246602,-9.45288937202634,0.404618847366139
0.0515,-8.91006524188368,-9.40777303976402,0.497707797880338
0.0516,-8.76306680043863,-9.35337237132565,0.590305570887022
0.0517,-8.60742027003942,-9.28974105360311,0.682320783563695
0.0518,-8.44327925502012,-9.2169418830247,0.773662628004576
0.0519,-8.27080574274562,-9.13504670358262,0.864240960837
0.052,-8.09016994374947,-9.04413633593166,0.953966392182195
0.0521,-7.90155012375689,-8.94430049762895,1.04275037387206
0.0522,-7.70513242775786,-8.83563771459356,1.1305052868357
0.0523,-7.5011106963046,-8.71825522387334,1.21714452756874
0.0524,-7.28968627421411,-8.59226886781487,1.30258259360075
0.0525,-7.07106781186546,-8.45780297974105,1.38673516787559
0.0526,-6.84547105928686,-8.31499026124915,1.46951920196229
0.0527,-6.61311865323653,-8.16397165125035,1.55085299801381
0.0528,-6.3742398974869,-8.00489618688,1.6306562893931
0.0529,-6.12907053652975,-7.83792085641603,1.70885031988628
0.053,-5.87785252292471,-7.66321044435043,1.78535792142572
0.0531,-5.62083377852133,-7.48093736876687,1.86010359024554
0.0532,-5.35826794978998,-7.29128151118485,1.93301356139487
0.0533,-5.09041415750371,-7.09443003903837,2.00401588153466
0.0534,-4.81753674101713,-6.89057722096428,2.07304047994715
0.0535,-4.53990499739543,-6.67992423508257,2.14001923768713
0.0536,-4.25779291565074,-6.46267897045785,2.20488605480711
0.0537,-3.97147890634781,-6.23905582193799,2.26757691559018
0.0538,-3.68124552684677,-6.00927547857221,2.32802995172544
0.0539,-3.38737920245289,-5.7735647058177,2.38618550336481
0.054,-3.0901699437495,-5.53215612174946,2.44198617799996
0.0541,-2.7899110603923,-5.28528796749436,2.49537690710206
0.0542,-2.48689887164854,-5.03320387211589,2.54630500046735
0.0543,-2.1814324139654,-4.77615261218171,2.5947201982163
0.0544,-1.87381314585721,-4.51438786625119,2.64057472039398
0.0545,-1.56434465040232,-4.24816796452534,2.68382331412302
0.0546,-1.25333233564304,-3.97775563390604,2.724423298263
0.0547,-0.941083133185127,-3.70341773871633,2.7623346055312
0.0548,-0.627905195293102,-3.42542501733755,2.79751982204445
0.0549,-0.314107590781235,-3.14405181502323,2.82994422424199
0.055,-7.34788079488412e-15,-2.85957581315345,2.85957581315345
0.0551,0.314107590781292,-2.57227775519687,2.88638534597817
0.0552,0.627905195293158,-2.28244116965077,2.91034636494393
0.0553,0.941083133185184,-1.99035209023268,2.93143522341786
0.0554,1.25333233564303,-1.69629877359965,2.94963110924268
0.0555,1.56434465040231,-1.40057141487372,2.96491606527603
0.0556,1.87381314585726,-1.10346186125434,2.9772750071116
0.0557,2.18143241396546,-0.80526332400046,2.98669573796592
0.0558,2.48689887164853,-0.506270089066417,2.99316896071494
0.0559,2.78991106039229,-0.206777226677195,2.99668828706948
0.056,3.09016994374948,0.0929196998702409,2.99725024387924
0.0561,3.38737920245294,0.392524925892238,2.9948542765607
0.0562,3.68124552684675,0.691742777202486,2.98950274964427
0.0563,3.97147890634779,0.990277961906752,2.98120094444104
0.0564,4.25779291565073,1.28783586182032,2.96995705383041
0.0565,4.53990499739549,1.58412282322059,2.9557821741749
0.0566,4.81753674101718,1.8788464466478,2.93869029436938
0.0567,5.0904141575037,2.17171587546805,2.91869828203564
0.0568,5.35826794978996,2.46244208291365,2.89582586687631
0.0569,5.62083377852132,2.75073815731765,2.87009562120367
0.057,5.87785252292475,3.03631958526102,2.84153293766373
0.0571,6.1290705365298,3.31890453235304,2.81016600417675
0.0572,6.37423989748689,3.59821412136784,2.77602577611905
0.0573,6.61311865323652,3.87397270746249,2.73914594577403
0.0574,6.8454710592869,4.14590815020527,2.69956290908163
0.0575,7.0710678118655,4.41375208214536,2.65731572972014
0.0576,7.28968627421415,4.67724017365912,2.61244610055503
0.0577,7.50111069630459,4.93611239381153,2.56499830249307
0.0578,7.7051324277579,5.19011326697531,2.51501916078259
0.0579,7.90155012375692,5.43899212495456,2.46255799880237
0.058,8.09016994374946,5.68250335436395,2.40766658938551
0.0581,8.27080574274561,5.92040663901953,2.35039910372608
0.0582,8.44327925502015,6.15246719710176,2.2908120579184
0.0583,8.60742027003945,6.37845601285681,2.22896425718264
0.0584,8.76306680043862,6.5981500626075,2.16491673783112
0.0585,8.91006524188367,6.8113325348507,2.09873270703297
0.0586,9.04827052466019,7.01779304422415,2.03047748043604
0.0587,9.17754625683982,7.21732783913138,1.96021841770844
0.0588,9.29776485888253,7.40974000281993,1.8880248560626
0.0589,9.40880768954225,7.59483964771445,1.8139680418278
0.059,9.51056516295153,7.77244410281277,1.73812106013876
0.0591,9.60293685676943,7.94237809396018,1.66055876280926
0.0592,9.68583161128632,8.10447391682377,1.58135769446255
0.0593,9.75916761938748,8.25857160239645,1.50059601699104
0.0594,9.82287250728688,8.40451907486699,1.41835343241989
0.0595,9.87688340595138,8.54217230170053,1.33471110425085
0.0596,9.92114701314478,8.67139543578125,1.24975157736353
0.0597,9.9556196460308,8.79206094947711,1.16355869655369
0.0598,9.98026728428272,8.90404976049422,1.0762175237885
0.0599,9.99506560365731,9.00725134939668,0.987814254260639
0.06,10,9.10156386867591,0.898436131324088
0.0601,9.99506560365731,9.18689424326189,0.808171360395427
0.0602,9.98026728428271,9.26315826237695,0.717109021905769
0.0603,9.9556196460308,9.33028066264169,0.625338983389112
0.0604,9.92114701314478,9.38819520235084,0.532951810793936
0.0605,9.87688340595138,9.43684472684582,0.440038679105559
0.0606,9.82287250728688,9.47618122491946,0.346691282367416
0.0607,9.75916761938748,9.50616587619734,0.253001743190138
0.0608,9.68583161128631,9.52676908944873,0.159062521837585
0.0609,9.60293685676943,9.5379705317896,0.064966324979828
0.061,9.51056516295153,9.53975914874873,-0.0291939857972032
0.0611,9.40880768954226,9.53213317517713,-0.123325485634863
0.0612,9.29776485888252,9.51510013699001,-0.217335278107493
0.0613,9.17754625683981,9.48867684373965,-0.311130586899836
0.0614,9.04827052466019,9.45288937202635,-0.40461884736616
0.0615,8.91006524188366,9.40777303976402,-0.497707797880359
0.0616,8.76306680043865,9.35337237132565,-0.59030557088701
0.0617,8.60742027003944,9.28974105360312,-0.682320783563684
0.0618,8.44327925502014,9.21694188302471,-0.773662628004566
0.0619,8.2708057427456,9.13504670358263,-0.864240960837028
0.062,8.09016994374949,9.04413633593167,-0.953966392182178
0.0621,7.90155012375691,8.94430049762896,-1.04275037387205
0.0622,7.70513242775789,8.83563771459357,-1.13050528683568
0.0623,7.50111069630458,8.71825522387335,-1.21714452756877
0.0624,7.28968627421409,8.59226886781487,-1.30258259360078
0.0625,7.07106781186549,8.45780297974105,-1.38673516787556
0.0626,6.84547105928689,8.31499026124916,-1.46951920196227
0.0627,6.61311865323651,8.16397165125036,-1.55085299801385
0.0628,6.37423989748687,8.00489618688001,-1.63065628939313
0.0629,6.12907053652978,7.83792085641604,-1.70885031988625
0.063,5.87785252292474,7.66321044435044,-1.7853579214257
0.0631,5.6208337785213,7.48093736876687,-1.86010359024557
0.0632,5.35826794978995,7.29128151118485,-1.9330135613949
0.0633,5.09041415750368,7.09443003903837,-2.00401588153469
0.0634,4.81753674101717,6.89057722096428,-2.07304047994711
0.0635,4.53990499739547,6.67992423508257,-2.1400192376871
0.0636,4.25779291565071,6.46267897045786,-2.20488605480714
0.0637,3.97147890634778,6.23905582193799,-2.26757691559021
0.0638,3.68124552684673,6.0092754785722,-2.32802995172547
0.0639,3.38737920245292,5.77356470581769,-2.38618550336477
0.064,3.09016994374947,5.53215612174945,-2.44198617799999
0.0641,2.78991106039227,5.28528796749435,-2.49537690710208
0.0642,2.48689887164851,5.03320387211588,-2.54630500046737
0.0643,2.18143241396537,4.77615261218169,-2.59472019821632
0.0644,1.87381314585724,4.51438786625118,-2.64057472039394
0.0645,1.56434465040229,4.24816796452533,-2.68382331412304
0.0646,1.25333233564301,3.97775563390603,-2.72442329826302
0.0647,0.941083133185093,3.70341773871632,-2.76233460553122
0.0648,0.627905195293139,3.42542501733753,-2.7975198220444
0.0649,0.314107590781272,3.14405181502322,-2.82994422424195
0.065,-2.69546091939735e-14,2.85957581315345,-2.85957581315347
0.0651,-0.314107590781326,2.57227775519686,-2.88638534597819
0.0652,-0.627905195293193,2.28244116965076,-2.91034636494395
0.0653,-0.941083133185147,1.99035209023267,-2.93143522341781
0.0654,-1.25333233564306,1.69629877359964,-2.9496311092427
0.0655,-1.56434465040234,1.4005714148737,-2.96491606527605
0.0656,-1.8738131458573,1.10346186125432,-2.97727500711162
0.0657,-2.18143241396542,0.805263324000446,-2.98669573796587
0.0658,-2.48689887164856,0.506270089066405,-2.99316896071496
0.0659,-2.78991106039232,0.206777226677181,-2.9966882870695
0.066,-3.09016994374952,-0.0929196998702566,-2.99725024387926
0.0661,-3.3873792024529,-0.392524925892252,-2.99485427656065
0.0662,-3.68124552684678,-0.691742777202499,-2.98950274964429
0.0663,-3.97147890634783,-0.990277961906766,-2.98120094444106
0.0664,-4.25779291565076,-1.28783586182034,-2.96995705383042
0.0665,-4.53990499739545,-1.5841228232206,-2.95578217417485
0.0666,-4.81753674101715,-1.87884644664781,-2.93869029436934
0.0667,-5.09041415750373,-2.17171587546806,-2.91869828203566
0.0668,-5.35826794978999,-2.46244208291366,-2.89582586687633
0.0669,-5.62083377852129,-2.75073815731766,-2.87009562120363
0.067,-5.87785252292472,-3.03631958526103,-2.8415329376637
0.0671,-6.12907053652977,-3.31890453235305,-2.81016600417672
0.0672,-6.37423989748692,-3.59821412136784,-2.77602577611908
0.0673,-6.6131186532365,-3.87397270746249,-2.739145945774
0.0674,-6.84547105928687,-4.14590815020527,-2.6995629090816
0.0675,-7.07106781186548,-4.41375208214536,-2.65731572972012
0.0676,-7.28968627421413,-4.67724017365911,-2.61244610055501
0.0677,-7.50111069630462,-4.93611239381152,-2.5649983024931
0.0678,-7.70513242775788,-5.1901132669753,-2.51501916078257
0.0679,-7.9015501237569,-5.43899212495455,-2.46255799880235
0.068,-8.09016994374948,-5.68250335436394,-2.40766658938554
0.0681,-8.27080574274563,-5.92040663901953,-2.35039910372611
0.0682,-8.44327925502013,-6.15246719710175,-2.29081205791838
0.0683,-8.60742027003943,-6.3784560128568,-2.22896425718263
0.0684,-8.76306680043864,-6.59815006260749,-2.16491673783115
0.0685,-8.91006524188369,-6.8113325348507,-2.09873270703299
0.0686,-9.04827052466021,-7.01779304422415,-2.03047748043606
0.0687,-9.1775462568398,-7.21732783913137,-1.96021841770843
0.0688,-9.29776485888251,-7.40974000281992,-1.88802485606259
0.0689,-9.40880768954226,-7.59483964771444,-1.81396804182781
0.069,-9.51056516295154,-7.77244410281277,-1.73812106013877
0.0691,-9.60293685676944,-7.94237809396017,-1.66055876280927
0.0692,-9.68583161128631,-8.10447391682377,-1.58135769446254
0.0693,-9.75916761938747,-8.25857160239645,-1.50059601699103
0.0694,-9.82287250728689,-8.40451907486699,-1.4183534324199
0.0695,-9.87688340595138,-8.54217230170053,-1.33471110425085
0.0696,-9.92114701314478,-8.67139543578125,-1.24975157736353
0.0697,-9.9556196460308,-8.79206094947711,-1.16355869655369
0.0698,-9.98026728428272,-8.90404976049422,-1.0762175237885
0.0699,-9.99506560365732,-9.00725134939668,-0.987814254260641
0.07,-10,-9.10156386867591,-0.898436131324088
0.0701,-9.99506560365731,-9.18689424326189,-0.808171360395423
0.0702,-9.98026728428272,-9.26315826237695,-0.717109021905767
0.0703,-9.9556196460308,-9.33028066264169,-0.625338983389105
0.0704,-9.92114701314477,-9.38819520235085,-0.532951810793929
0.0705,-9.87688340595137,-9.43684472684582,-0.440038679105548
0.0706,-9.82287250728689,-9.47618122491947,-0.346691282367418
0.0707,-9.75916761938747,-9.50616587619735,-0.253001743190126
0.0708,-9.6858316112863,-9.52676908944873,-0.159062521837575
0.0709,-9.60293685676942,-9.5379705317896,-0.0649663249798191
0.071,-9.51056516295154,-9.53975914874873,0.0291939857971926
0.0711,-9.40880768954225,-9.53213317517713,0.123325485634876
0.0712,-9.29776485888251,-9.51510013699001,0.217335278107504
0.0713,-9.1775462568398,-9.48867684373964,0.311130586899846
0.0714,-9.0482705246602,-9.45288937202634,0.404618847366141
0.0715,-8.91006524188368,-9.40777303976402,0.49770779788034
0.0716,-8.76306680043863,-9.35337237132565,0.590305570887022
0.0717,-8.60742027003942,-9.28974105360311,0.682320783563693
0.0718,-8.44327925502016,-9.2169418830247,0.773662628004539
0.0719,-8.27080574274562,-9.13504670358262,0.864240960837002
0.072,-8.09016994374947,-9.04413633593166,0.953966392182194
0.0721,-7.90155012375689,-8.94430049762895,1.04275037387206
0.0722,-7.70513242775791,-8.83563771459356,1.13050528683565
0.0723,-7.5011106963046,-8.71825522387335,1.21714452756874
0.0724,-7.28968627421411,-8.59226886781487,1.30258259360076
0.0725,-7.07106781186546,-8.45780297974105,1.38673516787559
0.0726,-6.84547105928691,-8.31499026124916,1.46951920196225
0.0727,-6.61311865323654,-8.16397165125036,1.55085299801382
0.0728,-6.3742398974869,-8.00489618688001,1.63065628939311
0.0729,-6.12907053652976,-7.83792085641604,1.70885031988628
0.073,-5.87785252292471,-7.66321044435044,1.78535792142573
0.0731,-5.62083377852133,-7.48093736876688,1.86010359024555
0.0732,-5.35826794978998,-7.29128151118486,1.93301356139488
0.0733,-5.09041415750371,-7.09443003903838,2.00401588153467
0.0734,-4.81753674101714,-6.89057722096429,2.07304047994715
0.0735,-4.53990499739544,-6.67992423508257,2.14001923768714
0.0736,-4.25779291565074,-6.46267897045786,2.20488605480712
0.0737,-3.97147890634781,-6.239055821938,2.26757691559019
0.0738,-3.68124552684677,-6.00927547857221,2.32802995172545
0.0739,-3.38737920245289,-5.7735647058177,2.38618550336481
0.074,-3.09016994374943,-5.53215612174946,2.44198617800003
0.0741,-2.7899110603923,-5.28528796749436,2.49537690710205
0.0742,-2.48689887164854,-5.03320387211589,2.54630500046734
0.0743,-2.18143241396541,-4.7761526121817,2.5947201982163
0.0744,-1.87381314585721,-4.51438786625119,2.64057472039398
0.0745,-1.56434465040233,-4.24816796452534,2.68382331412301
0.0746,-1.25333233564305,-3.97775563390604,2.724423298263
0.0747,-0.94108313318513,-3.70341773871633,2.7623346055312
0.0748,-0.627905195293105,-3.42542501733755,2.79751982204444
0.0749,-0.314107590781238,-3.14405181502323,2.82994422424199
0.075,-9.79717439317883e-15,-2.85957581315346,2.85957581315345
0.0751,0.314107590781289,-2.57227775519687,2.88638534597816
0.0752,0.627905195293156,-2.28244116965077,2.91034636494393
0.0753,0.941083133185181,-1.99035209023268,2.93143522341786
0.0754,1.2533323356431,-1.69629877359965,2.94963110924275
0.0755,1.56434465040231,-1.40057141487371,2.96491606527602
0.0756,1.87381314585726,-1.10346186125433,2.97727500711159
0.0757,2.18143241396546,-0.805263324000457,2.98669573796591
0.0758,2.48689887164859,-0.506270089066411,2.993168960715
0.0759,2.78991106039235,-0.206777226677184,2.99668828706954
0.076,3.09016994374948,0.0929196998702547,2.99725024387923
0.0761,3.38737920245294,0.39252492589225,2.99485427656069
0.0762,3.68124552684682,0.6917427772025,2.98950274964432
0.0763,3.97147890634786,0.990277961906771,2.98120094444109
0.0764,4.25779291565073,1.28783586182034,2.96995705383038
0.0765,4.53990499739548,1.58412282322061,2.95578217417488
0.0766,4.81753674101718,1.87884644664782,2.93869029436936
0.0767,5.09041415750375,2.17171587546807,2.91869828203568
0.0768,5.35826794978996,2.46244208291367,2.89582586687629
0.0769,5.62083377852131,2.75073815731767,2.87009562120365
0.077,5.87785252292475,3.03631958526104,2.84153293766372
0.0771,6.1290705365298,3.31890453235306,2.81016600417674
0.0772,6.37423989748689,3.59821412136785,2.77602577611904
0.0773,6.61311865323652,3.8739727074625,2.73914594577402
0.0774,6.8454710592869,4.14590815020528,2.69956290908162
0.0775,7.0710678118655,4.41375208214537,2.65731572972013
0.0776,7.2896862742141,4.67724017365913,2.61244610055498
0.0777,7.50111069630459,4.93611239381153,2.56499830249307
0.0778,7.7051324277579,5.19011326697531,2.51501916078259
0.0779,7.90155012375688,5.43899212495455,2.46255799880232
0.078,8.09016994374946,5.68250335436395,2.40766658938551
0.0781,8.27080574274561,5.92040663901953,2.35039910372609
0.0782,8.44327925502015,6.15246719710175,2.2908120579184
0.0783,8.60742027003945,6.3784560128568,2.22896425718264
0.0784,8.76306680043862,6.59815006260749,2.16491673783113
0.0785,8.91006524188367,6.8113325348507,2.09873270703297
0.0786,9.04827052466019,7.01779304422415,2.03047748043605
0.0787,9.17754625683982,7.21732783913137,1.96021841770844
0.0788,9.29776485888253,7.40974000281992,1.8880248560626
0.0789,9.40880768954225,7.59483964771444,1.8139680418278
0.079,9.51056516295153,7.77244410281277,1.73812106013876
0.0791,9.60293685676943,7.94237809396017,1.66055876280926
0.0792,9.68583161128632,8.10447391682376,1.58135769446255
0.0793,9.75916761938748,8.25857160239644,1.50059601699104
0.0794,9.82287250728688,8.40451907486699,1.4183534324199
0.0795,9.87688340595138,8.54217230170053,1.33471110425085
0.0796,9.92114701314478,8.67139543578125,1.24975157736353
0.0797,9.9556196460308,8.79206094947711,1.16355869655369
0.0798,9.98026728428272,8.90404976049422,1.0762175237885
0.0799,9.99506560365731,9.00725134939667,0.987814254260641
0.08,10,9.10156386867591,0.89843613132409
0.0801,9.99506560365731,9.18689424326189,0.808171360395427
0.0802,9.98026728428271,9.26315826237695,0.717109021905767
0.0803,9.95561964603079,9.33028066264169,0.625338983389103
0.0804,9.92114701314478,9.38819520235084,0.532951810793936
0.0805,9.87688340595138,9.43684472684582,0.440038679105557
0.0806,9.82287250728688,9.47618122491947,0.346691282367415
0.0807,9.75916761938746,9.50616587619734,0.25300174319012
0.0808,9.68583161128629,9.52676908944873,0.159062521837567
0.0809,9.60293685676943,9.5379705317896,0.0649663249798316
0.081,9.51056516295153,9.53975914874873,-0.0291939857972014
0.0811,9.40880768954224,9.53213317517712,-0.123325485634883
0.0812,9.29776485888249,9.51510013699,-0.217335278107511
0.0813,9.17754625683981,9.48867684373964,-0.311130586899825
0.0814,9.04827052466019,9.45288937202634,-0.40461884736615
0.0815,8.91006524188366,9.40777303976401,-0.49770779788035
0.0816,8.76306680043861,9.35337237132564,-0.590305570887033
0.0817,8.60742027003944,9.28974105360311,-0.68232078356367
0.0818,8.44327925502015,9.2169418830247,-0.773662628004551
0.0819,8.2708057427456,9.13504670358262,-0.864240960837014
0.082,8.09016994374945,9.04413633593166,-0.953966392182208
0.0821,7.90155012375691,8.94430049762895,-1.04275037387204
0.0822,7.70513242775789,8.83563771459356,-1.13050528683567
0.0823,7.50111069630458,8.71825522387334,-1.21714452756876
0.0824,7.28968627421409,8.59226886781486,-1.30258259360077
0.0825,7.07106781186549,8.45780297974105,-1.38673516787556
0.0826,6.84547105928689,8.31499026124916,-1.46951920196227
0.0827,6.61311865323651,8.16397165125035,-1.55085299801384
0.0828,6.37423989748688,8.00489618688,-1.63065628939313
0.0829,6.12907053652979,7.83792085641603,-1.70885031988625
0.083,5.87785252292474,7.66321044435044,-1.7853579214257
0.0831,5.6208337785213,7.48093736876687,-1.86010359024557
0.0832,5.35826794978995,7.29128151118485,-1.9330135613949
0.0833,5.09041415750374,7.09443003903838,-2.00401588153463
0.0834,4.81753674101717,6.89057722096429,-2.07304047994712
0.0835,4.53990499739547,6.67992423508258,-2.14001923768711
0.0836,4.25779291565071,6.46267897045786,-2.20488605480715
0.0837,3.97147890634778,6.239055821938,-2.26757691559022
0.0838,3.6812455268468,6.00927547857221,-2.32802995172541
0.0839,3.38737920245292,5.7735647058177,-2.38618550336478
0.084,3.09016994374947,5.53215612174947,-2.441986178
0.0841,2.78991106039227,5.28528796749436,-2.49537690710209
0.0842,2.48689887164851,5.03320387211589,-2.54630500046738
0.0843,2.18143241396544,4.77615261218171,-2.59472019821626
0.0844,1.87381314585725,4.51438786625119,-2.64057472039395
0.0845,1.56434465040229,4.24816796452534,-2.68382331412305
0.0846,1.25333233564301,3.97775563390604,-2.72442329826303
0.0847,0.941083133185167,3.70341773871633,-2.76233460553116
0.0848,0.627905195293141,3.42542501733755,-2.79751982204441
0.0849,0.314107590781274,3.14405181502323,-2.82994422424196
0.085,-2.45053155956788e-14,2.85957581315346,-2.85957581315349
0.0851,-0.314107590781323,2.57227775519688,-2.8863853459782
0.0852,-0.627905195293119,2.28244116965077,-2.91034636494389
0.0853,-0.941083133185144,1.99035209023269,-2.93143522341783
0.0854,-1.25333233564306,1.69629877359966,-2.94963110924272
0.0855,-1.56434465040234,1.40057141487372,-2.96491606527606
0.0856,-1.87381314585729,1.10346186125434,-2.97727500711163
0.0857,-2.18143241396542,0.80526332400046,-2.98669573796588
0.0858,-2.48689887164856,0.506270089066417,-2.99316896071497
0.0859,-2.78991106039232,0.206777226677193,-2.99668828706951
0.086,-3.09016994374951,-0.0929196998702461,-2.99725024387927
0.0861,-3.38737920245297,-0.392524925892246,-2.99485427656072
0.0862,-3.68124552684678,-0.691742777202496,-2.98950274964429
0.0863,-3.97147890634782,-0.990277961906763,-2.98120094444106
0.0864,-4.25779291565076,-1.28783586182034,-2.96995705383042
0.0865,-4.53990499739551,-1.5841228232206,-2.95578217417491
0.0866,-4.81753674101721,-1.87884644664782,-2.93869029436939
0.0867,-5.09041415750372,-2.17171587546807,-2.91869828203565
0.0868,-5.35826794978999,-2.46244208291367,-2.89582586687632
0.0869,-5.62083377852134,-2.75073815731767,-2.87009562120367
0.087,-5.87785252292478,-3.03631958526104,-2.84153293766374
0.0871,-6.12907053652977,-3.31890453235306,-2.81016600417671
0.0872,-6.37423989748691,-3.59821412136785,-2.77602577611906
0.0873,-6.61311865323655,-3.87397270746251,-2.73914594577404
0.0874,-6.84547105928693,-4.14590815020529,-2.69956290908164
0.0875,-7.07106781186547,-4.41375208214538,-2.6573157297201
0.0876,-7.28968627421412,-4.67724017365913,-2.61244610055499
0.0877,-7.50111069630461,-4.93611239381153,-2.56499830249308
0.0878,-7.70513242775792,-5.19011326697532,-2.5150191607826
0.0879,-7.9015501237569,-5.43899212495456,-2.46255799880233
0.088,-8.09016994374948,-5.68250335436396,-2.40766658938552
0.0881,-8.27080574274563,-5.92040663901954,-2.35039910372609
0.0882,-8.44327925502017,-6.15246719710176,-2.29081205791841
0.0883,-8.60742027003943,-6.37845601285682,-2.22896425718261
0.0884,-8.76306680043864,-6.5981500626075,-2.16491673783113
0.0885,-8.91006524188369,-6.81133253485071,-2.09873270703298
0.0886,-9.04827052466018,-7.01779304422416,-2.03047748043602
0.0887,-9.1775462568398,-7.21732783913138,-1.96021841770842
0.0888,-9.29776485888251,-7.40974000281993,-1.88802485606258
0.0889,-9.40880768954226,-7.59483964771445,-1.81396804182781
0.089,-9.51056516295154,-7.77244410281278,-1.73812106013877
0.0891,-9.60293685676942,-7.94237809396018,-1.66055876280924
0.0892,-9.68583161128631,-8.10447391682377,-1.58135769446254
0.0893,-9.75916761938747,-8.25857160239645,-1.50059601699103
0.0894,-9.82287250728689,-8.40451907486699,-1.4183534324199
0.0895,-9.87688340595138,-8.54217230170053,-1.33471110425085
0.0896,-9.92114701314478,-8.67139543578125,-1.24975157736353
0.0897,-9.9556196460308,-8.79206094947711,-1.16355869655369
0.0898,-9.98026728428272,-8.90404976049422,-1.0762175237885
0.0899,-9.99506560365732,-9.00725134939668,-0.987814254260639
0.09,-10,-9.10156386867591,-0.898436131324088
0.0901,-9.99506560365732,-9.18689424326189,-0.808171360395429
0.0902,-9.98026728428272,-9.26315826237695,-0.717109021905769
0.0903,-9.9556196460308,-9.33028066264169,-0.625338983389108
0.0904,-9.92114701314477,-9.38819520235084,-0.53295181079393
0.0905,-9.87688340595137,-9.43684472684582,-0.44003867910555
0.0906,-9.82287250728689,-9.47618122491947,-0.34669128236742
0.0907,-9.75916761938747,-9.50616587619734,-0.253001743190127
0.0908,-9.6858316112863,-9.52676908944873,-0.159062521837575
0.0909,-9.60293685676942,-9.5379705317896,-0.0649663249798174
0.091,-9.51056516295154,-9.53975914874873,0.0291939857971926
0.0911,-9.40880768954225,-9.53213317517713,0.123325485634876
0.0912,-9.29776485888251,-9.51510013699001,0.217335278107504
0.0913,-9.1775462568398,-9.48867684373964,0.311130586899846
0.0914,-9.04827052466017,-9.45288937202634,0.404618847366169
0.0915,-8.91006524188368,-9.40777303976402,0.497707797880336
0.0916,-8.76306680043863,-9.35337237132565,0.590305570887018
0.0917,-8.60742027003942,-9.28974105360311,0.682320783563691
0.0918,-8.44327925502013,-9.2169418830247,0.773662628004573
0.0919,-8.27080574274558,-9.13504670358262,0.864240960837035
0.092,-8.09016994374947,-9.04413633593166,0.953966392182188
0.0921,-7.90155012375689,-8.94430049762895,1.04275037387206
0.0922,-7.70513242775787,-8.83563771459356,1.13050528683569
0.0923,-7.50111069630456,-8.71825522387334,1.21714452756878
0.0924,-7.28968627421412,-8.59226886781486,1.30258259360075
0.0925,-7.07106781186546,-8.45780297974105,1.38673516787558
0.0926,-6.84547105928686,-8.31499026124915,1.46951920196229
0.0927,-6.61311865323648,-8.16397165125035,1.55085299801386
0.0928,-6.3742398974869,-8.00489618688,1.63065628939309
0.0929,-6.12907053652976,-7.83792085641603,1.70885031988627
0.093,-5.87785252292471,-7.66321044435043,1.78535792142572
0.0931,-5.62083377852127,-7.48093736876686,1.86010359024559
0.0932,-5.35826794978998,-7.29128151118484,1.93301356139486
0.0933,-5.09041415750371,-7.09443003903837,2.00401588153465
0.0934,-4.81753674101714,-6.89057722096428,2.07304047994714
0.0935,-4.53990499739544,-6.67992423508256,2.14001923768712
0.0936,-4.25779291565075,-6.46267897045785,2.2048860548071
0.0937,-3.97147890634781,-6.23905582193799,2.26757691559018
0.0938,-3.68124552684677,-6.00927547857221,2.32802995172544
0.0939,-3.38737920245289,-5.7735647058177,2.38618550336481
0.094,-3.0901699437495,-5.53215612174946,2.44198617799996
0.0941,-2.78991106039231,-5.28528796749436,2.49537690710205
0.0942,-2.48689887164855,-5.03320387211589,2.54630500046734
0.0943,-2.18143241396541,-4.77615261218171,2.5947201982163
0.0944,-1.87381314585728,-4.5143878662512,2.64057472039391
0.0945,-1.56434465040233,-4.24816796452535,2.68382331412302
0.0946,-1.25333233564305,-3.97775563390605,2.724423298263
0.0947,-0.941083133185132,-3.70341773871634,2.76233460553121
0.0948,-0.627905195293107,-3.42542501733756,2.79751982204445
0.0949,-0.314107590781311,-3.14405181502324,2.82994422424192
0.095,-1.22464679914735e-14,-2.85957581315347,2.85957581315345
0.0951,0.314107590781287,-2.57227775519689,2.88638534597817
0.0952,0.627905195293153,-2.28244116965078,2.91034636494393
0.0953,0.941083133185179,-1.99035209023269,2.93143522341787
0.0954,1.25333233564302,-1.69629877359966,2.94963110924269
0.0955,1.56434465040231,-1.40057141487373,2.96491606527603
0.0956,1.87381314585726,-1.10346186125434,2.9772750071116
0.0957,2.18143241396545,-0.805263324000468,2.98669573796592
0.0958,2.48689887164859,-0.506270089066422,2.99316896071501
0.0959,2.78991106039228,-0.206777226677197,2.99668828706948
0.096,3.09016994374948,0.0929196998702388,2.99725024387924
0.0961,3.38737920245293,0.392524925892236,2.9948542765607
0.0962,3.68124552684681,0.691742777202487,2.98950274964433
0.0963,3.97147890634785,0.990277961906758,2.9812009444411
0.0964,4.25779291565073,1.28783586182033,2.96995705383039
0.0965,4.53990499739548,1.5841228232206,2.95578217417488
0.0966,4.81753674101718,1.87884644664781,2.93869029436937
0.0967,5.09041415750375,2.17171587546806,2.91869828203569
0.0968,5.35826794979002,2.46244208291366,2.89582586687635
0.0969,5.62083377852131,2.75073815731766,2.87009562120365
0.097,5.87785252292475,3.03631958526103,2.84153293766372
0.0971,6.1290705365298,3.31890453235305,2.81016600417674
0.0972,6.37423989748694,3.59821412136785,2.77602577611909
0.0973,6.61311865323657,3.8739727074625,2.73914594577407
0.0974,6.8454710592869,4.14590815020529,2.69956290908161
0.0975,7.0710678118655,4.41375208214538,2.65731572972012
0.0976,7.28968627421415,4.67724017365913,2.61244610055502
0.0977,7.50111069630464,4.93611239381154,2.5649983024931
0.0978,7.7051324277579,5.19011326697532,2.51501916078258
0.0979,7.90155012375692,5.43899212495457,2.46255799880235
0.098,8.0901699437495,5.68250335436396,2.40766658938553
0.0981,8.27080574274565,5.92040663901954,2.35039910372611
0.0982,8.44327925502015,6.15246719710177,2.29081205791838
0.0983,8.60742027003944,6.37845601285682,2.22896425718262
0.0984,8.76306680043865,6.59815006260751,2.16491673783115
0.0985,8.9100652418837,6.81133253485071,2.09873270703299
0.0986,9.04827052466019,7.01779304422416,2.03047748043603
0.0987,9.17754625683982,7.21732783913139,1.96021841770843
0.0988,9.29776485888252,7.40974000281994,1.88802485606258
0.0989,9.40880768954227,7.59483964771446,1.81396804182781
0.099,9.51056516295153,7.77244410281279,1.73812106013875
0.0991,9.60293685676943,7.94237809396018,1.66055876280925
0.0992,9.68583161128632,8.10447391682377,1.58135769446254
0.0993,9.75916761938747,8.25857160239645,1.50059601699102
0.0994,9.82287250728688,8.404519074867,1.41835343241989
0.0995,9.87688340595138,8.54217230170053,1.33471110425084
0.0996,9.92114701314478,8.67139543578125,1.24975157736353
0.0997,9.9556196460308,8.79206094947711,1.16355869655369
0.0998,9.98026728428271,8.90404976049422,1.07621752378849
0.0999,9.99506560365731,9.00725134939668,0.987814254260634
0.1,10,9.10156386867592,0.898436131324084
