"time","capacitor.v1","capacitor.v2","capacitor.i","inductor.i"
0,8.8625395,-0.7624325000000005,1.1374605,1.899893
0.0001,8.95314351810411,-0.7808043159356615,1.041922085553207,1.822726401488868
0.0002,9.034909366691378,-0.7984054917961725,0.9453579175913376,1.74376340938751
0.0003,9.107760105001445,-0.8152193281948616,0.8478595410293561,1.663078869224218
0.0004,9.171626687063151,-0.8312291325112349,0.7495203260816279,1.580749458592863
0.0005,9.226442380868384,-0.8464182157375628,0.6504410250829942,1.496859240820557
0.0006,9.272151304900447,-0.8607714607203807,0.5507212023864394,1.41149266310682
0.0007,9.308709557350952,-0.8742753466929523,0.4504580620365228,1.324733408729475
0.0008,9.336081997399077,-0.8869168563264511,0.3497496138872336,1.236666470213685
0.0009,9.354241030843793,-0.898683065519035,0.2486958259256369,1.147378891444672
0.001,9.363169042073755,-0.9095625462946442,0.1473961208777794,1.056958667172424
0.0011,9.362856367497054,-0.9195441394041591,0.04595132204519992,0.965495461449359
0.0012,9.35330331271992,-0.928618027907794,-0.05553845383740708,0.8730795740703869
0.0013,9.334519580203377,-0.9367754162539612,-0.156973323363566,0.7798020928903953
0.0014,9.306523640780132,-0.9440082310348457,-0.2582531161199366,0.685755114914909
0.0015,9.26934323841526,-0.9503092702955006,-0.3592779965315813,0.5910312737639193
0.0016,9.223015122145849,-0.9556723298101223,-0.4599483217072127,0.4957240081029096
0.0017,9.167585043317978,-0.9600921432268439,-0.5601647732785402,0.3999273699483037
0.0018,9.103107692140487,-0.9635644516494959,-0.6598284371203356,0.3037360145291603
0.0019,9.029646623465084,-0.9660860068467723,-0.7588408807194646,0.2072451261273076
0.002,8.94727445437173,-0.9676538719074262,-0.8571045106222552,0.110549361285171
0.0021,8.856072310581009,-0.9682669006828089,-0.9545221868241063,0.01374471385870256
0.0022,8.756130275781604,-0.9679242458712428,-1.050997848023713,-0.08307360215247039
0.0023,8.647546856127793,-0.9666267323212949,-1.146436159823198,-0.1798094275019029
0.0024,8.530429308107511,-0.9643751314119562,-1.240743033893395,-0.2763679024814387
0.0025,8.404893210288432,-0.9611720422839841,-1.333825398422956,-0.3726533561389719
0.0026,8.271062459444245,-0.9570203251499936,-1.425591400157359,-0.468571075007365
0.0027,8.129069185913483,-0.9519243226094708,-1.515950532676965,-0.5640262100674941
0.0028,7.979053418277556,-0.9458885794346826,-1.60481352079066,-0.6589249413559769
0.0029,7.821163237266688,-0.9389192291141896,-1.692092700736923,-0.7531734716227337
0.003,7.655554489939359,-0.9310232015626893,-1.777701967014629,-0.8466787654519395
0.0031,7.482390643068776,-0.9222084873641982,-1.86155686454747,-0.939348377183272
0.0032,7.301842476189679,-0.9124834484582485,-1.943574526399714,-1.031091077941465
0.0033,7.114088223325554,-0.9018578957136174,-2.023674065821842,-1.121816170108225
0.0034,6.919313240231014,-0.8903424329370209,-2.101776499213863,-1.211434066276842
0.0035,6.7177096827158,-0.8779483144962152,-2.177804685320331,-1.299856370824116
0.0036,6.509476498411745,-0.864687776309597,-2.251683582761018,-1.386995806451421
0.0037,6.294819240124802,-0.8505739864973558,-2.323340333776997,-1.472766347279641
0.0038,6.073949886145424,-0.8356211393131454,-2.392704359298646,-1.5570832199855
0.0039,5.847086263580389,-0.8198436815172023,-2.459707061127476,-1.639863379610274
0.004,5.614452252384604,-0.8032570984733034,-2.524282308635129,-1.721025210161826
0.0041,5.376277647757219,-0.785878105618943,-2.586366587364928,-1.800488481745985
0.0042,5.132797514025631,-0.767723823819312,-2.645898642377086,-1.878174818557774
0.0043,4.884251746972144,-0.7488115870922443,-2.70281933300672,-1.954007745914476
0.0044,4.630885704078491,-0.7291601242306265,-2.757072558221246,-2.027912433990619
0.0045,4.372949961205721,-0.7087895106199542,-2.808605310803412,-2.099815800183458
0.0046,4.110698670784966,-0.6877194081980673,-2.857366335141925,-2.169646926943858
0.0047,3.844389894078155,-0.6659698168784356,-2.903306760893012,-2.237336944014577
0.0048,3.574287001074765,-0.6435628552859156,-2.946381805781632,-2.302818950495717
0.0049,3.300656790210625,-0.6205209265097311,-2.986549199429345,-2.366028272919614
0.005,3.023769044085445,-0.5968664737747806,-3.023769044085444,-2.426902570310664
0.0051,2.743897226110922,-0.5726230242133044,-3.058004816892207,-2.485381792678902
0.0052,2.461317871002999,-0.547814843197767,-3.089223066296133,-2.541408223098366
0.0053,2.176309937990226,-0.5224664596484145,-3.117393071175372,-2.594926611526957
0.0054,1.88915414950203,-0.4966023655686245,-3.142486485145074,-2.64588411957645
0.0055,1.600133802695556,-0.4702479793344252,-3.164478453097864,-2.694230473763439
0.0056,1.309534366942972,-0.4434295279696845,-3.18334751280022,-2.739917984830536
0.0057,1.017642518840922,-0.4161733710132594,-3.199074932806347,-2.782901561793088
0.0058,0.7247464092202426,-0.3885064937922422,-3.211645280868791,-2.823138787076549
0.0059,0.4311350707941703,-0.3604561917670983,-3.221046131186466,-2.860589939419368
0.006,0.1370983292041021,-0.332050216651429,-3.227268272953578,-2.895218056302149
0.0061,-0.1570735995331152,-0.3033166293270289,-3.2303056029198,-2.926988973592771
0.0062,-0.4510903884094982,-0.274283788609099,-3.230155138437282,-2.955871349828183
0.0063,-0.7446619051944094,-0.244980364702172,-3.226817001153399,-2.981836636451227
0.0064,-1.037498486070161,-0.2154352375956718,-3.220294429580567,-3.004859191984895
0.0065,-1.329311238344314,-0.1856774945406787,-3.210593759051153,-3.024916264510474
0.0066,-1.619812153818843,-0.1557365028320588,-3.197724587198311,-3.041988084366252
0.0067,-1.90871450077973,-0.1256417953397824,-3.181699656723983,-3.056057861384201
0.0068,-2.195733189033573,-0.09542297099746699,-3.162534760756396,-3.067111789758929
0.0069,-2.480584978629695,-0.06510984508988349,-3.140248799891613,-3.075138954801729
0.007,-2.762988816407806,-0.03473241378535175,-3.114863706516924,-3.080131292731572
0.0071,-3.042665920067113,-0.004320603665683542,-3.086404616462653,-3.08208401279697
0.0072,-3.319340294931569,0.02609553721759461,-3.054899602555328,-3.080995139772923
0.0073,-3.592738922913855,0.05648594273402807,-3.020379730322666,-3.076865673056694
0.0074,-3.862591936692496,0.08682061004468222,-2.982879122594391,-3.069699732639073
0.0075,-4.128633038318332,0.1170695693785184,-2.942434773547142,-3.059504342925661
0.0076,-4.39059968495642,0.1472029661312115,-2.899086589257696,-3.046289555388908
0.0077,-4.648233342086098,0.1771911120296297,-2.852877354218498,-3.030068466248128
0.0078,-4.901279747787691,0.2070043204798391,-2.803852679970203,-3.010857000450042
0.0079,-5.14948918531015,0.2366132183812804,-2.752060938446753,-2.988674156828034
0.008,-5.392616721880852,0.2659886945558347,-2.69755322186862,-2.963541916424455
0.0081,-5.630422386927089,0.2951015790715439,-2.640383355818528,-2.935484934890072
0.0082,-5.862671517667303,0.3239232605140772,-2.58060773735285,-2.904530997866927
0.0083,-6.089134924877056,0.3524253592347426,-2.518285345162381,-2.870710704397124
0.0084,-6.309589082640601,0.3805795908261347,-2.453477717798037,-2.834057308624172
0.0085,-6.523816452126061,0.4083582691025418,-2.386248789757619,-2.794607058860161
0.0086,-6.73160562502882,0.435734008878284,-2.316664899631377,-2.752398908509661
0.0087,-6.932751499650275,0.4626796662067214,-2.244794757189538,-2.70747442339626
0.0088,-7.127055601190351,0.4891687410658125,-2.170709257692163,-2.659877998757976
0.0089,-7.314326179015467,0.5151751014424466,-2.094481510526787,-2.609656611969234
0.009,-7.494378374521604,0.5406729680698077,-2.01618678842993,-2.556859756499738
0.0091,-7.667034544945349,0.565637290643616,-1.935902311824081,-2.501539602467697
0.0092,-7.832124292339588,0.5900434177093499,-1.853707318946725,-2.443750736656075
0.0093,-7.989484650148855,0.6138671666813802,-1.76968296923862,-2.38355013592
0.0094,-8.138960382218119,0.6370851589130222,-1.683912125068767,-2.320997283981789
0.0095,-8.280403946312603,0.6596744257796203,-1.596479459638774,-2.256153885418394
0.0096,-8.413675726578877,0.6816126154266313,-1.507471286565902,-2.189083901992534
0.0097,-8.538644266719508,0.7028782105155855,-1.416975379311292,-2.119853589826878
0.0098,-8.65518618049343,0.7234501185946094,-1.325081103789286,-2.048531222383895
0.0099,-8.763186454222961,0.7433080337198583,-1.231879149434356,-1.975187183154214
0.01,-8.862538575516393,0.762432481922042,-1.137461424483607,-1.899893906405649
0.0101,-8.953144398689323,0.7808044262888629,-1.041921204967991,-1.822725631256854
0.0102,-9.034914546821469,0.7984058008229578,-0.9453527374612474,-1.743758538284205
0.0103,-9.107768391038217,0.8152193439031414,-0.8478512549925838,-1.663070598895725
0.0104,-9.171633895724256,0.8312282465323335,-0.7495131174205234,-1.580741363952857
0.0105,-9.226448119604122,0.8464168438550093,-0.6504352863472551,-1.496852130202264
0.0106,-9.272157015237489,0.8607702186951349,-0.5507154920493971,-1.411485710744532
0.0107,-9.308715336302471,0.874274001623599,-0.4504522830850011,-1.3247262847086
0.0108,-9.33608710103643,0.8869150093674398,-0.3497445102498808,-1.236659519617321
0.0109,-9.354245328771496,0.8986808133100308,-0.2486915279979343,-1.147372341307965
0.011,-9.363171971170631,0.9095596207401959,-0.147393191780905,-1.056952812521101
0.0111,-9.362858324163398,0.9195408422248661,-0.04594936537885452,-0.9654902076037206
0.0112,-9.353304706674741,0.9286146408375568,0.05553984779222887,-0.873074793045328
0.0113,-9.334520436806708,0.9367719149970718,0.1569741799668964,-0.7797977350301754
0.0114,-9.306524163739306,0.9440047593182461,0.2582536390791113,-0.6857511202391349
0.0115,-9.269343495864639,0.9503060104997272,0.3592782539809605,-0.5910277565187667
0.0116,-9.223015044378501,0.955669346941255,0.4599482439398663,-0.4957211030013887
0.0117,-9.16758464405515,0.9600896157278421,0.560164374015713,-0.3999252417121292
0.0118,-9.103106939838657,0.9635623856515702,0.6598276848185094,-0.3037347008330608
0.0119,-9.029645521549234,0.966084178920543,0.758839778803619,-0.2072444001169241
0.012,-8.94727300012768,0.9676526388688819,0.8571030563782074,-0.1105495824906745
0.0121,-8.856070563702062,0.9682661004576016,0.9545204399451617,-0.01374566051243993
0.0122,-8.75612822778006,0.9679239684752724,1.05099580002217,0.08307183154689733
0.0123,-8.647544731853937,0.9666267000922577,1.146434035549344,0.1798073354570864
0.0124,-8.53042707793653,0.9643754069335881,1.240740803722414,0.2763653967888255
0.0125,-8.404890920463048,0.9611723886924806,1.333823108597574,0.3726507199050937
0.0126,-8.271060236846989,0.9570208978594522,1.425589177560106,0.4685682797006535
0.0127,-8.129066916172452,0.951924842436485,1.515948262935936,0.564023420499451
0.0128,-7.979051206159165,0.945889369673735,1.60481130867227,0.6589219389985347
0.0129,-7.821161210809057,0.9389204908306733,1.692090674279292,0.753170183448619
0.013,-7.655552579250692,0.9310249206624565,1.777700056325959,0.8466751356635028
0.0131,-7.482388868086553,0.9222105654063694,1.861555089565251,0.9393445241588819
0.0132,-7.301841001705641,0.912486153888129,1.943573051915677,1.031086898027548
0.0133,-7.114087013734266,0.9018611513512118,2.023672856230555,1.121811704879343
0.0134,-6.919312316084572,0.8903461509384534,2.101775575067419,1.211429424128965
0.0135,-6.717709132193059,0.8779525207661276,2.17780413479759,1.299851614031462
0.0136,-6.509476306103288,0.8646923950718481,2.251683390452566,1.386990995380718
0.0137,-6.294819457234711,0.8505789578248559,2.323340550886908,1.472761593062052
0.0138,-6.073950397926331,0.8356261157668288,2.392704871079553,1.557078755312724
0.0139,-5.847087023744407,0.8198485656737402,2.459707821291494,1.639859255617754
0.014,-5.614453334244415,0.8032619633729825,2.524283390494939,1.721021427121957
0.0141,-5.376278847106109,0.7858826324828914,2.586367786713822,1.80048515423093
0.0142,-5.132798581010393,0.7677277012668873,2.645899709361848,1.878172008094961
0.0143,-4.884252925013378,0.7488151569597257,2.702820511047954,1.954005354088229
0.0144,-4.630887062140976,0.7291635985646345,2.75707391628373,2.027910317719095
0.0145,-4.372951053003374,0.7087924308963167,2.808606402601063,2.099813971704747
0.0146,-4.110699540073972,0.6877218120854809,2.857367204430934,2.169645392345454
0.0147,-3.844391193680405,0.6659724567607488,2.903308060495265,2.237335603734516
0.0148,-3.574288900455753,0.6435658684351999,2.946383705162621,2.302817836727421
0.0149,-3.300659281320709,0.6205241910527244,2.986551690539426,2.366027499486702
0.015,-3.023772235100408,0.5968700966189564,3.023772235100406,2.42690213848145
0.0151,-2.743901105368554,0.5726269696151753,3.058008696149842,2.485381726534667
0.0152,-2.461322128545494,0.5478187499282563,3.089227323838632,2.541408573910375
0.0153,-2.176314058729107,0.5224698760557969,3.117397191914252,2.594927315858455
0.0154,-1.889158248732077,0.4966053931410257,3.142490584375119,2.645885191234093
0.0155,-1.600138104726985,0.4702508316528529,3.164482755129292,2.694231923476439
0.0156,-1.309538763702821,0.4434321770255969,3.183351909560073,2.739919732534476
0.0157,-1.01764708872521,0.4161759116730828,3.199079502690639,2.782903591017556
0.0158,-0.724751140667704,0.388508934953907,3.211650012316253,2.823141077362346
0.0159,-0.4311399092475773,0.3604585438517383,3.221050969639869,2.860592425788131
0.016,-0.137103220060974,0.3320524224765271,3.227273163810446,2.895220741333919
0.0161,0.1570687665427584,0.3033186069299272,3.230310435910152,2.926991828980225
0.0162,0.4510857739514803,0.2742854563109569,3.230159752895294,2.955874296584337
0.0163,0.7446575877489859,0.2449816108821445,3.22682131859883,2.981839707716685
0.0164,1.03749452060801,0.2154360031078233,3.220298395042724,3.004862391934901
0.0165,1.32930758810924,0.1856777926433324,3.210597409286235,3.024919616642903
0.0166,1.619808763732358,0.1557363227012831,3.1977279772848,3.041991654583517
0.0167,1.908711399889013,0.1256411757781075,3.181702757614703,3.056061581836595
0.0168,2.195730374167877,0.09542204044577485,3.162537575622098,3.067115535176323
0.0169,2.480582404651304,0.06510870439431482,3.14025137387001,3.075142669475695
0.017,2.762986421423014,0.034731150177433,3.114866101501723,3.08013495132429
0.0171,3.042663702182312,0.004319315735650253,3.086406834347457,3.082087518611807
0.0172,3.319338226950427,-0.02609681772910433,3.054901670536473,3.080998488265577
0.0173,3.592736979437007,-0.05648714997765891,3.020381673799513,3.076868823777172
0.0174,3.862590132134359,-0.08682174781032748,2.982880927152533,3.069702674962861
0.0175,4.128631368562522,-0.1170706999540685,2.942436443302958,3.059507143257026
0.0176,4.390598149109255,-0.1472040647933301,2.899088125104863,3.046292189898193
0.0177,4.648231939275416,-0.1771921763241524,2.852878757029181,3.030070933353334
0.0178,4.901278485301024,-0.2070054527721794,2.80385394245687,3.010859395229049
0.0179,5.149488058172243,-0.2366143847809528,2.752062065584666,2.988676450365619
0.018,5.392615711729199,-0.2659898362336368,2.697554232020273,2.96354406825391
0.0181,5.630421506477568,-0.2951028090090189,2.640384236268052,2.935487045277071
0.0182,5.86267074611302,-0.3239244979460065,2.580608508907133,2.90453300685314
0.0183,6.089134246984504,-0.352426554041787,2.518286023054934,2.870712577096721
0.0184,6.309588506886962,-0.3805808103986252,2.453478293551678,2.834059103950303
0.0185,6.523815953034976,-0.408359433941873,2.386249288848703,2.794608722790576
0.0186,6.731605197886706,-0.4357351121954327,2.31666532677349,2.752400438968923
0.0187,6.932751152076033,-0.4626807483028776,2.244795104763776,2.707475853066654
0.0188,7.12705530749396,-0.4891697427550272,2.170709551388555,2.659879294143582
0.0189,7.314325947582606,-0.5151760589404364,2.094481741959651,2.609657800900087
0.019,7.494378206271219,-0.5406738980603643,2.016186956680316,2.55686085474068
0.0191,7.667034414578818,-0.5656381468639791,1.935902442190614,2.501540589054593
0.0192,7.832124225342564,-0.5900442694992813,1.853707385943748,2.443751655443029
0.0193,7.989484628021097,-0.6138679871925277,1.769682991366377,2.383550978558905
0.0194,8.138960381896025,-0.6370859078304925,1.683912125390862,2.320998033221354
0.0195,8.280404005716267,-0.659675185476388,1.596479400235109,2.256154585711498
0.0196,8.413675817776802,-0.681613340058024,1.507471195367977,2.189084535426001
0.0197,8.538644361614631,-0.7028788508147059,1.41697528441617,2.119854135230876
0.0198,8.655186332976019,-0.7234507768894116,1.325080951306697,2.048531728196109
0.0199,8.763186624666865,-0.7433086444145314,1.231878978990451,1.975187623404983
0.02,8.862538730966655,-0.7624329935388685,1.137461269033345,1.899894262572213
0.0201,8.953144612649297,-0.7808049672131177,1.04192099100802,1.822725958221137
0.0202,9.03491476624041,-0.7984062887015639,0.9453525180423039,1.743758806743868
0.0203,9.107768581186519,-0.8152197297351016,0.8478510648442796,1.663070794579381
0.0204,9.171634145988456,-0.8312286767611692,0.7495128671563211,1.58074154391749
0.0205,9.226448364542033,-0.8464172226694786,0.6504350414093434,1.496852264078822
0.0206,9.27215723539042,-0.8607705210685193,0.5507152718964665,1.411485792964986
0.0207,9.308715604504354,-0.8742743413103273,0.4504520148831173,1.324726356193445
0.0208,9.336087354105326,-0.8869152982119231,0.3497442571809852,1.236659555392908
0.0209,9.354245568896754,-0.8986810558908149,0.2486912878726741,1.147372343763489
0.021,9.363172243582284,-0.9095598847078659,0.1473929193692509,1.056952804077117
0.0211,9.362858571846044,-0.919541051872709,0.04594911769621035,0.9654901695689193
0.0212,9.353304960499145,-0.9286148379113685,-0.05554010161663392,0.8730747362947345
0.0213,9.334520702391032,-0.9367721102009957,-0.1569744455512208,0.779797664649775
0.0214,9.306524394916188,-0.9440048954532303,-0.2582538702559969,0.6857510251972334
0.0215,9.269343752667583,-0.9503061641179019,-0.359278510783902,0.5910276533339999
0.0216,9.223015294224378,-0.9556694803861694,-0.4599484937857454,0.4957209866004239
0.0217,9.167584849848861,-0.9600896864001469,-0.560164579809431,0.3999251065907158
0.0218,9.103107179206237,-0.9635624874307832,-0.6598279241860858,0.3037345632446974
0.0219,9.029645749193481,-0.9660842611031075,-0.7588400064478673,0.2072442546552403
0.022,8.947273174272773,-0.967652655158582,-0.8571032305232968,0.1105494246352852
0.0221,8.856070781404338,-0.968266161842167,-0.9545206576474365,0.01374550419473037
0.0222,8.756128429305843,-0.9679240102443039,-1.050996001547958,-0.08307199130365389
0.0223,8.64754487059086,-0.9666266723839374,-1.146434174286265,-0.1798075019023272
0.0224,8.530427271931689,-0.964375437380536,-1.240740997717579,-0.2763655603370435
0.0225,8.4048910939064,-0.9611723982654992,-1.333823282040923,-0.3726508837754236
0.0226,8.271060348783454,-0.9570208447648709,-1.42558928949657,-0.4685684447316994
0.0227,8.129067085770531,-0.951924848575598,-1.515948432534014,-0.5640235839584158
0.0228,7.979051350703726,-0.9458893531143691,-1.604811453216829,-0.6589221001024601
0.0229,7.821161312399965,-0.9389204341693536,-1.692090775870207,-0.7531703417008531
0.023,7.655552724506231,-0.9310249079202505,-1.777700201581498,-0.8466752936612471
0.0231,7.482388983651735,-0.9222105282912113,-1.861555205130432,-0.9393446768392205
0.0232,7.301841097338901,-0.9124861008318483,-1.943573147548936,-1.031087046717088
0.0233,7.114087135306001,-0.9018611249455086,-2.023672977802288,-1.12181185285678
0.0234,6.919312403306526,-0.8903460987634626,-2.101775662289372,-1.211429563525909
0.0235,6.717709226691615,-0.8779524772997989,-2.177804229296145,-1.299851751996346
0.0236,6.509476405255919,-0.8646923596152791,-2.251683489605204,-1.386991129989925
0.0237,6.294819517447495,-0.8505788954219693,-2.323340611099699,-1.47276171567773
0.0238,6.073950483826875,-0.8356260761870995,-2.392704956980105,-1.557078880793005
0.0239,5.847087102184,-0.8198485246565725,-2.459707899731093,-1.639859375074521
0.024,5.614453369278152,-0.8032618946381509,-2.524283425528684,-1.721021530890533
0.0241,5.376278916213296,-0.7858825908522857,-2.586367855821007,-1.800485264968721
0.0242,5.132798640615174,-0.7677276572197251,-2.645899768966637,-1.878172111746912
0.0243,4.884252936965174,-0.7488150852054192,-2.702820522999758,-1.954005437794339
0.0244,4.630887116429268,-0.7291635566774044,-2.757073970572029,-2.027910413894624
0.0245,4.372951095661646,-0.7087923858610305,-2.808606445259343,-2.099814059398313
0.0246,4.110699531223068,-0.6877217404745819,-2.857367195580029,-2.169645455105448
0.0247,3.844391235009602,-0.6659724159737412,-2.90330810182447,-2.237335685850729
0.0248,3.57428892805616,-0.6435658242074411,-2.946383732763026,-2.302817908555585
0.0249,3.300659266723374,-0.6205241287725571,-2.986551675942098,-2.366027547169541
0.025,3.023772265230083,-0.596870057910202,-3.023772265230089,-2.426902207319887
0.0251,2.74390111982912,-0.5726269277518266,-3.058008710610407,-2.48538178285858
0.0252,2.461322117956927,-0.5478187001796644,-3.089227313250072,-2.541408613070408
0.0253,2.176314079309936,-0.5224698400127954,-3.11739721249508,-2.594927372482285
0.0254,1.889158251989756,-0.4966053549926439,-3.142490587632806,-2.645885232640163
0.0255,1.600138100493954,-0.470250792388514,-3.164482750896251,-2.694231958507737
0.0256,1.30953877623854,-0.4434321439511524,-3.18335192209579,-2.739919778144638
0.0257,1.017647082714528,-0.4161758785313254,-3.199079496679973,-2.782903618148648
0.0258,0.7247511441021864,-0.3885089026363246,-3.211650015750735,-2.82314111311441
0.0259,0.4311399150837746,-0.3604585139355878,-3.221050975476083,-2.860592461540495
0.026,0.137103206731872,-0.3320523957352948,-3.227273150481343,-2.895220754746048
0.0261,-0.1570687645119666,-0.3033185778804941,-3.230310437940959,-2.926991860060465
0.0262,-0.4510857735919152,-0.274285429752998,-3.230159753254874,-2.955874323501877
0.0263,-0.7446576063764904,-0.2449815921289544,-3.226821299971324,-2.98183970784237
0.0264,-1.037494522281461,-0.2154359766975174,-3.220298393369273,-3.004862416671755
0.0265,-1.329307592073206,-0.1856777697130241,-3.210597405322266,-3.024919635609242
0.0266,-1.619808785510718,-0.155736313757135,-3.197727955506438,-3.041991641749303
0.0267,-1.908711404549985,-0.1256411515701474,-3.181702752953729,-3.056061601383582
0.0268,-2.195730381328393,-0.09542202152797952,-3.162537568461573,-3.067115546933594
0.0269,-2.480582427262009,-0.06510870734900864,-3.140251351259311,-3.075142643910302
0.027,-2.762986428481218,-0.03473112777393927,-3.114866094443511,-3.080134966669572
0.0271,-3.042663711401615,-0.00431930138790948,-3.08640682512816,-3.08208752374025
0.0272,-3.319338244381139,0.02609681082892346,-3.054901653105766,-3.080998463934689
0.0273,-3.592736988393888,0.05648717087123556,-3.020381664842638,-3.076868835713874
0.0274,-3.862590142221773,0.08682175680599835,-2.982880917065119,-3.069702673871118
0.0275,-4.128631381514794,0.1170706950212277,-2.942436430350685,-3.059507125371912
0.0276,-4.390598159513544,0.1472040843193176,-2.899088114700573,-3.046292199019891
0.0277,-4.648231948940014,0.1771921789333799,-2.852878747364583,-3.030070926297963
0.0278,-4.90127849627169,0.207005455557558,-2.803853931486202,-3.01085938704376
0.0279,-5.149488069573099,0.2366144029019743,-2.752062054183804,-2.988676457085778
0.028,-5.39261571953643,0.2659898311639184,-2.697554224213043,-2.963544055376961
0.0281,-5.63042151907794,0.2951028261722568,-2.640384223667676,-2.935487049839932
0.0282,-5.862670758018782,0.3239245144293306,-2.580608497001375,-2.904533011430706
0.0283,-6.089134251322905,0.3524265397488269,-2.518286018716536,-2.870712558465363
0.0284,-6.309588520402128,0.3805808285368615,-2.453478280036512,-2.834059108573373
0.0285,-6.523815964878493,0.4083594483489406,-2.386249277005188,-2.794608725354129
0.0286,-6.731605196943789,0.4357350868984899,-2.316665327716407,-2.752400414614897
0.0287,-6.932751166413756,0.4626807671505655,-2.244795090426062,-2.707475857576628
0.0288,-7.127055318602177,0.4891697544383464,-2.170709540280337,-2.659879294718684
0.0289,-7.314325939328226,0.5151760206502352,-2.094481750214028,-2.609657770864263
0.029,-7.494378221382291,0.5406739176415765,-2.016186941569243,-2.55686085921082
0.0291,-7.667034424146482,0.5656381549752694,-1.935902432622949,-2.501540587598218
0.0292,-7.832124208519574,0.5900442182811703,-1.85370740276674,-2.44375162104791
0.0293,-7.989484643791746,0.6138680073613436,-1.769682975595726,-2.38355098295707
0.0294,-8.138960388966018,0.6370859113400291,-1.683912118320871,-2.3209980296609
0.0295,-8.280403991103274,0.6596751450087628,-1.596479414848101,-2.256154559856864
0.0296,-8.413675834004541,0.6816133605029053,-1.507471179140238,-2.189084539643143
0.0297,-8.538644365066853,0.702878848539692,-1.41697528096395,-2.119854129503642
0.0298,-8.655186324737524,0.7234507524264244,-1.325080959545192,-2.048531711971616
0.0299,-8.763186641042228,0.7433086646681362,-1.231878962615088,-1.975187627283224
0.03,-8.862538729515691,0.7624329841797071,-1.137461270484309,-1.899894254664016
0.0301,-8.953144615691265,0.7808049643193269,-1.04192098796605,-1.822725952285376
0.0302,-9.034914782334209,0.7984063081562047,-0.9453525019485056,-1.74375881010471
0.0303,-9.107768573387721,0.8152197119198448,-0.8478510726430777,-1.663070784562922
0.0304,-9.171634162384738,0.8312286957033541,-0.7495128507600395,-1.580741546463394
0.0305,-9.226448379798166,0.8464172405989463,-0.650435026153211,-1.496852266752157
0.0306,-9.272157219654684,0.8607704934057252,-0.5507152876322028,-1.411485781037928
0.0307,-9.308715622064334,0.8742743616444,-0.4504519973231389,-1.324726358967539
0.0308,-9.336087367839816,0.8869153137997545,-0.3497442434464944,-1.236659557246249
0.0309,-9.354245543514615,0.8986810170301567,-0.2486913132548114,-1.147372330284968
0.031,-9.3631722621711,0.9095599060530803,-0.1473929007804369,-1.056952806833517
0.0311,-9.362858583252889,0.9195410642463258,-0.04594910628936155,-0.9654901705356873
0.0312,-9.353304923674415,0.9286147866109191,0.05554006479190399,-0.8730747218190151
0.0313,-9.334520721771163,0.9367721320814779,0.1569744649313556,-0.7797976671501223
0.0314,-9.306524403080155,0.9440049037234185,0.2582538784199624,-0.6857510253034561
0.0315,-9.269343709628711,0.9503061081319158,0.3592784677450336,-0.5910276403868823
0.0316,-9.223015314055441,0.9556695022507127,0.4599485136168067,-0.495720988633906
0.0317,-9.167584853765112,0.9600896897056782,0.560164583725685,-0.3999251059799932
0.0318,-9.103107147531084,0.9635624480375218,0.6598278925109327,-0.3037345555265891
0.0319,-9.029645769036744,0.9660842823491522,0.7588400262911339,-0.2072442560580183
0.032,-8.947273172873313,0.9676526527155408,0.8571032291238367,-0.1105494235917041
0.0321,-8.856070765315639,0.9682661421480864,0.9545206415587426,-0.0137455005893438
0.0322,-8.756128448633723,0.9679240302459814,1.050996020875825,0.0830719906298437
0.0323,-8.647544862777686,0.966626663539178,1.146434166473096,0.1798075029339179
0.0324,-8.530427275783303,0.9643754400286251,1.24074100156918,0.2763655615405551
0.0325,-8.40489111211698,0.9611724164055206,1.333823300251509,0.3726508838459882
0.0326,-8.271060333468311,0.9570208290527489,1.425589274181439,0.4685684451286901
0.0327,-8.12906710370398,0.9519248653557668,1.515948450467461,0.5640235851116946
0.0328,-7.979051367140445,0.9458893688192851,1.604811469653561,0.658922100834276
0.0329,-7.82116128855022,0.9389204113707629,1.692090752020453,0.7531703406496905
0.033,-7.655552743189838,0.9310249246095234,1.777700220265118,0.8466752956555942
0.0331,-7.482388997627964,0.9222105410696536,1.861555219106669,0.9393446780370153
0.0332,-7.301841064028928,0.9124860710345506,1.94357311423897,1.031087043204419
0.0333,-7.114087154359162,0.9018611410517057,2.023672996855457,1.121811855803752
0.0334,-6.919312414134883,0.8903461082467978,2.101775673117736,1.211429564870938
0.0335,-6.717709183159179,0.8779524409587862,2.177804185763715,1.299851744804928
0.0336,-6.509476424245516,0.8646923746606725,2.251683508594809,1.386991133934136
0.0337,-6.294819524473608,0.850578901406565,2.323340618125803,1.472761716719238
0.0338,-6.07395044197048,0.8356260437944203,2.392704915123716,1.557078871329296
0.0339,-5.847087120641725,0.8198485382049254,2.459707918188809,1.639859379983884
0.034,-5.614453371918433,0.8032618971285606,2.524283428168972,1.721021531040411
0.0341,-5.376278888629896,0.7858825711940329,2.586367828237598,1.800485257043565
0.0342,-5.132798658058366,0.7677276689053181,2.645899786409828,1.87817211750451
0.0343,-4.884252934748141,0.7488150844573052,2.702820520782724,1.954005436325418
0.0344,-4.630887105124604,0.7291635491298796,2.757073959267364,2.027910410137484
0.0345,-4.372951111617548,0.7087923954190312,2.808606461215244,2.099814065796213
0.0346,-4.110699523833358,0.6877217370364721,2.857367188190319,2.169645451153847
0.0347,-3.844391241444458,0.6659724188638716,2.903308108259316,2.237335689395445
0.0348,-3.574288942089115,0.6435658315050516,2.946383746795998,2.302817915290946
0.0349,-3.300659254047806,0.6205241235251027,2.98655166326652,2.366027539741418
0.035,-3.023772278204625,0.5968700630437924,3.023772278204638,2.426902215160846
0.0351,-2.743901131570456,0.5726269328193276,3.058008722351733,2.485381789532405
0.0352,-2.461322100131592,0.5478186943712791,3.089227295424736,2.541408601053457
0.0353,-2.176314091744914,0.5224698434604393,3.117397224930066,2.594927381469626
0.0354,-1.889158261169559,0.4966053580535594,3.142490596812608,2.645885238759048
0.0355,-1.600138077951361,0.4702507876659112,3.164482728353657,2.694231940687746
0.0356,-1.309538787760935,0.4434321454667254,3.183351933618185,2.739919788151459
0.0357,-1.017647089195052,0.4161758800306643,3.199079503160478,2.782903623129814
0.0358,-0.7247511176172028,0.3885089010687031,3.211649989265768,2.823141088197064
0.0359,-0.4311399253520525,0.3604585133727927,3.221050985744343,2.86059247237155
0.036,-0.1371032105414551,0.3320523963649862,3.227273154290925,2.895220757925939
0.0361,0.1570687845957349,0.3033185806493646,3.230310417857173,2.926991837207809
0.0362,0.4510857648647176,0.2742854270880377,3.230159761982071,2.955874334894033
0.0363,0.7446576050095572,0.2449815928492192,3.226821301338272,2.981839708489053
0.0364,1.037494533297112,0.2154359808877793,3.22029838235362,3.004862401465841
0.0365,1.329307585095181,0.1856777650658707,3.210597412300275,3.024919647234404
0.0366,1.619808786125404,0.155736315812943,3.197727954891751,3.041991639078808
0.0367,1.908711407844626,0.1256411529954482,3.181702749659102,3.056061596663654
0.0368,2.195730376204003,0.09542201518168447,3.162537573585976,3.067115558404292
0.0369,2.480582429133948,0.06510871228033244,3.140251349387341,3.075142637107009
0.037,2.7629864263661,0.03473112113204557,3.114866096558628,3.080134975426582
0.0371,3.042663708106797,0.004319293804874391,3.086406828422977,3.082087534618102
0.0372,3.319338246495132,-0.0260968011839755,3.054901650991772,3.080998452175747
0.0373,3.592736987000324,-0.05648718111822371,3.020381666236215,3.076868847354439
0.0374,3.862590140580111,-0.08682176497151728,2.982880918706767,3.069702683678285
0.0375,4.128631382541362,-0.1170706785314848,2.942436429324117,3.059507107855601
0.0376,4.390598159761668,-0.1472040968164832,2.899088114452449,3.046292211268932
0.0377,4.648231948600366,-0.1771921868274164,2.852878747704242,3.030070934531659
0.0378,4.901278494549293,-0.2070054298130044,2.80385393320861,3.010859363021614
0.0379,5.149488071590168,-0.236614417509347,2.752062052166734,2.988676469676081
0.038,5.392615719952928,-0.2659898377304857,2.697554223796543,2.963544061527029
0.0381,5.63042151260143,-0.2951027885081237,2.640384230144194,2.935487018652318
0.0382,5.862670761835854,-0.3239245308760141,2.580608493184302,2.904533024060316
0.0383,6.089134251738503,-0.3524265437338623,2.518286018300946,2.870712562034809
0.0384,6.309588512301078,-0.3805807969833359,2.453478288137562,2.834059085120898
0.0385,6.523815970413271,-0.4083594662257477,2.38624927147041,2.794608737696158
0.0386,6.731605196377781,-0.4357350868608276,2.316665328282416,2.752400415143244
0.0387,6.932751160028919,-0.4626807471872363,2.2447950968109,2.707475843998136
0.0388,7.127055325643708,-0.48916977319465,2.170709533238805,2.659879306433455
0.0389,7.31432593656903,-0.5151760149801921,2.094481752973231,2.609657767953423
0.039,7.494378220853206,-0.5406739149768547,2.016186942098328,2.556860857075183
0.0391,7.667034432342255,-0.5656381739205458,1.935902424427179,2.501540598347725
0.0392,7.832124202123335,-0.5900442052272834,1.853707409162983,2.443751614390266
0.0393,7.989484653261854,-0.6138680263986074,1.769682966125623,2.38355099252423
0.0394,8.138960397812262,-0.6370859296507909,1.68391210947463,2.320998039125421
0.0395,8.280403979399264,-0.6596751227129758,1.596479426552115,2.256154549265091
0.0396,8.413675845406711,-0.6816133814490164,1.507471167738068,2.189084549187084
0.0397,8.538644373902716,-0.7028788652722211,1.416975272128086,2.119854137400307
0.0398,8.655186305841001,-0.7234507189679982,1.325080978441715,2.048531697409713
0.0399,8.763186654280247,-0.7433086871718535,1.231878949377069,1.975187636548923
0.04,8.862538737521948,-0.7624329982889759,1.137461262478052,1.899894260767028
0.0401,8.953144587524434,-0.7808049177674188,1.04192101613288,1.822725933900299
0.0402,9.034914797207779,-0.7984063317648527,0.9453524870749366,1.743758818839789
0.0403,9.107768579590651,-0.8152197222849324,0.8478510664401497,1.663070788725082
0.0404,9.171634126230213,-0.8312286396428912,0.7495128869145624,1.580741526557454
0.0405,9.226448395997162,-0.8464172647658563,0.6504350099542151,1.496852274720071
0.0406,9.272157222935689,-0.8607704988618201,0.5507152843511935,1.411485783213014
0.0407,9.308715593959015,-0.8742743204847969,0.4504520254284596,1.324726345913257
0.0408,9.336087384941937,-0.8869153378964703,0.3497442263443702,1.23665956424084
0.0409,9.354245542626057,-0.8986810164070991,0.24869131414337,1.147372330550469
0.041,9.363172246527617,-0.9095598841271539,0.1473929164239163,1.05695280055107
0.0411,9.362858600725236,-0.9195410875797541,0.04594908881701443,0.9654901763967685
0.0412,9.353304917262008,-0.9286147787781447,-0.05554005837949738,0.8730747203986473
0.0413,9.334520723456558,-0.9367721336545722,-0.1569744666167505,0.7797976670378217
0.0414,9.306524420285177,-0.9440049255581023,-0.2582538956249909,0.6857510299331114
0.0415,9.269343696260817,-0.9503060920493878,-0.3592784543771401,0.5910276376722476
0.0416,9.223015331476693,-0.9556695229886656,-0.4599485310380587,0.495720991950607
0.0417,9.167584869971288,-0.9600897092910201,-0.5601645999318503,0.3999251093591699
0.0418,9.103107125734944,-0.9635624228121262,-0.6598278707148015,0.3037345520973246
0.0419,9.02964578783703,-0.9660843036200539,-0.7588400450914197,0.2072442585286342
0.042,8.947273187270833,-0.9676526693179693,-0.8571032435213652,0.1105494257966041
0.0421,8.85607073362058,-0.9682661070946816,-0.9545206098636729,0.0137454972310087
0.0422,8.756128468461103,-0.9679240515524752,-1.050996040703216,-0.08307198915074121
0.0423,8.647544874499436,-0.9666266764787995,-1.146434178194846,-0.1798075017160462
0.0424,8.530427232770641,-0.9643753947349374,-1.240740958556542,-0.2763655638216049
0.0425,8.404891132544339,-0.9611724372218144,-1.333823320678867,-0.3726508834570528
0.0426,8.271060341616064,-0.9570208377441394,-1.425589282329179,-0.4685684445850398
0.0427,8.129067058261553,-0.9519248199355292,-1.515948405025035,-0.5640235850895055
0.0428,7.979051387675477,-0.9458893886135779,-1.604811490188592,-0.6589221015750139
0.0429,7.821161292226088,-0.9389204153671745,-1.692090755696348,-0.753170340329174
0.043,7.655552711666002,-0.9310248947132883,-1.777700188741266,-0.8466752940279781
0.0431,7.482389017727251,-0.9222105593300859,-1.86155523920594,-0.9393446798758537
0.0432,7.301841062372001,-0.9124860700748154,-1.943573112582043,-1.031087042507228
0.0433,7.11408714001429,-0.9018611279642452,-2.023672982510598,-1.121811854546352
0.0434,6.919312433221969,-0.8903461245106268,-2.101775692204837,-1.21142956769421
0.0435,6.717709175386686,-0.8779524350160224,-2.177804177991205,-1.299851742975183
0.0436,6.5094764301151,-0.8646923788518517,-2.251683514464375,-1.386991135612523
0.0437,6.294819541961271,-0.8505789152920806,-2.323340635613481,-1.4727617203214
0.0438,6.0739504274233,-0.8356260331253553,-2.392704900576535,-1.55707886745118
0.0439,5.847087137423529,-0.8198485501777713,-2.459707934970645,-1.639859384792874
0.044,5.614453387234651,-0.8032619083689856,-2.524283443485171,-1.721021535116186
0.0441,5.37627886682174,-0.7858825563878975,-2.586367806429458,-1.80048525004156
0.0442,5.132798674933436,-0.7677276797678307,-2.645899803284896,-1.878172123517066
0.0443,4.884252947365684,-0.7488150929361446,-2.702820533400283,-1.954005440464138
0.0444,4.630887075793892,-0.7291635311553697,-2.757073929936669,-2.027910398781299
0.0445,4.372951128164264,-0.7087924047956409,-2.808606477761941,-2.0998140729663
0.0446,4.110699533302776,-0.6877217428232232,-2.857367197659736,-2.169645454836512
0.0447,3.844391204608144,-0.6659723991130009,-2.903308071423019,-2.237335672310018
0.0448,3.574288957880648,-0.6435658390824548,-2.94638376258753,-2.302817923505075
0.0449,3.300659260032818,-0.6205241269105706,-2.986551669251549,-2.366027542340978
0.045,3.023772246153238,-0.5968700486830261,-3.023772246153233,-2.426902197470207
0.0451,2.743901146195808,-0.572626938372494,-3.058008736977102,-2.485381798604608
0.0452,2.461322102446693,-0.5478186959011966,-3.089227297739836,-2.541408601838639
0.0453,2.176314072133574,-0.5224698365293325,-3.117397205318742,-2.594927368789409
0.0454,1.889158274257063,-0.4966053614721484,-3.14249060990011,-2.645885248427962
0.0455,1.600138076600536,-0.4702507881720153,-3.164482727002849,-2.694231938830833
0.0456,1.30953878089155,-0.4434321433529824,-3.183351926748797,-2.739919783395815
0.0457,1.017647100437947,-0.4161758813452581,-3.199079514403389,-2.782903633058131
0.0458,0.7247511128331277,-0.3885089016957681,-3.211649984481691,-2.823141082785923
0.0459,0.4311399307141532,-0.3604585123025417,-3.22105099110646,-2.860592478803918
0.046,0.1371032197251844,-0.3320523957720596,-3.227273163474654,-2.895220767702594
0.0461,-0.1570687923132723,-0.3033185828772593,-3.230310410139652,-2.926991827262392
0.0462,-0.4510857572233648,-0.2742854240197405,-3.230159769623423,-2.955874345603682
0.0463,-0.7446575979792046,-0.2449815907341968,-3.226821308368608,-2.981839717634411
0.0464,-1.037494543144371,-0.2154359865470292,-3.22029837250636,-3.004862385959331
0.0465,-1.329307578683871,-0.1856777598520769,-3.2105974187116,-3.024919658859523
0.0466,-1.619808781193895,-0.1557363127701517,-3.197727959823259,-3.041991647053107
0.0467,-1.90871141868009,-0.1256411642753426,-3.181702738823637,-3.056061574548294
0.0468,-2.195730371284818,-0.09542200777846066,-3.162537578505146,-3.067115570726686
0.0469,-2.480582426070039,-0.06510870912907052,-3.140251352451278,-3.075142643322207
0.047,-2.762986436680672,-0.03473114057988802,-3.114866086244055,-3.080134945664167
0.0471,-3.042663704871895,-0.004319284291101511,-3.086406831657877,-3.082087547366775
0.0472,-3.319338244864378,0.02609680338836329,-3.05490165262254,-3.080998456010903
0.0473,-3.59273699215213,0.05648716151600075,-3.020381661084394,-3.076868822600395
0.0474,-3.862590139130436,0.08682177637822308,-2.982880920156466,-3.069702696534689
0.0475,-4.128631381682093,0.1170706784924236,-2.942436430183386,-3.059507108675809
0.0476,-4.390598161089986,0.1472040827812044,-2.899088113124141,-3.046292195905346
0.0477,-4.648231948924774,0.1771921997577466,-2.852878747379833,-3.03007094713758
0.0478,-4.901278493551741,0.2070054259942684,-2.803853934206161,-3.01085936020043
0.0479,-5.149488072068547,0.2366144143572533,-2.752062051688365,-2.988676466045618
0.048,-5.392615721908464,0.2659898516541399,-2.697554221841018,-2.963544073495158
0.0481,-5.630421510291274,0.295102779143178,-2.64038423245435,-2.935487011597528
0.0482,-5.862670765432055,0.3239245448325296,-2.5806084895881,-2.904533034420629
0.0483,-6.089134255032182,0.3524265579547983,-2.518286015007257,-2.870712572962056
0.0484,-6.309588507228209,0.3805807800929655,-2.453478293210438,-2.834059073303403
0.0485,-6.523815975993288,0.4083594831508908,-2.386249265890393,-2.794608749041283
0.0486,-6.731605200551136,0.4357351005176393,-2.316665324109068,-2.752400424626707
0.0487,-6.932751150462558,0.4626807206063286,-2.244795106377254,-2.707475826983582
0.0488,-7.127055333106896,0.4891697921443718,-2.170709525775623,-2.659879317919995
0.0489,-7.314325940985737,0.5151760270524042,-2.094481748556523,-2.609657775608927
0.049,-7.49437820478432,0.5406738763906658,-2.01618695816722,-2.556860834557885
0.0491,-7.667034441641924,0.5656381945716511,-1.93590241512751,-2.501540609699161
0.0492,-7.832124205961141,0.5900442145480405,-1.853707405325172,-2.443751619873212
0.0493,-7.989484629304752,0.6138679752908627,-1.769682990082724,-2.383550965373586
0.0494,-8.138960408791419,0.6370859515604339,-1.683912098495471,-2.320998050055905
0.0495,-8.280403981646728,0.6596751279887005,-1.596479424304651,-2.256154552293351
0.0496,-8.413675825025258,0.6816133419268238,-1.507471188119521,-2.189084530046344
0.0497,-8.538644386283861,0.7028788878807579,-1.416975259746939,-2.119854147627697
0.0498,-8.655186305299747,0.7234507188052652,-1.325080978982969,-2.048531697788234
0.0499,-8.763186641598837,0.7433086642356026,-1.231878962058479,-1.975187626294082
0.05,-8.862538750900006,0.7624330209277415,-1.137461249099994,-1.899894270027735
0.0501,-8.953144582817789,0.7808049107073505,-1.041921020839528,-1.822725931546878
0.0502,-9.034914797057054,0.7984063307338598,-0.9453524872256622,-1.743758817959522
0.0503,-9.107768593429503,0.815219744189261,-0.8478510526012979,-1.663070796790559
0.0504,-9.171634115818648,0.8312286242030742,-0.7495128973261274,-1.580741521529202
0.0505,-9.226448410520584,0.846417286051667,-0.6504349954307926,-1.49685228148246
0.0506,-9.27215723656904,0.8607705191896529,-0.5507152707178466,-1.4114857899075
0.0507,-9.308715576162911,0.8742742952086133,-0.4504520432245638,-1.324726338433177
0.0508,-9.336087401231765,0.8869153604600382,-0.349744210054542,-1.23665957051458
0.0509,-9.354245555263063,0.8986810342633036,-0.2486913015063585,-1.147372335769662
0.051,-9.363172219557768,0.9095598476402194,-0.1473929433937755,-1.056952791033995
0.0511,-9.362858618536219,0.9195411109637051,-0.04594907100603862,-0.9654901819697437
0.0512,-9.353304927998149,0.9286147932445616,0.05554006911563825,-0.8730747241289234
0.0513,-9.334520685452588,0.9367720847277856,0.1569744286127879,-0.7797976561149977
0.0514,-9.306524439276568,0.9440049492365725,0.2582539146163896,-0.6857510346201829
0.0515,-9.269343704094352,0.9503061022205025,0.3592784622106659,-0.5910276400098365
0.0516,-9.223015287365788,0.9556694689487111,0.4599484869271517,-0.4957209820215593
0.0517,-9.167584889709408,0.960089732685892,0.5601646196699814,-0.3999251130159106
0.0518,-9.103107129589251,0.9635624278360623,0.6598278745691175,-0.3037345532669448
0.0519,-9.02964575556161,0.9660842659076023,0.758840012816,-0.2072442530916024
0.052,-8.947273207235595,0.9676526918195467,0.8571032634861169,-0.1105494283334299
0.0521,-8.856070732372554,0.9682661062190878,0.954520608615657,-0.01374549760343082
0.0522,-8.756128452113252,0.96792403313283,1.050996024355376,0.08307199122254598
0.0523,-8.647544894095113,0.9666266974708342,1.146434197790521,0.1798075003196868
0.0524,-8.530427225285045,0.9643753873571342,1.240740951070945,0.276365563713811
0.0525,-8.404891136328112,0.96117244057586,1.333823324462639,0.3726508838867787
0.0526,-8.271060360186649,0.9570208566329896,1.425589300899776,0.4685684442667862
0.0527,-8.129067043431299,0.951924805656184,1.515948390194779,0.5640235845385955
0.0528,-7.979051405933887,0.9458894059128548,1.604811508447002,0.6589221025341468
0.0529,-7.821161309075198,0.9389204316146494,1.69209077254543,0.7531703409307803
0.053,-7.655552688458033,0.9310248733925778,1.77770016553331,0.8466752921407322
0.0531,-7.482389036747788,0.9222105762834596,1.861555258226476,0.9393446819430162
0.0532,-7.301841076787314,0.9124860832344215,1.943573126997354,1.031087043762932
0.0533,-7.114087107520648,0.9018610997794498,2.023672950016956,1.121811850237506
0.0534,-6.919312452588228,0.8903461406513957,2.101775711571078,1.211429570919683
0.0535,-6.717709186669024,0.8779524447716609,2.177804189273542,1.299851744501881
0.0536,-6.509476387608441,0.8646923443551335,2.251683471957715,1.386991127602581
0.0537,-6.294819561214858,0.8505789301730973,2.323340654867067,1.472761724693969
0.0538,-6.073950434919765,0.835626039331969,2.392704908073016,1.557078868741047
0.0539,-5.847087096356566,0.8198485193092027,2.459707893903664,1.639859374594461
0.054,-5.614453405892046,0.8032619215886485,2.524283462142566,1.721021540553917
0.0541,-5.376278869962792,0.7858825591129655,2.586367809570508,1.800485250457543
0.0542,-5.132798647991436,0.7677276611412691,2.645899776342913,1.878172115201644
0.0543,-4.884252964938485,0.7488151041664943,2.702820550973065,1.954005446806571
0.0544,-4.630887074133652,0.7291635307203994,2.757073928276426,2.027910397556027
0.0545,-4.372951117212732,0.7087923976451931,2.808606466810426,2.099814069165233
0.0546,-4.110699549321201,0.6877217518395358,2.857367213678176,2.169645461838641
0.0547,-3.844391197867372,0.6659723961336423,2.903308064682263,2.237335668548621
0.0548,-3.574288964220403,0.6435658415786896,2.946383768927284,2.302817927348594
0.0549,-3.300659274072349,0.6205241336217195,2.986551683291097,2.366027549669377
0.055,-3.023772234264227,0.5968700441068373,3.023772234264238,2.426902190157401
0.0551,-2.7439011590641,0.5726269428393262,3.05800874984541,2.485381807006084
0.0552,-2.461322114157082,0.5478187003799753,3.089227309450224,2.541408609070249
0.0553,-2.176314055285844,0.5224698316696896,3.117397188471011,2.594927356801321
0.0554,-1.889158286485782,0.4966053641674368,3.142490622128828,2.645885257961391
0.0555,-1.600138085736858,0.4702507906845081,3.164482736139187,2.694231945454678
0.0556,-1.309538759577404,0.4434321399178489,3.18335190543465,2.739919765516801
0.0557,-1.017647111662453,0.4161758820488717,3.199079525627895,2.782903643579023
0.0558,-0.7247511192882933,0.3885089027286903,3.211649990936838,2.823141088208148
0.0559,-0.4311399057730434,0.3604585124167725,3.221050966165349,2.860592453748576
0.056,-0.137103229616758,0.3320523943639997,3.227273173366226,2.895220779002226
0.0561,0.1570687884756254,0.303318583162397,3.230310413977297,2.9269918308149
0.0562,0.4510857760884651,0.2742854282471847,3.230159750758305,2.95587432251112
0.0563,0.7446575896907274,0.2449815872169565,3.226821316657084,2.981839729440127
0.0564,1.03749454165697,0.2154359870815616,3.220298373993776,3.004862386912214
0.0565,1.329307588903665,0.1856777649639234,3.210597408491804,3.02491964352788
0.0566,1.619808774696442,0.1557363072895699,3.197727966320727,3.041991659031157
0.0567,1.908711419040482,0.1256411663369676,3.181702738463231,3.056061572126263
0.0568,2.195730374336144,0.09542200949155744,3.162537575453835,3.067115565962277
0.0569,2.480582421445013,0.065108701993013,3.140251357076318,3.075142655083305
0.057,2.762986438121951,0.03473114573577352,3.11486608480279,3.080134939067016
0.0571,3.042663703201452,0.004319277217963435,3.086406833328306,3.082087556110343
0.0572,3.319338242062541,-0.02609681169435696,3.054901655424362,3.080998467118719
0.0573,3.592736993616672,-0.05648715140763949,3.020381659619864,3.076868811027504
0.0574,3.862590138284171,-0.0868217873214947,2.982880921002744,3.069702708324239
0.0575,4.128631380500449,-0.1170706872934479,2.94243643136504,3.059507118658487
0.0576,4.390598161207791,-0.1472040655777751,2.899088113006325,3.0462921785841
0.0577,4.64823194976579,-0.1771922129397407,2.852878746538815,3.030070959478556
0.0578,4.901278493611867,-0.2070054344191745,2.803853934146024,3.010859368565198
0.0579,5.149488069141053,-0.2366143876476752,2.752062054615858,2.988676442263533
0.058,5.392615724547706,-0.2659898669192513,2.697554219201763,2.963544086121014
0.0581,5.630421511020494,-0.2951027861232376,2.640384231725129,2.935487017848367
0.0582,5.862670757422386,-0.3239245059630966,2.58060849759776,2.904533003560857
0.0583,6.089134259483275,-0.3524265750174682,2.518286010556164,2.870712585573632
0.0584,6.309588507844035,-0.3805807843670501,2.45347829259461,2.83405907696166
0.0585,6.523815966675921,-0.4083594504830375,2.386249275207758,2.794608725690796
0.0586,6.73160520671377,-0.4357351189557455,2.316665317946418,2.752400436902164
0.0587,6.932751149961448,-0.462680720733013,2.244795106878363,2.707475827611376
0.0588,7.12705532597111,-0.489169771452024,2.17070953291141,2.659879304363434
0.0589,7.314325948631019,-0.5151760463047852,2.094481740911245,2.60965778721603
0.059,7.494378201935662,-0.5406738707680989,2.016186961015865,2.556860831783964
0.0591,7.667034440892123,-0.5656381915485627,1.935902415877305,2.501540607425868
0.0592,7.832124214719286,-0.5900442339169167,1.853707396567026,2.443751630483943
0.0593,7.989484622650915,-0.6138679621847274,1.769682996736565,2.383550958921292
0.0594,8.138960418747185,-0.6370859708945407,1.683912088539708,2.320998059434249
0.0595,8.28040399099822,-0.6596751466474471,1.596479414953155,2.256154561600602
0.0596,8.413675812888295,-0.6816133195067713,1.507471200256484,2.189084519763255
0.0597,8.538644398171096,-0.7028789090784753,1.416975247859705,2.11985415693818
0.0598,8.655186314570397,-0.7234507358120865,1.325080969712321,2.048531705524407
0.0599,8.763186622094866,-0.7433086306202548,1.231878981562451,1.975187612182706
0.06,8.862538764609681,-0.7624330436292177,1.137461235390319,1.899894279019537
0.0601,8.953144591178326,-0.7808049250251228,1.041921012478989,1.822725937504112
0.0602,9.034914768118687,-0.7984062840444386,0.9453525161640268,1.743758800208465
0.0603,9.10776860874908,-0.815219767935438,0.8478510372817212,1.663070805217159
0.0604,9.17163412228965,-0.8312286347256457,0.7495128908551258,1.580741525580772
0.0605,9.226448373274289,-0.8464172295494121,0.6504350326770876,1.4968522622265
0.0606,9.272157253177294,-0.8607705434304183,0.5507152541095905,1.411485797540009
0.0607,9.308715579625449,-0.8742743007936276,0.4504520397620251,1.324726340555653
0.0608,9.336087372325899,-0.8869153189771164,0.3497442389604082,1.236659557937525
0.0609,9.354245572728443,-0.8986810583703939,0.2486912840409889,1.147372342411383
0.061,9.363172218770249,-0.9095598471483988,0.1473929441812842,1.056952791329683
0.0611,9.362858602369826,-0.9195410887366272,0.04594908717243129,0.9654901759090585
0.0612,9.353304945781037,-0.9286148165294207,-0.0555400868985263,0.8730747296308944
0.0613,9.334520679074245,-0.9367720770684388,-0.1569744222344429,0.7797976548339959
0.0614,9.306524440677139,-0.9440049504003692,-0.2582539160169457,0.6857510343834236
0.0615,9.269343721553781,-0.9503061239571459,-0.3592784796700954,0.5910276442870505
0.0616,9.223015273986894,-0.9556694531311112,-0.4599484735482573,0.4957209795828539
0.0617,9.167584907283809,-0.9600897532144785,-0.5601646372443803,0.3999251159700982
0.0618,9.103107145994326,-0.9635624472889006,-0.6598278909741921,0.3037345563147085
0.0619,9.029645733740654,-0.9660842410975543,-0.7588399909950425,0.2072442501025118
0.062,8.947273226146876,-0.9676527128139654,-0.8571032823973965,0.1105494304165688
0.0621,8.856070746918915,-0.9682661226755123,-0.9545206231620167,0.01374549951349553
0.0622,8.756128420420904,-0.9679239987136879,-1.050995992663027,-0.08307199394933888
0.0623,8.647544913985202,-0.9666267184346194,-1.14643421768061,-0.1798074992459903
0.0624,8.530427237116513,-0.9643754001645191,-1.240740962902412,-0.2763655627378926
0.0625,8.404891093397822,-0.9611723962131058,-1.333823281532347,-0.3726508853192416
0.0626,8.271060380624647,-0.957020877044826,-1.425589321337773,-0.4685684442929469
0.0627,8.129067051666739,-0.9519248142627771,-1.515948398430245,-0.564023584167468
0.0628,7.979051360343362,-0.9458893612392855,-1.604811462856476,-0.658922101617191
0.0629,7.821161329567985,-0.9389204509512404,-1.692090793038243,-0.753170342087003
0.063,7.655552692223456,-0.9310248773916965,-1.777700169298732,-0.8466752919070353
0.0631,7.482389005104113,-0.922210546901406,-1.861555226582828,-0.9393446796814221
0.0632,7.30184109679419,-0.9124861009966676,-1.943573147004229,-1.031087046007561
0.0633,7.1140871059861,-0.9018610989561748,-2.023672948482408,-1.121811849526233
0.0634,6.919312438049713,-0.8903461276856621,-2.101775697032594,-1.211429569346932
0.0635,6.717709205620223,-0.877952460514047,-2.177804208224773,-1.299851747710726
0.0636,6.50947638002962,-0.8646923387344447,-2.251683464378893,-1.386991125644448
0.0637,6.294819566686608,-0.8505789339106242,-2.323340660338816,-1.472761726428192
0.0638,6.073950452239193,-0.8356260526943791,-2.392704925392442,-1.557078872698063
0.0639,5.847087082120407,-0.8198485092046091,-2.459707879667537,-1.639859370462928
0.064,5.614453422411419,-0.8032619329688535,-2.524283478661937,-1.721021545693084
0.0641,5.376278885094287,-0.7858825698545846,-2.586367824702002,-1.800485254847417
0.0642,5.132798626665226,-0.7677276472026195,-2.645899755016701,-1.878172107814082
0.0643,4.884252981493653,-0.7488151143783621,-2.702820567528232,-1.954005453149869
0.0644,4.630887086570953,-0.7291635387546025,-2.757073940713691,-2.027910401959089
0.0645,4.372951088595586,-0.7087923809044305,-2.808606438193279,-2.099814057288848
0.0646,4.110699565493467,-0.6877217605179946,-2.857367229850442,-2.169645469332447
0.0647,3.844391207186939,-0.6659724015632507,-2.903308074001829,-2.237335672438578
0.0648,3.574288928396604,-0.6435658234920001,-2.946383733103448,-2.302817909611448
0.0649,3.300659289441095,-0.620524140467213,-2.986551698659806,-2.366027558192593
0.065,3.023772240160838,-0.5968700472586081,-3.023772240160848,-2.42690219290224
0.0651,2.743901127780634,-0.5726269299519462,-3.058008718561943,-2.485381788609997
0.0652,2.461322128320811,-0.5478187051842411,-3.089227323613986,-2.541408618429745
0.0653,2.176314057609814,-0.5224698331270776,-3.117397190794944,-2.594927357667866
0.0654,1.889158267366714,-0.4966053582206826,-3.142490603009759,-2.645885244789077
0.0655,1.600138098337055,-0.4702507933566062,-3.164482748739382,-2.694231955382776
0.0656,1.309538758372825,-0.4434321405508634,-3.183351904230106,-2.739919763679243
0.0657,1.017647104868416,-0.4161758802896003,-3.199079518833857,-2.782903638544256
0.0658,0.7247511300348476,-0.3885089033208171,-3.211650001683391,-2.823141098362574
0.0659,0.4311399013165215,-0.3604585134076275,-3.221050961708825,-2.860592448301197
0.066,0.1371032344805149,-0.3320523928781669,-3.227273178230015,-2.895220785351849
0.0661,-0.157068779777283,-0.3033185818941404,-3.230310422675638,-2.926991840781498
0.0662,-0.4510857832504625,-0.2742854311107901,-3.230159743596339,-2.955874312485549
0.0663,-0.7446575825966988,-0.24498158346415,-3.226821323751111,-2.981839740286961
0.0664,-1.037494535077924,-0.2154359843621747,-3.220298380572821,-3.004862396210646
0.0665,-1.329307597918856,-0.1856777715617315,-3.210597399476612,-3.024919627914881
0.0666,-1.619808768875455,-0.1557363013714399,-3.197727972141713,-3.041991670770273
0.0667,-1.908711414500447,-0.1256411627842939,-3.181702743003294,-3.056061580219
0.0668,-2.195730384014066,-0.09542202203768779,-3.162537565775912,-3.067115543738224
0.0669,-2.480582417148502,-0.06510869388073592,-3.140251361372798,-3.075142667492063
0.067,-2.762986435361825,-0.03473114219122131,-3.114866087562914,-3.080134945371693
0.0671,-3.042663711985174,-0.004319298276378891,-3.086406824544611,-3.082087526268232
0.0672,-3.319338239469643,0.02609682190578688,-3.054901658017286,-3.080998479923073
0.0673,-3.59273699217302,0.05648715386930414,-3.020381661063488,-3.076868814932793
0.0674,-3.862590142209008,0.08682176627894611,-2.98288091707788,-3.069702683356826
0.0675,-4.128631379696852,0.1170706993699957,-2.942436432168636,-3.059507131538632
0.0676,-4.390598160389679,0.1472040656446172,-2.89908811382446,-3.046292179469077
0.0677,-4.648231950321086,0.1771921979585316,-2.852878745983496,-3.030070943942027
0.0678,-4.901278494569596,0.2070054479755452,-2.803853933188294,-3.010859381163839
0.0679,-5.149488068010149,0.2366143837737229,-2.752062055746761,-2.988676439520484
0.068,-5.392615724813817,0.2659898633606828,-2.697554218935673,-2.963544082296356
0.0681,-5.630421513578539,0.2951028006145573,-2.640384229167103,-2.93548702978166
0.0682,-5.862670754778003,0.3239244963791763,-2.580608500242141,-2.904532996621317
0.0683,-6.089134263528861,0.3524265891272997,-2.518286006510579,-2.870712595637878
0.0684,-6.309588511690803,0.3805807990850232,-2.453478288747842,-2.834059087832865
0.0685,-6.523815961045131,0.4083594332160625,-2.386249280838548,-2.794608714054611
0.0686,-6.731605212855699,0.4357351363177733,-2.316665311804503,-2.752400448122276
0.0687,-6.932751154620184,0.4626807348074533,-2.244795102219627,-2.707475837027081
0.0688,-7.127055315605389,0.4891697443533127,-2.17070954327713,-2.659879287630443
0.0689,-7.314325956662502,0.5151760656628848,-2.09448173287975,-2.609657798542635
0.069,-7.494378206753014,0.540673883174307,-2.016186956198524,-2.556860839372831
0.0691,-7.667034423771433,0.5656381523317306,-1.935902432998004,-2.501540585329735
0.0692,-7.832124224580808,0.5900442549363123,-1.853707386705504,-2.443751641641816
0.0693,-7.989484626789748,0.6138679717573448,-1.769682992597723,-2.383550964355067
0.0694,-8.138960393356383,0.6370859187533009,-1.683912113930504,-2.320998032683804
0.0695,-8.280404002519656,0.6596751688755633,-1.596479403431724,-2.256154572307287
0.0696,-8.413675815325703,0.681613324960574,-1.507471197819079,-2.189084522779653
0.0697,-8.538644376716707,0.702878868791796,-1.41697526931409,-2.119854138105886
0.0698,-8.655186327461447,0.7234507586821795,-1.325080956821269,-2.048531715503449
0.0699,-8.763186621625504,0.7433086305781573,-1.231878982031812,-1.97518761260997
0.07,-8.862538751249414,0.7624330201504614,-1.137461248750586,-1.899894268901048
0.0701,-8.953144605022265,0.7808049478649219,-1.041920998635048,-1.82272594649997
0.0702,-9.034914763364746,0.7984062770729294,-0.9453525209179698,-1.743758797990899
0.0703,-9.107768608326854,0.8152197665040202,-0.847851037703947,-1.663070804207967
0.0704,-9.171634136540588,0.8312286567712115,-0.7495128766041876,-1.580741533375399
0.0705,-9.226448362702145,0.8464172142014039,-0.6504350432492387,-1.496852257450643
0.0706,-9.272157268019134,0.8607705647376827,-0.5507152392677508,-1.411485804005433
0.0707,-9.308715593610096,0.8742743212087831,-0.4504520257773788,-1.324726346986162
0.0708,-9.336087354270163,0.8869152938420697,-0.3497442570161464,-1.236659550858216
0.0709,-9.354245589313233,0.8986810808990457,-0.2486912674561896,-1.147372348355235
0.071,-9.363172231694437,0.9095598650498018,-0.147392931257107,-1.056952796306909
0.0711,-9.362858575065076,0.9195410524975769,-0.04594911447717109,-0.965490166974748
0.0712,-9.353304963853963,0.9286148398173416,0.05554010497145079,-0.8730747348458908
0.0713,-9.334520690034676,0.9367720915563322,0.1569744331948737,-0.7797976583614585
0.0714,-9.306524402297473,0.944004901897324,0.2582538776372783,-0.6857510242600457
0.0715,-9.269343740765983,0.9503061474769526,0.359278498882297,-0.5910276485946556
0.0716,-9.223015281988562,0.9556694633255314,0.4599484815499437,-0.4957209817755877
0.0717,-9.16758486253298,0.9600896993806114,0.5601645924935514,-0.39992510688706
0.0718,-9.103107165906108,0.9635624704647302,0.6598279108859533,-0.3037345595787769
0.0719,-9.029645737720056,0.9660842461797511,0.7588399949744442,-0.2072442512053068
0.072,-8.947273193402445,0.9676526752458299,0.8571032496529654,-0.1105494255928645
0.0721,-8.856070767006887,0.9682661449042675,0.9545206432500102,-0.01374550165425739
0.0722,-8.7561284192752,0.967923997972269,1.0509959915173,0.08307199354503066
0.0723,-8.647544897276122,0.9666266999589109,1.146434200971529,0.1798075010126185
0.0724,-8.530427256785185,0.9643754208412849,1.240740982571083,0.276365561729798
0.0725,-8.404891086019909,0.9611723890942264,1.333823274154433,0.3726508850602067
0.0726,-8.271060384062668,0.9570208799735943,1.425589324775819,0.4685684448022248
0.0727,-8.129067070264384,0.9519248328103449,1.515948417027862,0.564023584217517
0.0728,-7.979051345662827,0.9458893474000756,1.60481144817594,0.6589221007758641
0.0729,-7.821161347753515,0.9389204678178305,1.692090811223772,0.7531703434059416
0.073,-7.655552709062633,0.9310248932936546,1.777700186137881,0.8466752928442259
0.0731,-7.482388982133484,0.9222105262656831,1.861555203612198,0.9393446773465152
0.0732,-7.301841115689337,0.9124861174507766,1.943573165899375,1.031087048448598
0.0733,-7.114087120368702,0.9018611117931095,2.023672962865008,1.121811851071898
0.0734,-6.91931240593579,0.8903461005008677,2.101775664918669,1.211429564417802
0.0735,-6.717709224806864,0.8779524760949986,2.17780422741138,1.299851751316382
0.0736,-6.509476391276295,0.8646923482225386,2.251683475625599,1.386991127403061
0.0737,-6.294819524766003,0.850578900804406,2.32334061841821,1.472761717613804
0.0738,-6.073950471260247,0.8356260669647924,2.392704944413429,1.557078877448637
0.0739,-5.847087089604153,0.8198485152359578,2.459707887151249,1.639859371915291
0.074,-5.614453381710707,0.8032619033210182,2.524283437961224,1.721021534640206
0.0741,-5.37627890347083,0.7858825824263864,2.586367843078578,1.800485260652192
0.0742,-5.132798629848381,0.7677276498862271,2.645899758199855,1.878172108313628
0.0743,-4.884252954783678,0.7488150965833553,2.702820540818221,1.954005444234866
0.0744,-4.630887103823115,0.7291635493170876,2.757073957965888,2.0279104086488
0.0745,-4.372951087070367,0.7087923806067828,2.808606436668058,2.099814056061275
0.0746,-4.110699554508692,0.6877217536491265,2.8573672188657,2.169645465216574
0.0747,-3.844391222857544,0.6659724099124928,2.903308089672397,2.237335679759904
0.0748,-3.574288921927804,0.6435658208762929,2.946383726634647,2.302817905758354
0.0749,-3.300659295328157,0.620524142522636,2.986551704546902,2.366027562024266
0.075,-3.023772253841977,0.5968700533274998,3.023772253841986,2.426902200514486
0.0751,-2.743901116350018,0.5726269260145007,3.058008707131361,2.48538178111686
0.0752,-2.461322140751354,0.5478187089698121,3.089227336044492,2.54140862707468
0.0753,-2.176314068972141,0.522469837015016,3.11739720215727,2.594927365142254
0.0754,-1.88915825121822,0.4966053543233921,3.142490586861299,2.645885232537907
0.0755,-1.600138110074664,0.4702507953293313,3.164482760476955,2.694231965147623
0.0756,-1.309538767196383,0.4434321425524237,3.183351913053662,2.739919770501238
0.0757,-1.017647084552794,0.4161758781869636,3.199079498518232,2.782903620331269
0.0758,-0.7247511407221882,0.3885089032744027,3.21165001237073,2.823141109096328
0.0759,-0.4311399075229328,0.3604585140391126,3.221050967915269,2.860592453876157
0.076,-0.1371032108984201,0.3320523947375378,3.227273154647886,2.895220759910348
0.0761,0.1570687704585934,0.3033185797246629,3.230310431994361,2.926991852269698
0.0762,0.451085779565402,0.274285431133424,3.230159747281399,2.955874316147975
0.0763,0.7446576003737411,0.2449815892509304,3.226821305974035,2.981839716723105
0.0764,1.037494527384699,0.2154359800899401,3.220298388266045,3.004862408176105
0.0765,1.329307596453205,0.1856777720007758,3.210597400942263,3.024919628941487
0.0766,1.619808778399806,0.1557363075150771,3.197727962617392,3.041991655102315
0.0767,1.908711408604499,0.125641156574146,3.181702748899241,3.056061592325095
0.0768,2.195730384228897,0.09542202419614876,3.162537565561079,3.06711554136493
0.0769,2.480582420029264,0.06510869599991009,3.140251358492065,3.075142662492155
0.077,2.762986431325988,0.03473113437036091,3.11486609159875,3.080134957228389
0.0771,3.042663713076192,0.004319303742427394,3.086406823453592,3.082087519711164
0.0772,3.319338238290668,-0.02609682928272417,3.054901659196233,3.080998488478957
0.0773,3.592736989927471,-0.05648716279650934,3.020381663309062,3.076868826105572
0.0774,3.862590143081835,-0.08682175563221728,2.982880916205079,3.069702671837296
0.0775,4.128631379442293,-0.1170707109068188,2.942436432423194,3.059507143330013
0.0776,4.390598159709193,-0.1472040749859667,2.89908811450492,3.046292189490887
0.0777,4.648231949570755,-0.1771921799814744,2.852878746733849,3.030070926715324
0.0778,4.901278496028178,-0.2070054617454917,2.803853931729734,3.010859393475225
0.0779,5.149488068493616,-0.2366143926434146,2.752062055263316,2.988676447906731
0.078,5.392615720710212,-0.2659898356448873,2.697554223039258,2.963544058684145
0.0781,5.630421516848457,-0.2951028164477094,2.640384225897165,2.935487042344874
0.0782,5.862670755830052,-0.3239245036977754,2.580608499190111,2.904533002887887
0.0783,6.089134254008965,-0.3524265490333338,2.518286016030492,2.870712565063826
0.0784,6.309588516771697,-0.3805808166820301,2.453478283666966,2.834059100348996
0.0785,6.523815961861787,-0.4083594377168662,2.386249280021891,2.794608717738758
0.0786,6.731605202313615,-0.4357351025002756,2.316665322346587,2.752400424846863
0.0787,6.932751161396764,-0.462680753733677,2.24479509544306,2.707475849176737
0.0788,7.127055315164084,-0.4891697445958894,2.170709543718447,2.659879288314336
0.0789,7.314325948756147,-0.5151760442026734,2.094481740786118,2.609657784988791
0.079,7.494378214981075,-0.540673902858233,2.016186947970463,2.556860850828696
0.0791,7.667034420826056,-0.5656381467230633,1.935902435943381,2.501540582666445
0.0792,7.832124223577511,-0.5900442515067192,1.853707387708802,2.443751639215521
0.0793,7.98948463608476,-0.6138679914939535,1.76968298330272,2.383550974796673
0.0794,8.138960386438836,-0.6370859055771296,1.683912120848058,2.320998026425188
0.0795,8.280404012930958,-0.659675188454925,1.596479393020422,2.256154581475347
0.0796,8.413675825154563,-0.6816133439200751,1.507471187990214,2.189084531910289
0.0797,8.538644364144981,-0.7028788462462572,1.41697528188582,2.119854128132078
0.0798,8.655186339800702,-0.723450780085463,1.325080944482016,2.048531724567479
0.0799,8.763186631302645,-0.7433086478206374,1.231878972354671,1.975187620175309
0.08,8.862538731143463,-0.7624329863943042,1.137461268856537,1.899894255250841
0.0801,8.953144619168835,-0.7808049707230638,1.041920984488479,1.822725955211543
0.0802,9.034914772052691,-0.7984062915691694,0.9453525122300235,1.743758803799193
0.0803,9.107768578632566,-0.8152197197112259,0.8478510673982314,1.663070787109457
0.0804,9.17163415227073,-0.8312286806182707,0.7495128608740504,1.580741541492321
0.0805,9.226448369417408,-0.8464172248600652,0.6504350365339704,1.496852261394036
0.0806,9.272157229692807,-0.860770507839169,0.5507152775940778,1.411485785433247
0.0807,9.308715610592399,-0.874274345490806,0.4504520087950681,1.324726354285874
0.0808,9.336087357895011,-0.8869152995433609,0.3497442533912896,1.23665955293465
0.0809,9.354245559611165,-0.8986810391284996,0.2486912971582669,1.147372336286766
0.081,9.363172249488866,-0.9095598891384384,0.1473929134626673,1.056952802601106
0.0811,9.362858574365449,-0.9195410521332428,0.04594911517679812,0.9654901673100409
0.0812,9.353304947157895,-0.9286148173106371,-0.05554008827539647,0.8730747290352406
0.0813,9.334520708095635,-0.9367721147673764,-0.1569744512558309,0.7797976635115456
0.0814,9.306524395947477,-0.9440048944167229,-0.2582538712872822,0.6857510231294407
0.0815,9.269343741859618,-0.9503061482346887,-0.3592784999759466,0.5910276482587421
0.0816,9.223015299672319,-0.955669484942437,-0.4599484992336986,0.4957209857087384
0.0817,9.167584849146124,-0.9600896838424282,-0.5601645791066936,0.3999251047357346
0.0818,9.103107183604184,-0.9635624907653618,-0.6598279285840487,0.3037345621813131
0.0819,9.029645754296995,-0.9660842654819514,-0.7588400115513831,0.2072442539305683
0.082,8.947273171569661,-0.9676526508748512,-0.8571032278202022,0.110549423054649
0.0821,8.856070786000437,-0.9682661656044296,-0.9545206622435369,0.01374550336089266
0.0822,8.756128433947008,-0.9679240142681983,-1.050996006189131,-0.08307199192093226
0.0823,8.64754486561057,-0.9666266662069017,-1.146434169306,-0.1798075030990979
0.0824,8.530427276710153,-0.9643754414453946,-1.240741002496051,-0.2763655610506567
0.0825,8.404891097941992,-0.9611724017585941,-1.333823286076516,-0.3726508843179219
0.0826,8.271060341250923,-0.9570208365834802,-1.425589281964047,-0.468568445380567
0.0827,8.129067090686338,-0.9519248528016858,-1.515948437449842,-0.5640235846481557
0.0828,7.979051353971736,-0.9458893559149132,-1.604811456484875,-0.6589221005699614
0.0829,7.821161302055983,-0.9389204239476263,-1.692090765526212,-0.7531703415785853
0.083,7.655552729487918,-0.9310249121575531,-1.777700206563193,-0.8466752944056404
0.0831,7.482388985979621,-0.9222105302643859,-1.861555207458334,-0.9393446771939482
0.0832,7.301841083955926,-0.9124860886276538,-1.943573134165963,-1.031087045538309
0.0833,7.114087140259562,-0.9018611290434311,-2.023672982755897,-1.121811853712466
0.0834,6.919312404520699,-0.8903460998145585,-2.101775663503547,-1.211429563688989
0.0835,6.717709210091005,-0.877952463283145,-2.177804212695552,-1.299851749412407
0.0836,6.509476410070008,-0.8646923634311336,-2.251683494419311,-1.386991130988177
0.0837,6.294819517384223,-0.8505788955096172,-2.323340611036396,-1.472761715526779
0.0838,6.073950476334199,-0.8356260702684348,-2.392704949487446,-1.557078879219011
0.0839,5.847087106735988,-0.8198485280645207,-2.459707904283083,-1.639859376218562
0.084,5.61445336779545,-0.8032618937874643,-2.524283424046,-1.721021530258536
0.0841,5.376278919710714,-0.7858825932072704,-2.586367859318461,-1.800485266111191
0.0842,5.132798644778385,-0.7677276601199023,-2.645899773129823,-1.878172113009921
0.0843,4.884252933955818,-0.7488150835206639,-2.702820519990429,-1.954005436469765
0.0844,4.630887120041894,-0.729163558872203,-2.757073974184665,-2.027910415312463
0.0845,4.372951099313322,-0.7087923881887948,-2.808606448911047,-2.099814060722252
0.0846,4.11069952662805,-0.6877217381512488,-2.857367190985022,-2.169645452833773
0.0847,3.844391238639681,-0.6659724178875899,-2.903308105454533,-2.237335687566943
0.0848,3.574288931086388,-0.6435658259425132,-2.946383735793301,-2.302817909850788
0.0849,3.300659260545805,-0.6205241261084158,-2.986551669764549,-2.366027543656133
0.085,3.023772268773174,-0.5968700594369492,-3.023772268773182,-2.426902209336232
0.0851,2.743901122150184,-0.5726269289272587,-3.058008712931491,-2.485381784004232
0.0852,2.461322110276134,-0.5478186975844124,-3.089227305569271,-2.541408607984859
0.0853,2.176314082660725,-0.522469841067462,-3.117397215845924,-2.594927374778462
0.0854,1.8891582535459,-0.4966053557032071,-3.142490589188943,-2.645885233485735
0.0855,1.600138091479227,-0.4702507903918645,-3.164482741881551,-2.694231951489687
0.0856,1.309538779297205,-0.443432144476442,-3.183351925154483,-2.739919780678041
0.0857,1.017647083492043,-0.4161758789411962,-3.199079497457481,-2.782903618516285
0.0858,0.7247511340262331,-0.3885089018940011,-3.211650005674843,-2.823141103780842
0.0859,0.431139917762608,-0.3604585139083611,-3.221050978154909,-2.860592464246548
0.086,0.1371032067691977,-0.3320523960846731,-3.227273150518661,-2.895220754433988
0.0861,-0.1570687660779168,-0.3033185778511829,-3.230310436375035,-2.926991858523853
0.0862,-0.4510857713613662,-0.2742854291904178,-3.2301597554854,-2.955874326294982
0.0863,-0.7446576069789637,-0.2449815927394292,-3.226821299368877,-2.981839706629448
0.0864,-1.037494520843151,-0.2154359756582753,-3.220298394807593,-3.004862419149317
0.0865,-1.329307590332869,-0.1856777686781657,-3.210597407062597,-3.024919638384432
0.0866,-1.619808786581158,-0.155736315035512,-3.197727954436039,-3.041991639400527
0.0867,-1.908711403377907,-0.1256411499589927,-3.181702754125802,-3.056061604166809
0.0868,-2.19573038008638,-0.09542202013470513,-3.162537569703625,-3.06711554956892
0.0869,-2.480582428548692,-0.06510870978906746,-3.140251349972637,-3.075142640183569
0.087,-2.762986427655025,-0.03473112555802338,-3.114866095269683,-3.08013496971166
0.0871,-3.042663710624965,-0.00431929980485446,-3.086406825904818,-3.082087526099964
0.0872,-3.319338245544952,0.0260968066466245,-3.054901651941948,-3.080998458588572
0.0873,-3.592736987978092,0.05648717369502299,-3.020381665258468,-3.076868838953491
0.0874,-3.862590141829958,0.08682175835271755,-2.982880917456955,-3.069702675809673
0.0875,-4.128631382123071,0.1170706884321033,-2.94243642974239,-3.059507118174493
0.0876,-4.390598159551907,0.1472040877204082,-2.899088114662229,-3.046292202382637
0.0877,-4.648231948798667,0.1771921801588983,-2.852878747505937,-3.030070927664835
0.0878,-4.901278495793858,0.2070054458183872,-2.803853931964075,-3.010859377782462
0.0879,-5.149488070083581,0.2366144068128926,-2.752062053673328,-2.98867646048622
0.088,-5.392615719452138,0.2659898317249416,-2.697554224297329,-2.963544056022271
0.0881,-5.630421516882864,0.2951028124694703,-2.640384225862778,-2.935487038332249
0.0882,-5.862670758988408,0.3239245187432913,-2.580608496031754,-2.904533014775045
0.0883,-6.089134251039049,0.3524265392458559,-2.518286019000424,-2.87071255824628
0.0884,-6.309588521240304,0.3805808309128009,-2.453478279198341,-2.834059110111142
0.0885,-6.523815966258755,0.408359452918567,-2.386249275624924,-2.794608728543491
0.0886,-6.7316051961375,0.4357350848800889,-2.316665328522716,-2.752400413402805
0.0887,-6.932751168093095,0.4626807715148114,-2.244795088746715,-2.707475860261526
0.0888,-7.1270553203051,0.4891697590756023,-2.17070953857743,-2.659879297653033
0.0889,-7.314325937609255,0.5151760166195132,-2.094481751933007,-2.609657768552521
0.089,-7.494378223571845,0.540673922605186,-2.016186939379681,-2.556860861984867
0.0891,-7.667034426041305,0.5656381594527717,-1.935902430728143,-2.501540590180915
0.0892,-7.832124205430741,0.5900442117046083,-1.853707405855571,-2.44375161756018
0.0893,-7.989484646497641,0.6138680128606935,-1.769682972889844,-2.383550985750537
0.0894,-8.138960390877173,0.6370859153940298,-1.68391211640972,-2.32099803180375
0.0895,-8.280403986122977,0.6596751353274408,-1.596479419828398,-2.256154555155839
0.0896,-8.413675837206423,0.6816133664446817,-1.50747117593836,-2.189084542383041
0.0897,-8.538644366772964,0.7028788518746438,-1.416975279257837,-2.119854131132481
0.0898,-8.655186317284414,0.7234507390697051,-1.325080966998303,-2.048531706068009
0.0899,-8.763186644690736,0.7433086709297931,-1.231878958966581,-1.975187629896374
0.09,-8.862538730749975,0.7624329864746549,-1.137461269250025,-1.89989425572468
0.0901,-8.953144605131317,0.7808049467209808,-1.041920998525995,-1.822725945246976
0.0902,-9.034914786348978,0.7984063145875875,-0.9453524979337367,-1.743758812521324
0.0903,-9.107768573839916,0.8152197128366456,-0.8478510721908847,-1.66307078502753
0.0904,-9.171634151564671,0.8312286787847802,-0.7495128615801061,-1.580741540364886
0.0905,-9.226448384066781,0.8464172470252165,-0.6504350218845971,-1.496852268909814
0.0906,-9.272157218974687,0.8607704925991411,-0.5507152883121904,-1.411485780911331
0.0907,-9.308715625737168,0.8742743667984678,-0.450451993650308,-1.324726360448776
0.0908,-9.336087372217811,0.886915320025675,-0.3497442390684977,-1.236659559094173
0.0909,-9.354245541317932,0.8986810141597272,-0.2486913154514916,-1.147372329611219
0.091,-9.363172266351611,0.9095599116099728,-0.1473928965999232,-1.056952808209896
0.0911,-9.362858587564876,0.9195410700619436,-0.04594910197735835,-0.965490172039302
0.0912,-9.353304919549494,0.928614781354633,0.05554006066698136,-0.8730747206876517
0.0913,-9.334520726412212,0.9367721379363579,0.1569744695724076,-0.7797976683639504
0.0914,-9.306524407122305,0.9440049089111913,0.2582538824621246,-0.6857510264490667
0.0915,-9.269343703146244,0.9503061002014986,0.3592784612625568,-0.5910276389389418
0.0916,-9.223015319086063,0.9556695082803974,0.4599485186474421,-0.4957209896329552
0.0917,-9.16758485730897,0.9600896940489836,0.56016458726954,-0.3999251067794436
0.0918,-9.103107138255254,0.963562437195171,0.659827883235117,-0.303734553960054
0.0919,-9.029645774362553,0.9660842884158118,0.758840031616959,-0.2072442567988528
0.092,-8.94727317567105,0.9676526560085196,0.8571032319215686,-0.110549424086951
0.0921,-8.856070752817359,0.9682661282243825,0.9545206290604806,-0.01374549916390187
0.0922,-8.756128454138254,0.9679240362019346,1.050996026380375,0.08307199017844021
0.0923,-8.647544864568857,0.9666266655977955,1.146434168264285,0.1798075026664898
0.0924,-8.530427259655269,0.9643754229414567,1.240740985441166,0.276365562499709
0.0925,-8.404891117664105,0.9611724220991429,1.333823305798628,0.372650883699485
0.0926,-8.271060333988151,0.9570208297269083,1.425589274701274,0.4685684449743655
0.0927,-8.129067093775621,0.9519248553154862,1.515948440539124,0.5640235852236379
0.0928,-7.979051372577845,0.9458893741019533,1.604811475090956,0.6589221009890024
0.0929,-7.821161287539247,0.9389204105573328,1.692090751009502,0.7531703404521692
0.093,-7.655552747582638,0.9310249285755027,1.777700224657912,0.8466752960824094
0.0931,-7.482389002791829,0.9222105458036659,1.861555224270541,0.939344678466875
0.0932,-7.30184106124416,0.9124860686910059,1.943573111454195,1.031087042763189
0.0933,-7.114087159010747,0.9018611449826028,2.023673001507051,1.121811856524448
0.0934,-6.919312418855682,0.8903461123140124,2.10177567783856,1.211429565524548
0.0935,-6.717709178386381,0.8779524371172458,2.177804180990927,1.299851743873681
0.0936,-6.509476429058138,0.8646923784373075,2.251683513407407,1.3869911349701
0.0937,-6.294819528583069,0.8505789047179029,2.323340622235273,1.472761717517371
0.0938,-6.073950435037728,0.8356260385756262,2.392704908190974,1.557078869615348
0.0939,-5.847087125505595,0.8198485417104033,2.459707923052723,1.63985938134232
0.094,-5.61445337525744,0.8032618996338112,2.524283431507955,1.721021531874144
0.0941,-5.37627887942198,0.7858825648212007,2.586367819029691,1.800485254208491
0.0942,-5.132798662855793,0.7677276720312414,2.645899791207265,1.878172119176023
0.0943,-4.88425293717563,0.7488150861553249,2.70282052321024,1.954005437054915
0.0944,-4.63088709359808,0.7291635419417117,2.757073947740885,2.027910405799173
0.0945,-4.372951116227521,0.708792398072382,2.80860646582521,2.099814067752828
0.0946,-4.110699525236239,0.6877217379852492,2.85736718959321,2.16964545160796
0.0947,-3.844391227643253,0.665972411326524,2.903308094458139,2.237335683131615
0.0948,-3.574288946392965,0.6435658336153844,2.946383751099876,2.302817917484492
0.0949,-3.300659254351235,0.6205241238516801,2.986551663569978,2.366027539718298
0.095,-3.023772274215998,0.59687006107352,3.023772274216005,2.426902213142485
0.0951,-2.743901135458323,0.572626934346228,3.058008726239628,2.4853817918934
0.0952,-2.46132209930999,0.5478186942810042,3.089227294603162,2.541408600322158
0.0953,-2.176314094641857,0.5224698441691213,3.117397227827018,2.594927383657897
0.0954,-1.889158264547325,0.4966053589941288,3.142490600190402,2.645885241196273
0.0955,-1.600138076039469,0.470250787450746,3.164482726441793,2.694231938991047
0.0956,-1.309538790532595,0.443432145725521,3.183351936389871,2.73991979066435
0.0957,-1.017647091991955,0.4161758804268234,3.199079505957391,2.782903625530568
0.0958,-0.7247511147212468,0.3885089011143448,3.211649986369821,2.823141085255476
0.0959,-0.4311399279025726,0.3604585131125204,3.221050988294873,2.860592475182352
0.096,-0.1371032127179067,0.3320523963102673,3.227273156467403,2.895220760157136
0.0961,0.1570687882872777,0.3033185814407471,3.23031041416564,2.926991832724893
0.0962,0.4510857626246373,0.2742854262618821,3.230159764222162,2.955874337960279
0.0963,0.7446576034537971,0.2449815924948697,3.226821302894042,2.981839710399173
0.0964,1.037494537503308,0.2154359830125965,3.220298378147433,3.004862395134837
0.0965,1.329307583242695,0.1856777636550073,3.210597414152771,3.024919650497764
0.0966,1.619808785143253,0.155736315373102,3.197727955873911,3.041991640500809
0.0967,1.908711412182932,0.125641157145354,3.181702745320805,3.056061588175451
0.0968,2.195730374798364,0.09542201320053945,3.16253757499164,3.067115561791101
0.0969,2.480582428623209,0.06510871203587953,3.140251349898089,3.07514263786221
0.097,2.762986430344407,0.03473112810136314,3.114866092580328,3.080134964478965
0.0971,3.042663707183346,0.00431929130588049,3.086406829346437,3.082087538040556
0.0972,3.31933824629126,-0.02609680088305089,3.054901651195666,3.080998452078717
0.0973,3.592736987270001,-0.05648718134513686,3.020381665966558,3.076868847311695
0.0974,3.86259014014435,-0.08682176789381479,2.982880919142536,3.069702687036351
0.0975,4.128631382410991,-0.1170706772655508,2.942436429454495,3.059507106720046
0.0976,4.390598159888416,-0.1472040998384014,2.89908811432572,3.046292214164122
0.0977,4.648231948622159,-0.1771921900332813,2.852878747682467,3.030070937715748
0.0978,4.901278494184894,-0.2070054270942197,2.803853933573015,3.010859360667234
0.0979,5.149488072157534,-0.2366144211564309,2.752062051599375,2.988676472755806
0.098,5.39261572036111,-0.265989841033055,2.697554223388376,2.963544064421431
0.0981,5.630421511617255,-0.2951027837842015,2.640384231128385,2.935487014912586
0.0982,5.862670762885376,-0.3239245351283628,2.580608492134786,2.904533027263149
0.0983,6.089134252416118,-0.3524265468985508,2.518286017623337,2.870712564521888
0.0984,6.30958851023073,-0.3805807896437603,2.453478290207913,2.834059079851674
0.0985,6.523815971964259,-0.4083594710322918,2.386249269919434,2.794608740951726
0.0986,6.731605197158126,-0.435735089606299,2.316665327502074,2.752400417108373
0.0987,6.932751156324882,-0.4626807365720702,2.244795100514928,2.707475837086998
0.0988,7.127055327689039,-0.489169778471239,2.170709531193491,2.65987930966473
0.0989,7.314325937232741,-0.5151760169810946,2.094481752309521,2.609657769290616
0.099,7.494378214888514,-0.540673900388327,2.016186948063024,2.556860848451351
0.0991,7.667034434844528,-0.5656381795490164,1.935902421924908,2.501540601473924
0.0992,7.832124202396762,-0.5900442061188689,1.853707408889551,2.44375161500842
0.0993,7.989484645225287,-0.6138680090174331,1.769682974162198,2.383550983179631
0.0994,8.138960400700688,-0.6370859354792517,1.683912106586199,2.320998042065451
0.0995,8.280403978954334,-0.6596751220977048,1.596479426997046,2.256154549094751
0.0996,8.413675848062059,-0.6816133862493494,1.507471165082723,2.189084551332073
0.0997,8.538644377070678,-0.7028788711166465,1.416975268960119,2.119854140076765
0.0998,8.655186304296645,-0.7234507164242254,1.325080979986074,2.0485316964103
0.0999,8.763186657469053,-0.7433086925170329,1.231878946188264,1.975187638705297
0.1,8.862538740825585,-0.7624330039362583,1.137461259174415,1.899894263110674
0.1,8.862538740825585,-0.7624330039362583,1.137461259174415,1.899894263110674
