"time","voltageSource.v","resistor.v","inductor.v","capacitor.v","der(capacitor.v)","inductor.i","der(voltageSource.i)"
0,10,0.002469228271926305,-0.004936019513227308,10.0024667912413,49.38456543852609,0.0002469228271926305,4.936019513227308
0.0001,9.995065603657316,-0.00246706536636365,-0.004936201951084129,10.00246887097476,-49.34130732727299,-0.000246706536636365,4.936201951084129
0.0002,9.980267284282716,-0.007401115647743367,-0.004933089678486269,9.992601489608946,-148.0223129548673,-0.0007401115647743367,4.933089678486269
0.0003,9.955619646030801,-0.01232895809757655,-0.004925371482327634,9.972873975610705,-246.5791619515309,-0.001232895809757655,4.925371482327634
0.0004,9.921147013144779,-0.01724550609092432,-0.004911946144073198,9.943304465379777,-344.9101218184864,-0.001724550609092432,4.911946144073198
0.0005,9.876883405951379,-0.0221452196216155,-0.004892873136830289,9.903921498709824,-442.9043924323099,-0.00221452196216155,4.892873136830289
0.0006,9.822872507286887,-0.02702185070679894,-0.004863441118532208,9.854757799112217,-540.4370141359788,-0.002702185070679894,4.863441118532208
0.0007,9.759167619387474,-0.03186961508967581,-0.004829705920007754,9.795866940397158,-637.3923017935161,-0.003186961508967581,4.829705920007754
0.0008,9.685831611286311,-0.03668449029290231,-0.004795581202188259,9.727311682781401,-733.6898058580462,-0.003668449029290231,4.795581202188259
0.0009,9.60293685676943,-0.04146355807018684,-0.004759965545209965,9.649160380384828,-829.2711614037366,-0.004146355807018684,4.759965545209965
0.001,9.510565162951535,-0.04620396808590545,-0.004719632383705985,9.561488763421146,-924.0793617181089,-0.004620396808590545,4.719632383705985
0.0011,9.408807689542254,-0.05090017660578135,-0.004671458493190173,9.464379324641225,-1018.003532115627,-0.005090017660578135,4.671458493190173
0.0012,9.297764858882514,-0.05554523675189092,-0.004616131581135718,9.357926227215541,-1110.904735037818,-0.005554523675189093,4.616131581135718
0.0013,9.177546256839811,-0.06013379055825808,-0.004557531942463555,9.242237579340532,-1202.675811165161,-0.006013379055825808,4.557531942463555
0.0014,9.048270524660195,-0.06466173683327295,-0.004497937644003969,9.117430199137472,-1293.234736665459,-0.006466173683327294,4.497937644003969
0.0015,8.910065241883679,-0.06912761797565498,-0.004435224999836507,8.98362808485917,-1382.552359513099,-0.006912761797565498,4.435224999836507
0.0016,8.763066800438637,-0.07352791830516629,-0.004366587488984663,8.840961306232787,-1470.558366103326,-0.007352791830516629,4.366587488984663
0.0017,8.607420270039437,-0.07785614709000144,-0.004289617361193265,8.689566034490632,-1557.122941800028,-0.007785614709000143,4.289617361193265
0.0018,8.443279255020151,-0.0821052214156032,-0.004206780805995791,8.52959125724175,-1642.104428312064,-0.00821052214156032,4.206780805995791
0.0019,8.270805742745619,-0.08627038110206875,-0.004123134462577838,8.361199258310265,-1725.407622041375,-0.008627038110206875,4.123134462577838
0.002,8.090169943749475,-0.09035046746540257,-0.004040725005278745,8.184561136220156,-1807.009349308051,-0.009035046746540256,4.040725005278745
0.0021,7.901550123756903,-0.09434580114075369,-0.003954160105032578,7.999850085002689,-1886.916022815074,-0.009434580114075369,3.954160105032578
0.0022,7.705132427757891,-0.09825205918469254,-0.003856747698653962,7.807241234641237,-1965.041183693851,-0.009825205918469254,3.856747698653962
0.0023,7.501110696304596,-0.1020586284065349,-0.003749323913229574,7.606918648624361,-2041.172568130697,-0.01020586284065349,3.749323913229574
0.0024,7.289686274214116,-0.1057569579286907,-0.003642603926354404,7.399085836069161,-2115.139158573813,-0.01057569579286907,3.642603926354404
0.0025,7.071067811865476,-0.1093486061130716,-0.003540392057761466,7.183956810036308,-2186.972122261431,-0.01093486061130716,3.540392057761466
0.0026,6.845471059286886,-0.1128369518874778,-0.003441302883092412,6.961749314057457,-2256.739037749556,-0.01128369518874778,3.441302883092412
0.0027,6.613118653236518,-0.1162208898558949,-0.003333502651618581,6.732673045744032,-2324.417797117897,-0.01162208898558949,3.333502651618581
0.0028,6.374239897486897,-0.1194934939150435,-0.003210598581983248,6.496943989983923,-2389.869878300871,-0.01194934939150435,3.210598581983248
0.0029,6.129070536529766,-0.122642196661714,-0.003079921517593398,6.254792654709074,-2452.843933234279,-0.0122642196661714,3.079921517593398
0.003,5.87785252292473,-0.1256607742113373,-0.002954808953914423,6.006468106089982,-2513.215484226746,-0.01256607742113373,2.954808953914423
0.0031,5.620833778521305,-0.1285554483873606,-0.00283931659735881,5.752228543506025,-2571.108967747212,-0.01285554483873606,2.83931659735881
0.0032,5.358267949789965,-0.1313320341899761,-0.002724335375233089,5.492324319355174,-2626.640683799521,-0.01313320341899761,2.724335375233089
0.0033,5.090414157503712,-0.133988412221783,-0.002588639768617007,5.226991209494113,-2679.76824443566,-0.0133988412221783,2.588639768617007
0.0034,4.817536741017151,-0.1365056412744312,-0.002437373650091779,4.956479755941674,-2730.112825488623,-0.01365056412744312,2.437373650091779
0.0035,4.539904997395467,-0.1388742032193277,-0.002294965370809976,4.681074165985605,-2777.484064386554,-0.01388742032193277,2.294965370809976
0.0036,4.257792915650727,-0.1411017032123596,-0.002168135451937836,4.401062754315024,-2822.034064247192,-0.01411017032123596,2.168135451937836
0.0037,3.971478906347806,-0.1432036296957717,-0.002046287776584776,4.116728823820162,-2864.072593915434,-0.01432036296957717,2.046287776584776
0.0038,3.681245526846779,-0.1451774074643966,-0.0019030767761814,3.828326011087357,-2903.548149287933,-0.01451774074643966,1.9030767761814
0.0039,3.387379202452912,-0.1470025067486452,-0.001741450339714845,3.536123159541273,-2940.050134972904,-0.01470025067486452,1.741450339714845
0.004,3.090169943749475,-0.148667863492056,-0.001587797628453291,3.240425604869984,-2973.357269841119,-0.0148667863492056,1.587797628453291
0.0041,2.78991106039229,-0.1501845609901668,-0.001450037488385014,2.941545658870842,-3003.691219803336,-0.01501845609901668,1.450037488385014
0.0042,2.486898871648547,-0.1515636915206025,-0.00131148229814082,2.63977404546729,-3031.273830412048,-0.01515636915206024,1.31148229814082
0.0043,2.181432413965425,-0.1527993354362044,-0.001157265215557146,2.335389014617186,-3055.986708724087,-0.01527993354362044,1.157265215557146
0.0044,1.873813145857245,-0.1538781196483039,-0.0009967496845919577,2.028688015190141,-3077.562392966078,-0.01538781196483039,0.9967496845919577
0.0045,1.564344650402307,-0.1547984955393286,-0.0008428427126039306,1.71998598865424,-3095.969910786571,-0.01547984955393286,0.8428427126039306
0.0046,1.253332335643043,-0.1555670920977411,-0.0006949310783537221,1.409594358819138,-3111.341841954822,-0.01555670920977411,0.6949310783537221
0.0047,0.9410831331851428,-0.1561868076499607,-0.0005450099315889023,1.097814950766692,-3123.736152999214,-0.01561868076499607,0.5450099315889023
0.0048,0.6279051952931353,-0.1566541308915523,-0.0003894305320955027,0.784948756716783,-3133.082617831045,-0.01566541308915523,0.3894305320955027
0.0049,0.314107590781284,-0.1569648652886204,-0.0002316101293815542,0.4713040661992859,-3139.297305772407,-0.01569648652886204,0.2316101293815542
0.005,6.123031769111886e-16,-0.1571184413591398,-7.595302862414832e-05,0.1571943943877646,-3142.368827182796,-0.01571184413591398,0.07595302862414832
0.0051,-0.314107590781285,-0.1571173440746302,7.724198227021528e-05,-0.1570674886889251,-3142.346881492604,-0.01571173440746302,-0.07724198227021528
0.0052,-0.627905195293134,-0.1569630242118275,0.0002310948581540906,-0.4711732659394607,-3139.260484236549,-0.01569630242118274,-0.2310948581540906
0.0053,-0.9410831331851438,-0.1566542242577932,0.0003870283557643184,-0.7848159372831149,-3133.084485155864,-0.01566542242577932,-0.3870283557643184
0.0054,-1.253332335643044,-0.156189389697757,0.0005426272403985521,-1.097685573185685,-3123.78779395514,-0.0156189389697757,-0.5426272403985521
0.0055,-1.56434465040231,-0.1555696747259153,0.0006957862247689572,-1.409470761901164,-3111.393494518305,-0.01555696747259153,-0.6957862247689572
0.0056,-1.873813145857248,-0.1547975515169914,0.0008478401420202175,-1.719863434482277,-3095.951030339828,-0.01547975515169914,-0.8478401420202175
0.0057,-2.181432413965426,-0.1538734313607169,0.00100047371323253,-2.028559456317941,-3077.468627214338,-0.01538734313607169,-1.00047371323253
0.0058,-2.486898871648546,-0.1527968686269709,0.001152952353380421,-2.335254955374956,-3055.937372539419,-0.01527968686269709,-1.152952353380421
0.0059,-2.789911060392292,-0.1515685204623206,0.001303544209175556,-2.639646084139147,-3031.370409246411,-0.01515685204623206,-1.303544209175556
0.006,-3.090169943749475,-0.1501905212873142,0.001452055516592221,-2.941431477978754,-3003.810425746284,-0.01501905212873142,-1.452055516592221
0.0061,-3.387379202452914,-0.1486649017768016,0.001598342527131091,-3.240312643203243,-2973.298035536031,-0.01486649017768016,-1.598342527131091
0.0062,-3.68124552684678,-0.1469933826372137,0.001743419081905895,-3.535995563291472,-2939.867652744274,-0.01469933826372137,-1.743419081905895
0.0063,-3.971478906347807,-0.1451771863539523,0.001888115329815143,-3.82818983532367,-2903.543727079045,-0.01451771863539523,-1.888115329815143
0.0064,-4.257792915650727,-0.1432172675926321,0.002031877185809883,-4.116607525243904,-2864.345351852643,-0.01432172675926321,-2.031877185809883
0.0065,-4.539904997395471,-0.1411150510976126,0.002173155282555683,-4.400963101580414,-2822.301021952252,-0.01411150510976126,-2.173155282555683
0.0066,-4.817536741017154,-0.1388730107649781,0.002311217685250888,-4.680974947937426,-2777.460215299562,-0.01388730107649781,-2.311217685250888
0.0067,-5.090414157503713,-0.1364940843392021,0.002445747436287782,-4.956365820600799,-2729.881686784042,-0.01364940843392021,-2.445747436287782
0.0068,-5.358267949789969,-0.1339815403058411,0.002577919039200793,-5.226864328523328,-2679.630806116821,-0.01339815403058411,-2.577919039200793
0.0069,-5.620833778521307,-0.131337651537666,0.002709065069931071,-5.492205192053572,-2626.75303075332,-0.0131337651537666,-2.709065069931071
0.007,-5.877852522924734,-0.1285640695125674,0.002838937878955505,-5.752127391291123,-2571.281390251348,-0.01285640695125674,-2.838937878955505
0.0071,-6.129070536529762,-0.1256623366738494,0.002966222331189705,-6.006374422187103,-2513.246733476988,-0.01256623366738494,-2.966222331189705
0.0072,-6.374239897486897,-0.1226351039307641,0.00308869066528672,-6.25469348422142,-2452.702078615283,-0.01226351039307641,-3.08869066528672
0.0073,-6.613118653236517,-0.1194870356154221,0.003205730981854948,-6.49683734860295,-2389.740712308441,-0.0119487035615422,-3.205730981854948
0.0074,-6.845471059286887,-0.1162227839882506,0.003319167509374665,-6.732567442808011,-2324.455679765011,-0.01162227839882506,-3.319167509374665
0.0075,-7.071067811865475,-0.1128459671566306,0.003431605551518224,-6.961653450260362,-2256.919343132612,-0.01128459671566306,-3.431605551518224
0.0076,-7.289686274214117,-0.1093582165544224,0.00354493085464469,-7.183872988514339,-2187.164331088448,-0.01093582165544224,-3.54493085464469
0.0077,-7.501110696304596,-0.1057597721878052,0.003655979970916157,-7.399006904087707,-2115.195443756103,-0.01057597721878052,-3.655979970916157
0.0078,-7.705132427757894,-0.1020534590038127,0.003759750785507165,-7.606838719539589,-2041.069180076255,-0.01020534590038127,-3.759750785507165
0.0079,-7.901550123756904,-0.09824536809703904,0.003854115489234644,-7.807158871149099,-1964.907361940781,-0.009824536809703905,-3.854115489234644
0.008,-8.090169943749473,-0.09434380840475082,0.003941081738539687,-7.999767217083262,-1886.876168095016,-0.009434380840475081,-3.941081738539687
0.0081,-8.270805742745623,-0.09035523229830128,0.004028987574763221,-8.184479498022084,-1807.104645966025,-0.009035523229830127,-4.028987574763221
0.0082,-8.443279255020153,-0.08627950801206086,0.004122630319496778,-8.36112237732759,-1725.590160241217,-0.008627950801206086,-4.122630319496778
0.0083,-8.607420270039437,-0.08211419518810853,0.004217723531592554,-8.529523798382922,-1642.28390376217,-0.008211419518810853,-4.217723531592554
0.0084,-8.763066800438637,-0.077860137613685,0.004303248137025761,-8.689509910961977,-1557.2027522737,-0.0077860137613685,-4.303248137025761
0.0085,-8.910065241883681,-0.07352446008251548,0.004370458073113426,-8.840911239874279,-1470.489201650309,-0.007352446008251548,-4.370458073113426
0.0086,-9.048270524660197,-0.06912172552217792,0.004427843334985582,-8.983576642473004,-1382.434510443558,-0.006912172552217793,-4.427843334985582
0.0087,-9.177546256839811,-0.06465970473907121,0.004485566370794558,-9.117372118471534,-1293.194094781424,-0.00646597047390712,-4.485566370794558
0.0088,-9.297764858882514,-0.06013852185844991,0.004549388285477463,-9.242175725309542,-1202.770437168998,-0.006013852185844991,-4.549388285477463
0.0089,-9.408807689542254,-0.05555559054047255,0.004619625809045402,-9.357871724810826,-1111.111810809451,-0.005555559054047255,-4.619625809045402
0.009,-9.510565162951536,-0.05090846295419588,0.004683894835729063,-9.46434059483307,-1018.169259083917,-0.005090846295419588,-4.683894835729063
0.0091,-9.60293685676943,-0.04620455350423393,0.004731819545229499,-9.561464122810426,-924.0910700846786,-0.004620455350423393,-4.731819545229499
0.0092,-9.685831611286311,-0.04145713192029643,0.00476744779979299,-9.649141927165807,-829.1426384059284,-0.004145713192029643,-4.76744779979299
0.0093,-9.759167619387474,-0.03667491357906941,0.004795987672670421,-9.727288693481075,-733.4982715813881,-0.003667491357906941,-4.795987672670421
0.0094,-9.822872507286887,-0.03186269972110518,0.004826237841818681,-9.795836045407601,-637.2539944221036,-0.003186269972110518,-4.826237841818681
0.0095,-9.876883405951379,-0.02701917261459491,0.004859850811184785,-9.854724084147968,-540.383452291898,-0.002701917261459491,-4.859850811184785
0.0096,-9.921147013144777,-0.02214422778185075,0.004890155090686577,-9.903892940453613,-442.8845556370149,-0.002214422778185075,-4.890155090686577
0.0097,-9.955619646030801,-0.01724360255614489,0.004911990252951526,-9.943288033727608,-344.8720511228977,-0.001724360255614489,-4.911990252951526
0.0098,-9.980267284282716,-0.01232532468297258,0.004923536380147198,-9.972865495979891,-246.5064936594515,-0.001232532468297258,-4.923536380147198
0.0099,-9.995065603657316,-0.007397648785515938,0.004927775991040662,-9.992595730862842,-147.9529757103188,-0.0007397648785515938,-4.927775991040662
0.01,-10,-0.002467362858079275,0.004930038141752746,-10.00246267528367,-49.34725716158549,-0.0002467362858079275,-4.930038141752746
0.0101,-9.995065603657316,0.002464621837044452,0.004932801995428449,-10.00246302748979,49.29243674088904,0.0002464621837044452,-4.932801995428449
0.0102,-9.980267284282716,0.007396861930129386,0.004934697463806259,-9.992598843676651,147.9372386025877,0.0007396861930129386,-4.934697463806259
0.0103,-9.955619646030801,0.01232620654940098,0.004928406724072687,-9.972874259304275,246.5241309880196,0.001232620654940098,-4.928406724072687
0.0104,-9.921147013144779,0.01724507661530393,0.004911223655915009,-9.943303313415997,344.9015323060785,0.001724507661530393,-4.911223655915009
0.0105,-9.876883405951377,0.02214549141775317,0.004886380030807658,-9.903915277399937,442.9098283550633,0.002214549141775316,-4.886380030807658
0.0106,-9.822872507286887,0.02702055260417072,0.004858161655295845,-9.854751221546353,540.4110520834143,0.002702055260417072,-4.858161655295845
0.0107,-9.759167619387473,0.03186695519454028,0.004828909048690377,-9.795863483630702,637.3391038908056,0.003186695519454028,-4.828909048690377
0.0108,-9.685831611286311,0.03668244115710115,0.004798028564369616,-9.727312081007781,733.6488231420228,0.003668244115710114,-4.798028564369616
0.0109,-9.60293685676943,0.04146323079362338,0.004761942258278751,-9.649162029821332,829.2646158724676,0.004146323079362338,-4.761942258278751
0.011,-9.510565162951535,0.04620450275627296,0.004718716404234158,-9.561488382112042,924.0900551254591,0.004620450275627296,-4.718716404234158
0.0111,-9.408807689542254,0.05090001097161679,0.004669392106805503,-9.464377092620676,1018.000219432336,0.005090001097161679,-4.669392106805503
0.0112,-9.297764858882513,0.05554392038694082,0.004615815690264924,-9.357924594959718,1110.878407738816,0.005554392038694083,-4.615815690264924
0.0113,-9.177546256839811,0.06013273140430479,0.004558895235222238,-9.242237883479339,1202.654628086095,0.006013273140430478,-4.558895235222238
0.0114,-9.048270524660195,0.06466222464740681,0.004498787514117808,-9.117431536821719,1293.244492948136,0.006466222464740681,-4.498787514117808
0.0115,-8.910065241883677,0.06912874569944075,0.004434643738651545,-8.983628631321769,1382.574913988815,0.006912874569944074,-4.434643738651545
0.0116,-8.763066800438637,0.07352824877629392,0.004364634820369417,-8.840959684035299,1470.564975525878,0.007352824877629393,-4.364634820369417
0.0117,-8.607420270039439,0.07785517466457874,0.004289008501823233,-8.689564453205842,1557.103493291575,0.007785517466457874,-4.289008501823233
0.0118,-8.443279255020151,0.08210461956984358,0.004208277564979213,-8.529592152154974,1642.092391396872,0.008210461956984359,-4.208277564979213
0.0119,-8.270805742745621,0.08627181770643394,0.004124442632024383,-8.361202003084079,1725.436354128679,0.008627181770643394,-4.124442632024383
0.012,-8.090169943749473,0.09035363987872162,0.00403768543128713,-8.184561269059481,1807.072797574432,0.009035363987872162,-4.03768543128713
0.0121,-7.901550123756903,0.09434664596864278,0.003948088162627705,-7.999844857888173,1886.932919372856,0.009434664596864279,-3.948088162627705
0.0122,-7.705132427757892,0.09824767610992488,0.003854063073386982,-7.807234166941204,1964.953522198497,0.009824767610992487,-3.854063073386982
0.0123,-7.501110696304593,0.1020521517658903,0.003755150711626243,-7.60691799878211,2041.043035317806,0.01020521517658903,-3.755150711626243
0.0124,-7.289686274214116,0.1057558409505909,0.003651309143141823,-7.399093424307849,2115.116819011818,0.01057558409505909,-3.651309143141823
0.0125,-7.071067811865474,0.10935417051146,0.003544046806336354,-7.18396602918327,2187.0834102292,0.010935417051146,-3.544046806336354
0.0126,-6.845471059286886,0.1128440798334246,0.003434037581224736,-6.961749176701535,2256.881596668493,0.01128440798334246,-3.434037581224736
0.0127,-6.613118653236519,0.1162224478979023,0.003321953908178799,-6.7326630550426,2324.448957958045,0.01162224478979023,-3.321953908178799
0.0128,-6.374239897486895,0.1194869241898405,0.003206814762638288,-6.496933636439373,2389.738483796809,0.01194869241898405,-3.206814762638288
0.0129,-6.129070536529765,0.1226340211246929,0.003087850061981534,-6.254792407716439,2452.680422493858,0.01226340211246929,-3.087850061981534
0.013,-5.877852522924726,0.1256605081055294,0.002964597976429673,-6.006477629006684,2513.210162110588,0.01256605081055294,-2.964597976429673
0.0131,-5.620833778521302,0.1285623225751923,0.00283800935866374,-5.752234110455158,2571.246451503846,0.01285623225751923,-2.83800935866374
0.0132,-5.358267949789964,0.1313365767157224,0.002708921179976009,-5.492313447685662,2626.731534314448,0.01313365767157224,-2.708921179976009
0.0133,-5.090414157503711,0.1339806394956783,0.002578661725219256,-5.226973458724608,2679.612789913567,0.01339806394956784,-2.578661725219256
0.0134,-4.817536741017153,0.1364930699814723,0.002446700048611028,-4.956476511047236,2729.861399629446,0.01364930699814723,-2.446700048611028
0.0135,-4.539904997395461,0.1388716682132185,0.00231218422655477,-4.681088849835235,2777.433364264371,0.01388716682132185,-2.31218422655477
0.0136,-4.257792915650722,0.1411142820093257,0.002173523660395915,-4.401080721320444,2822.285640186514,0.01411142820093257,-2.173523660395915
0.0137,-3.971478906347803,0.143217138919482,0.002031208113933758,-4.116727253381218,2864.342778389639,0.0143217138919482,-2.031208113933758
0.0138,-3.681245526846778,0.1451775811746941,0.001886583418885923,-3.828309691440358,2903.551623493882,0.01451775811746941,-1.886583418885923
0.0139,-3.387379202452914,0.1469929697326963,0.001742218574476428,-3.536114390760086,2939.859394653927,0.01469929697326964,-1.742218574476428
0.014,-3.090169943749467,0.1486634090447788,0.001598553671031677,-3.240431906465278,2973.268180895576,0.01486634090447788,-1.598553671031677
0.0141,-2.789911060392296,0.1501883163464406,0.001454441133073914,-2.941553817871811,3003.766326928812,0.01501883163464406,-1.454441133073914
0.0142,-2.486898871648553,0.151567654898387,0.00130680838837538,-2.639773334935315,3031.35309796774,0.0151567654898387,-1.30680838837538
0.0143,-2.181432413965424,0.1527979931430474,0.001154440626797371,-2.335384847735269,3055.959862860947,0.01527979931430474,-1.154440626797371
0.0144,-1.873813145857246,0.1538764695242744,0.0009984908405087367,-2.028688106222029,3077.529390485487,0.01538764695242744,-0.9984908405087367
0.0145,-1.56434465040231,0.1547997247430516,0.0008430675542721033,-1.719987442699634,3095.994494861032,0.01547997247430516,-0.8430675542721033
0.0146,-1.253332335643046,0.1555688347591303,0.000691171327375617,-1.409592341729552,3111.376695182606,0.01555688347591303,-0.691171327375617
0.0147,-0.9410831331851486,0.156185493354267,0.0005420668179805244,-1.097810693357396,3123.70986708534,0.0156185493354267,-0.5420668179805244
0.0148,-0.627905195293132,0.1566511238604284,0.0003921232209879166,-0.7849484423745484,3133.022477208568,0.01566511238604284,-0.3921232209879166
0.0149,-0.314107590781283,0.1569642645664296,0.0002368879037850657,-0.4713087432514976,3139.285291328591,0.01569642645664296,-0.2368879037850657
0.015,-1.836909530733566e-15,0.1571219770786135,7.704712228950861e-05,-0.1571990242009048,3142.439541572269,0.01571219770786135,-0.07704712228950861
0.0151,0.3141075907812882,0.1571211137943549,-8.213206894724934e-05,0.1570686090558806,3142.422275887097,0.01571211137943549,0.08213206894724934
0.0152,0.6279051952931372,0.1569624790685442,-0.0002359959410889734,0.471178712165682,3139.249581370882,0.01569624790685441,0.2359959410889734
0.0153,0.9410831331851449,0.1566506502975667,-0.0003861274271387272,0.7848186103147169,3133.013005951334,0.01566506502975667,0.3861274271387272
0.0154,1.253332335643042,0.1561880262956403,-0.0005381441932574837,1.09768245354066,3123.760525912805,0.01561880262956403,0.5381441932574837
0.0155,1.564344650402307,0.155572184537531,-0.0006943737381526205,1.409466839602928,3111.443690750621,0.0155572184537531,0.6943737381526205
0.0156,1.873813145857251,0.154800221825035,-0.00085141470137029,1.719864338733587,3096.0044365007,0.0154800221825035,0.85141470137029
0.0157,2.181432413965429,0.1538727397825068,-0.001004077423200744,2.028563751606123,3077.454795650136,0.01538727397825068,1.004077423200744
0.0158,2.486898871648549,0.1527939420169779,-0.001151965903290808,2.335256895534862,3055.878840339557,0.01527939420169779,1.151965903290808
0.0159,2.789911060392292,0.1515675255226217,-0.001299680101846334,2.639643214971517,3031.350510452434,0.01515675255226217,1.299680101846334
0.016,3.090169943749472,0.1501930622212038,-0.001450760287753372,2.941427641816022,3003.861244424076,0.01501930622212038,1.450760287753372
0.0161,3.387379202452911,0.1486680176595739,-0.001601715973847284,3.240312900767184,2973.360353191479,0.01486680176595739,1.601715973847284
0.0162,3.681245526846791,0.1469934904099879,-0.001747686832018758,3.535999723268822,2939.869808199758,0.01469934904099879,1.747686832018758
0.0163,3.971478906347816,0.1451745524698437,-0.001888588993748996,3.828192942871721,2903.491049396874,0.01451745524698437,1.888588993748996
0.0164,4.257792915650734,0.1432150974785512,-0.002028441275808035,4.116606259447991,2864.301949571024,0.01432150974785512,2.028441275808035
0.0165,4.539904997395475,0.1411157225974037,-0.002170142284508181,4.400959417082579,2822.314451948073,0.01411157225974037,2.170142284508181
0.0166,4.817536741017157,0.1388754419880263,-0.002311685582612633,4.680972984611744,2777.508839760525,0.01388754419880263,2.311685582612633
0.0167,5.090414157503716,0.1364957064316261,-0.002448818156176813,4.956367269228267,2729.914128632521,0.01364957064316261,2.448818156176813
0.0168,5.358267949789967,0.1339810662181407,-0.002580636731068786,5.226867520302895,2679.621324362814,0.01339810662181407,2.580636731068786
0.0169,5.620833778521298,0.1313357822776914,-0.002709473797930961,5.492207470041538,2626.715645553827,0.01313357822776914,2.709473797930961
0.017,5.877852522924737,0.1285621517134821,-0.002837365098099731,5.752127736309355,2571.243034269642,0.01285621517134821,2.837365098099731
0.0171,6.12907053652977,0.1256615010112692,-0.002963814406538035,6.006372849925039,2513.230020225384,0.01256615010112692,2.963814406538035
0.0172,6.3742398974869,0.12263591826104,-0.00308709805744023,6.2546910772833,2452.7183652208,0.012263591826104,3.08709805744023
0.0173,6.613118653236519,0.1194888271834722,-0.003206343084183771,6.49683616913723,2389.776543669444,0.01194888271834722,3.206343084183771
0.0174,6.845471059286886,0.1162241989379167,-0.00332192146191268,6.732568781810882,2324.483978758333,0.01162241989379167,3.32192146191268
0.0175,7.07106781186548,0.1128454479174251,-0.003434791829688422,6.961657155777743,2256.908958348502,0.01128454479174251,3.434791829688422
0.0176,7.289686274214119,0.109355541569481,-0.003545111987746985,7.183875844632385,2187.110831389619,0.0109355541569481,3.545111987746985
0.0177,7.501110696304597,0.1057572800996232,-0.00365195150655051,7.399005367711524,2115.145601992464,0.01057572800996232,3.65195150655051
0.0178,7.705132427757894,0.102054231166459,-0.003755301575290027,7.606833498166725,2041.08462332918,0.0102054231166459,3.755301575290027
0.0179,7.901550123756903,0.09824986050396356,-0.003854071480634325,7.807154334733574,1964.997210079271,0.009824986050396356,3.854071480634325
0.018,8.090169943749478,0.09434858025371828,-0.003948617887853167,7.999769981383613,1886.971605074366,0.009434858025371829,3.948617887853167
0.0181,8.270805742745621,0.09035470026466479,-0.004038469253414334,8.18448951173437,1807.094005293296,0.009035470026466479,4.038469253414334
0.0182,8.443279255020153,0.08627209226791507,-0.004124935005487274,8.361132097757725,1725.441845358301,0.008627209226791508,4.124935005487274
0.0183,8.607420270039437,0.0821049507684127,-0.004208052313705579,8.52952337158473,1642.099015368254,0.008210495076841271,4.208052313705579
0.0184,8.763066800438637,0.07785658087604441,-0.004287675405857172,8.689497894968449,1557.131617520888,0.007785658087604442,4.287675405857172
0.0185,8.910065241883681,0.0735309827417341,-0.004363430699429571,8.840897689841375,1470.619654834682,0.00735309827417341,4.363430699429571
0.0186,9.048270524660197,0.06913229318537244,-0.004434361039653112,8.983572592514477,1382.645863707449,0.006913229318537244,4.434361039653112
0.0187,9.177546256839813,0.06466502001294998,-0.004500274661729975,9.117381511488594,1293.300400258999,0.006466502001294998,4.500274661729975
0.0188,9.297764858882514,0.06013417197296703,-0.004561074734258597,9.242191761643806,1202.68343945934,0.006013417197296702,4.561074734258597
0.0189,9.408807689542254,0.05554427250414586,-0.004617319543427811,9.357880736581535,1110.885450082917,0.005554427250414586,4.617319543427811
0.019,9.510565162951538,0.05090018218321368,-0.004669517600015993,9.464334498368341,1018.003643664273,0.005090018218321368,4.669517600015993
0.0191,9.602936856769432,0.04620604761351663,-0.004717706820780876,9.561448515976696,924.1209522703325,0.004620604761351663,4.717706820780876
0.0192,9.685831611286309,0.0414660056564612,-0.004761846980835927,9.649127452610683,829.3201131292238,0.00414660056564612,4.761846980835927
0.0193,9.759167619387473,0.03668471447295803,-0.004801347382056065,9.72728425229657,733.6942894591607,0.003668471447295804,4.801347382056065
0.0194,9.822872507286887,0.03186650960286836,-0.004835305659941724,9.795841303343959,637.3301920573671,0.003186650960286836,4.835305659941724
0.0195,9.876883405951377,0.02701673798037881,-0.004863813198634048,9.854730481169632,540.3347596075762,0.002701673798037881,4.863813198634048
0.0196,9.921147013144777,0.0221407060579666,-0.00488666547487604,9.903892972561687,442.8141211593319,0.00221407060579666,4.88666547487604
0.0197,9.955619646030801,0.01724344752431013,-0.004904943578642573,9.943281142085134,344.8689504862026,0.001724344752431013,4.904943578642573
0.0198,9.980267284282716,0.0123300803589496,-0.004919483818717652,9.972856687742484,246.601607178992,0.00123300803589496,4.919483818717652
0.0199,9.995065603657316,0.00740451663751247,-0.004930314786154355,9.992591401805958,148.0903327502494,0.0007404516637512469,4.930314786154355
0.02,10,0.00247110562089831,-0.004937306587095236,10.0024662009662,49.4221124179662,0.000247110562089831,4.937306587095236
0.0201,9.995065603657315,-0.002465969608888143,-0.004938682840963438,10.00247025610717,-49.31939217776286,-0.0002465969608888143,4.938682840963438
0.0202,9.980267284282716,-0.007401587868305138,-0.004933905698338847,9.99260277784936,-148.0317573661027,-0.0007401587868305138,4.933905698338847
0.0203,9.955619646030799,-0.01232972651547817,-0.004922109299402067,9.972871481845679,-246.5945303095634,-0.001232972651547817,4.922109299402067
0.0204,9.921147013144777,-0.01724505780664456,-0.004904635724866324,9.943296706676287,-344.9011561328912,-0.001724505780664456,4.904635724866324
0.0205,9.876883405951379,-0.02214119669604561,-0.004883597430096032,9.90390820007752,-442.8239339209122,-0.002214119669604561,4.883597430096032
0.0206,9.822872507286887,-0.02701460544923875,-0.004859346534662023,9.854746459270787,-540.2921089847749,-0.002701460544923875,4.859346534662023
0.0207,9.759167619387473,-0.03186151677700622,-0.004833691197983825,9.795862827362463,-637.2303355401243,-0.003186151677700622,4.833691197983825
0.0208,9.685831611286311,-0.0366782690346028,-0.004803843211421466,9.727313723532335,-733.5653806920559,-0.00366782690346028,4.803843211421466
0.0209,9.60293685676943,-0.04146188517571485,-0.004767462875667761,9.649166204820812,-829.237703514297,-0.004146188517571485,4.767462875667761
0.021,9.510565162951535,-0.04620558487381632,-0.004723426074633608,9.561494173899984,-924.1116974763263,-0.004620558487381632,4.723426074633608
0.0211,9.408807689542256,-0.0509034234736041,-0.004670263487113857,9.464381376502974,-1018.068469472082,-0.00509034234736041,4.670263487113857
0.0212,9.297764858882513,-0.05554839101369332,-0.004612331557437344,9.357925581453642,-1110.967820273866,-0.005554839101369332,4.612331557437344
0.0213,9.177546256839811,-0.06013473598448385,-0.004552209916752759,9.242233202741048,-1202.694719689677,-0.006013473598448385,4.552209916752759
0.0214,9.048270524660191,-0.06466042530013685,-0.004493193695685349,9.117424143656013,-1293.208506002737,-0.006466042530013686,4.493193695685349
0.0215,8.910065241883681,-0.0691227970936541,-0.004434680461692153,8.983622719439026,-1382.455941873082,-0.00691227970936541,4.434680461692153
0.0216,8.763066800438633,-0.07352219970871993,-0.004371379312958723,8.840960379460311,-1470.443994174399,-0.007352219970871993,4.371379312958723
0.0217,8.607420270039436,-0.07785279476300415,-0.004299762413985775,8.689572827216425,-1557.055895260083,-0.007785279476300415,4.299762413985775
0.0218,8.443279255020151,-0.08210890664213323,-0.004213085147389606,8.529601246809674,-1642.178132842665,-0.008210890664213323,4.213085147389606
0.0219,8.270805742745619,-0.0862800771584136,-0.004119877630110125,8.361205697534142,-1725.601543168272,-0.00862800771584136,4.119877630110125
0.022,8.090169943749469,-0.09035769905423569,-0.004025394522399139,8.184553037326104,-1807.153981084713,-0.009035769905423569,4.025394522399139
0.0221,7.901550123756906,-0.09434252382292505,-0.003936050444512951,7.999828698024344,-1886.850476458501,-0.009434252382292504,3.936050444512951
0.0222,7.70513242775789,-0.09823558408098094,-0.003852205061294356,7.807220216900165,-1964.711681619619,-0.009823558408098095,3.852205061294356
0.0223,7.501110696304595,-0.1020422796516329,-0.003768940205869598,7.606921916162097,-2040.845593032657,-0.01020422796516329,3.768940205869598
0.0224,7.28968627421411,-0.1057554512172202,-0.003672968654634623,7.399114694085965,-2115.109024344405,-0.01057554512172202,3.672968654634623
0.0225,7.071067811865477,-0.1093663409633014,-0.00355651350221553,7.183990666330994,-2187.326819266027,-0.01093663409633014,3.55651350221553
0.0226,6.845471059286884,-0.1128587821892035,-0.003423905741106736,6.961753747217194,-2257.175643784071,-0.01128587821892035,3.423905741106736
0.0227,6.613118653236517,-0.1162249562476507,-0.003302564792603491,6.732646174276772,-2324.499124953014,-0.01162249562476507,3.302564792603491
0.0228,6.374239897486897,-0.1194760768418184,-0.003202721400068498,6.496918695728783,-2389.521536836367,-0.01194760768418184,3.202721400068498
0.0229,6.129070536529766,-0.1226246961425052,-0.003101238960048214,6.25479647163232,-2452.493922850103,-0.01226246961425051,3.101238960048214
0.023,5.877852522924726,-0.125664000248938,-0.002976034241646275,6.006492557415311,-2513.280004978759,-0.0125664000248938,2.976034241646275
0.0231,5.620833778521311,-0.1285730189066273,-0.002833083183960916,5.752239880611899,-2571.460378132546,-0.01285730189066273,2.833083183960916
0.0232,5.358267949789973,-0.1313405790026248,-0.002694618178997743,5.492303146971595,-2626.811580052497,-0.01313405790026248,2.694618178997743
0.0233,5.090414157503712,-0.1339736551148254,-0.00257333031958229,5.22696114293812,-2679.473102296508,-0.01339736551148254,2.57333031958229
0.0234,4.817536741017162,-0.1364847109268848,-0.002456410211562954,4.95647786215561,-2729.694218537696,-0.01364847109268848,2.456410211562954
0.0235,4.53990499739547,-0.1388733685043125,-0.002321605659288295,4.681099971559071,-2777.46737008625,-0.01388733685043125,2.321605659288295
0.0236,4.257792915650731,-0.1411221890654449,-0.002169200176354913,4.401084304892531,-2822.443781308898,-0.01411221890654449,2.169200176354913
0.0237,3.971478906347796,-0.1432187056367503,-0.002020909871108145,4.116718521855654,-2864.374112735006,-0.01432187056367503,2.020909871108145
0.0238,3.681245526846788,-0.1451698122886284,-0.00188569129654681,3.828301030431963,-2903.396245772568,-0.01451698122886284,1.88569129654681
0.0239,3.387379202452907,-0.1469862815979392,-0.001754171691918494,3.536119655742764,-2939.725631958785,-0.01469862815979392,1.754171691918494
0.024,3.090169943749468,-0.1486669755983327,-0.00160883555545599,3.240445754903257,-2973.339511966654,-0.01486669755983327,1.60883555545599
0.0241,2.789911060392289,-0.1501987941282128,-0.001449145409675001,2.941558999930177,-3003.975882564256,-0.01501987941282128,1.449145409675001
0.0242,2.486898871648546,-0.1515711332693747,-0.001293145324183786,2.639763150242104,-3031.422665387495,-0.01515711332693748,1.293145324183786
0.0243,2.181432413965416,-0.1527908404856854,-0.001151095382265321,2.335374349833367,-3055.816809713708,-0.01527908404856854,1.151095382265321
0.0244,1.873813145857247,-0.1538686981996135,-0.001008717231344214,2.028690561288205,-3077.373963992271,-0.01538686981996135,1.008717231344214
0.0245,1.564344650402303,-0.154800469237522,-0.0008526696316775162,1.719997789271502,-3096.009384750439,-0.0154800469237522,0.8526696316775162
0.0246,1.253332335643038,-0.1555740254666463,-0.0006906044613648188,1.40959696557105,-3111.480509332927,-0.01555740254666464,0.6906044613648188
0.0247,0.941083133185132,-0.1561875082942298,-0.00053591651660434,1.097806557995966,-3123.750165884596,-0.01561875082942298,0.53591651660434
0.0248,0.6279051952931332,-0.1566480949054822,-0.0003895062281543682,0.7849427964267697,-3132.961898109643,-0.01566480949054822,0.3895062281543682
0.0249,0.3141075907812754,-0.1569615107390329,-0.0002398069724882101,0.4713089084927966,-3139.230214780659,-0.0156961510739033,0.2398069724882101
0.025,-5.820268312445309e-15,-0.1571223399692495,-7.972884225701526e-05,0.1572020688115007,-3142.446799384991,-0.01571223399692495,0.07972884225701526
0.0251,-0.3141075907812869,-0.1571221863004826,8.185090946410956e-05,-0.1570672553902684,-3142.443726009652,-0.01571221863004826,-0.08185090946410956
0.0252,-0.6279051952931359,-0.1569629219342385,0.0002362113727051862,-0.4711784847316026,-3139.25843868477,-0.01569629219342385,-0.2362113727051862
0.0253,-0.9410831331851526,-0.1566510708955203,0.0003865287107313042,-0.7848185910003637,-3133.021417910405,-0.01566510708955203,-0.3865287107313042
0.0254,-1.253332335643041,-0.1561879776048665,0.0005388098838574606,-1.097683167922032,-3123.75955209733,-0.01561879776048665,-0.5388098838574606
0.0255,-1.564344650402314,-0.1555713960087749,0.0006944353853191032,-1.409467689778858,-3111.427920175498,-0.01555713960087749,-0.6944353853191032
0.0256,-1.87381314585725,-0.1547991616224498,0.0008500494139731529,-1.719864033648774,-3095.983232448996,-0.01547991616224498,-0.8500494139731529
0.0257,-2.18143241396541,-0.1538725087400114,0.001002824582367889,-2.028562729807767,-3077.450174800228,-0.01538725087400114,-1.002824582367889
0.0258,-2.486898871648548,-0.1527944639063574,0.001152336885128502,-2.335256744627319,-3055.889278127148,-0.01527944639063574,-1.152336885128502
0.0259,-2.789911060392291,-0.1515673667133626,0.001300294796807933,-2.639643988475736,-3031.347334267252,-0.01515673667133626,-1.300294796807933
0.026,-3.090169943749488,-0.1501919660846021,0.001449398963336623,-2.941427376628222,-3003.839321692042,-0.01501919660846021,-1.449398963336623
0.0261,-3.387379202452909,-0.1486679177305238,0.001599427382016128,-3.240310712104402,-2973.358354610477,-0.01486679177305238,-1.599427382016128
0.0262,-3.68124552684679,-0.1469952069369749,0.001747481587454747,-3.535997801497269,-2939.904138739498,-0.01469952069369749,-1.747481587454747
0.0263,-3.971478906347814,-0.1451760789924874,0.001891253748071531,-3.828194081103399,-2903.521579849748,-0.01451760789924874,-1.891253748071531
0.0264,-4.257792915650733,-0.1432143103932202,0.002030983292995892,-4.116609588550509,-2864.286207864403,-0.01432143103932202,-2.030983292995892
0.0265,-4.539904997395473,-0.141113148195929,0.002169164304730131,-4.400961013504274,-2822.262963918581,-0.0141113148195929,-2.169164304730131
0.0266,-4.817536741017156,-0.1388741010263967,0.002308146624313778,-4.680970786615073,-2777.482020527934,-0.01388741010263967,-2.308146624313778
0.0267,-5.090414157503714,-0.136497239619854,0.002447353537731622,-4.956364271421592,-2729.944792397081,-0.01364972396198541,-2.447353537731622
0.0268,-5.358267949789966,-0.1339833444965765,0.002582789434550037,-5.22686739472794,-2679.66688993153,-0.01339833444965765,-2.582789434550037
0.0269,-5.620833778521305,-0.1313358729617617,0.002711899574320498,-5.492209805133863,-2626.717459235235,-0.01313358729617618,-2.711899574320498
0.027,-5.877852522924742,-0.128560252691624,0.002836769608224543,-5.752129039841343,-2571.205053832479,-0.0128560252691624,-2.836769608224543
0.0271,-6.129070536529761,-0.1256603507856114,0.002960439607874399,-6.006370625352024,-2513.207015712229,-0.01256603507856115,-2.960439607874399
0.0272,-6.374239897486905,-0.1226372714724641,0.003084766683160822,-6.254687392697602,-2452.745429449281,-0.01226372714724641,-3.084766683160822
0.0273,-6.613118653236526,-0.1194915624545971,0.003207859898252785,-6.496834950680182,-2389.831249091942,-0.01194915624545971,-3.207859898252785
0.0274,-6.845471059286892,-0.1162254121632428,0.003325829327012642,-6.732571476450661,-2324.508243264856,-0.01162254121632428,-3.325829327012642
0.0275,-7.071067811865479,-0.112843870395905,0.003436519045365571,-6.961660460514939,-2256.877407918099,-0.0112843870395905,-3.436519045365571
0.0276,-7.289686274214118,-0.1093529117733792,0.003542066212598449,-7.183875428653337,-2187.058235467583,-0.01093529117733792,-3.542066212598449
0.0277,-7.501110696304597,-0.1057571889112472,0.003647382641262631,-7.399000890034612,-2115.143778224943,-0.01057571889112472,-3.647382641262631
0.0278,-7.705132427757892,-0.1020575693860466,0.003754645168810633,-7.606829503540657,-2041.151387720931,-0.01020575693860466,-3.754645168810633
0.0279,-7.901550123756903,-0.09825305616636666,0.003858997645631135,-7.807156065236168,-1965.061123327333,-0.009825305616636667,-3.858997645631135
0.028,-8.090169943749482,-0.09434720163355928,0.003953354170469936,-7.999776096286392,-1886.944032671186,-0.009434720163355928,-3.953354170469936
0.0281,-8.270805742745615,-0.09034953433055454,0.004036781718433247,-8.184492990133494,-1806.990686611091,-0.009034953433055454,-4.036781718433247
0.0282,-8.443279255020148,-0.08626945461914366,0.00411805150900868,-8.361127851910013,-1725.389092382873,-0.008626945461914367,-4.11805150900868
0.0283,-8.607420270039441,-0.08210750060964105,0.004202768372769228,-8.529515537802569,-1642.150012192821,-0.008210750060964105,-4.202768372769228
0.0284,-8.763066800438629,-0.07786223542805981,0.004290085819569356,-8.689494650830138,-1557.244708561196,-0.007786223542805982,-4.290085819569356
0.0285,-8.910065241883681,-0.07353407701389461,0.004371131118805494,-8.840902295988592,-1470.681540277892,-0.007353407701389461,-4.371131118805494
0.0286,-9.048270524660197,-0.06912951107883872,0.004439720573245154,-8.983580734154604,-1382.590221576774,-0.006912951107883872,-4.439720573245154
0.0287,-9.177546256839813,-0.06465884318927674,0.004497026112169067,-9.117384439762706,-1293.176863785535,-0.006465884318927674,-4.497026112169067
0.0288,-9.297764858882514,-0.06013166781589875,0.00455248426020205,-9.242185675326818,-1202.633356317975,-0.006013166781589875,-4.55248426020205
0.0289,-9.408807689542254,-0.05554944874989885,0.004614550998113032,-9.357872791790468,-1110.988974997977,-0.005554944874989885,-4.614550998113032
0.029,-9.510565162951535,-0.05090770826483896,0.004678292430986275,-9.464335747117682,-1018.154165296779,-0.005090770826483896,-4.678292430986275
0.0291,-9.60293685676943,-0.04620583517855702,0.004730920334377942,-9.561461941925252,-924.1167035711403,-0.004620583517855702,-4.730920334377942
0.0292,-9.685831611286309,-0.04145580099265125,0.004763900940210064,-9.649139711233868,-829.1160198530249,-0.004145580099265125,-4.763900940210064
0.0293,-9.759167619387476,-0.03667506083633294,0.004787942205135565,-9.727280500756279,-733.5012167266588,-0.003667506083633294,-4.787942205135565
0.0294,-9.822872507286885,-0.03186746045159924,0.004821003625439246,-9.795826050460725,-637.3492090319847,-0.003186746045159924,-4.821003625439246
0.0295,-9.876883405951379,-0.02702612573617871,0.004863714230143756,-9.854720994445344,-540.5225147235741,-0.002702612573617871,-4.863714230143756
0.0296,-9.921147013144779,-0.02214834292319262,0.004901096507733627,-9.903899766729319,-442.9668584638523,-0.002214834292319262,-4.901096507733627
0.0297,-9.955619646030801,-0.01724017531866925,0.004917835960970507,-9.943297306673102,-344.8035063733849,-0.001724017531866925,-4.917835960970507
0.0298,-9.980267284282716,-0.01231869254631879,0.004917196950868785,-9.972865788687265,-246.3738509263757,-0.001231869254631879,-4.917196950868785
0.0299,-9.995065603657316,-0.007397172453805303,0.004915227815693868,-9.992583659019205,-147.943449076106,-0.0007397172453805303,-4.915227815693868
0.03,-10,-0.002475261699641812,0.004925544878480181,-10.00245028317884,-49.50523399283624,-0.0002475261699641812,-4.925544878480181
0.0301,-9.995065603657315,0.00245502631659303,0.004943060716772862,-10.00246369069068,49.1005263318606,0.000245502631659303,-4.943060716772862
0.0302,-9.980267284282714,0.007396017290459186,0.004946779707410087,-9.992610081280583,147.9203458091837,0.0007396017290459186,-4.946779707410087
0.0303,-9.955619646030799,0.0123334854739979,0.004931320704139708,-9.972884452208937,246.6697094799579,0.00123334854739979,-4.931320704139708
0.0304,-9.921147013144777,0.01725283575321791,0.004903770496584414,-9.94330361939458,345.0567150643581,0.001725283575321791,-4.903770496584414
0.0305,-9.876883405951377,0.02214672483943699,0.004876661446337138,-9.903906792237152,442.9344967887398,0.002214672483943699,-4.876661446337138
0.0306,-9.822872507286887,0.02701540545642825,0.004855138139943094,-9.854743050883258,540.308109128565,0.002701540545642825,-4.855138139943094
0.0307,-9.759167619387473,0.03186058141924108,0.004834554709296057,-9.79586275551601,637.2116283848216,0.003186058141924108,-4.834554709296057
0.0308,-9.685831611286311,0.03668039059611472,0.004806079432276178,-9.727318081314701,733.6078119222943,0.003668039059611472,-4.806079432276178
0.0309,-9.602936856769432,0.04146665565980887,0.004764630274797454,-9.649168142704038,829.3331131961771,0.004146665565980886,-4.764630274797454
0.031,-9.510565162951536,0.04620872900151948,0.004714024981824494,-9.56148791693488,924.1745800303894,0.004620872900151948,-4.714024981824494
0.0311,-9.408807689542257,0.0508996538846555,0.004663025980084612,-9.464370369406998,1017.99307769311,0.005089965388465551,-4.663025980084612
0.0312,-9.297764858882511,0.05553886683888781,0.004615635469704671,-9.357919361191103,1110.777336777756,0.005553886683888782,-4.615635469704671
0.0313,-9.177546256839808,0.06012780812529373,0.004566702924348576,-9.24224076788945,1202.556162505875,0.006012780812529373,-4.566702924348576
0.0314,-9.048270524660193,0.06466295049870584,0.004507015720749408,-9.117440490879648,1293.259009974117,0.006466295049870584,-4.507015720749408
0.0315,-8.910065241883677,0.0691347136145119,0.004436325712264377,-8.983636281210453,1382.694272290238,0.006913471361451189,-4.436325712264377
0.0316,-8.763066800438635,0.07353438397152913,0.004359545933695586,-8.840960730343859,1470.687679430582,0.007353438397152912,-4.359545933695586
0.0317,-8.607420270039436,0.07785762558519577,0.004282325629045403,-8.689560221253677,1557.152511703915,0.007785762558519576,-4.282325629045403
0.0318,-8.443279255020151,0.0821033102802486,0.004205827943419393,-8.529588393243818,1642.066205604972,0.00821033102802486,-4.205827943419393
0.0319,-8.270805742745619,0.086269936133984,0.004126599118452035,-8.361202277998055,1725.39872267968,0.008626993613398399,-4.126599118452035
0.032,-8.090169943749476,0.09035407885150729,0.004041004853126751,-8.184565027454111,1807.081577030146,0.009035407885150729,-4.041004853126751
0.0321,-7.901550123756907,0.09434951139812278,0.003948097264665051,-7.999847732419695,1886.990227962455,0.009434951139812279,-3.948097264665051
0.0322,-7.705132427757897,0.09825006678954416,0.003850272748259442,-7.807232767295701,1965.001335790883,0.009825006678954416,-3.850272748259442
0.0323,-7.50111069630459,0.102051690199719,0.003751171657566665,-7.606913558161875,2041.033803994379,0.0102051690199719,-3.751171657566665
0.0324,-7.289686274214099,0.1057527267277658,0.003651423766482864,-7.399090424708348,2115.054534555317,0.01057527267277658,-3.651423766482864
0.0325,-7.071067811865471,0.1093517097116808,0.003548157591390044,-7.183967679168542,2187.034194233615,0.01093517097116808,-3.548157591390044
0.0326,-6.845471059286872,0.112844764925898,0.003437709118743193,-6.961753533331513,2256.895298517959,0.0112844764925898,-3.437709118743193
0.0327,-6.613118653236518,0.116225600878356,0.003320594130149956,-6.732664848245024,2324.51201756712,0.0116225600878356,-3.320594130149956
0.0328,-6.374239897486884,0.1194881577664383,0.003202019999979377,-6.496930075253302,2389.763155328766,0.01194881577664383,-3.202019999979377
0.0329,-6.129070536529767,0.1226311942162807,0.003085784100288258,-6.254787514846336,2452.623884325613,0.01226311942162807,-3.085784100288258
0.033,-5.87785252292472,0.1256565713884801,0.00296953140871814,-6.006478625721918,2513.131427769602,0.01256565713884801,-2.96953140871814
0.0331,-5.620833778521311,0.1285629457361578,0.002844911464304545,-5.752241635721773,2571.258914723157,0.01285629457361578,-2.844911464304545
0.0332,-5.358267949789957,0.1313427545612452,0.002708352833132643,-5.492319057184336,2626.855091224904,0.01313427545612452,-2.708352833132643
0.0333,-5.090414157503705,0.1339856338911211,0.002570515987193822,-5.22697030738202,2679.712677822423,0.01339856338911211,-2.570515987193822
0.0334,-4.817536741017147,0.1364912038035621,0.00243873386813398,-4.956466678688843,2729.824076071242,0.01364912038035621,-2.43873386813398
0.0335,-4.539904997395464,0.1388650520984758,0.002313065530837655,-4.681083115024777,2777.301041969516,0.01388650520984758,-2.313065530837655
0.0336,-4.257792915650723,0.1411094703798149,0.002182611984713922,-4.401084998015253,2822.189407596297,0.01411094703798149,-2.182611984713922
0.0337,-3.971478906347805,0.1432194645979833,0.002038335041389949,-4.116736705987178,2864.389291959666,0.01432194645979833,-2.038335041389949
0.0338,-3.681245526846797,0.1451839603391958,0.001884489617859586,-3.828313976803852,2903.679206783916,0.01451839603391958,-1.884489617859586
0.0339,-3.387379202452916,0.146995643522942,0.001735215406676538,-3.536110061382534,2939.91287045884,0.0146995643522942,-1.735215406676538
0.034,-3.090169943749461,0.148660065969818,0.001597380046658881,-3.240427389765938,2973.201319396359,0.0148660065969818,-1.597380046658881
0.0341,-2.789911060392298,0.1501855865674389,0.001459546098417697,-2.941556193058155,3003.711731348777,0.01501855865674388,-1.459546098417697
0.0342,-2.486898871648538,0.1515696980113095,0.001309270938008478,-2.639777840597856,3031.393960226191,0.01515696980113095,-1.309270938008478
0.0343,-2.181432413965418,0.1528010522217189,0.001149753131934883,-2.335383219319071,3056.021044434378,0.01528010522217189,-1.149753131934883
0.0344,-1.87381314585724,0.1538742939519353,0.0009919537624298869,-2.028679393571605,3077.485879038705,0.01538742939519353,-0.9919537624298869
0.0345,-1.564344650402304,0.1547923915362934,0.000845592197542322,-1.71998263413614,3095.847830725867,0.01547923915362934,-0.845592197542322
0.0346,-1.253332335643039,0.1555632398887061,0.0007027297080741679,-1.40959830523982,3111.264797774122,0.01555632398887061,-0.7027297080741679
0.0347,-0.9410831331851421,0.156189006462094,0.0005492248587199988,-1.097821364505956,3123.78012924188,0.0156189006462094,-0.5492248587199988
0.0348,-0.6279051952931345,0.1566581117375414,0.0003861374359891423,-0.784949444466665,3133.162234750828,0.01566581117375414,-0.3861374359891423
0.0349,-0.3141075907812854,0.1569646980789488,0.0002270714243290395,-0.4712993602845633,3139.293961578975,0.01569646980789488,-0.2270714243290395
0.035,1.347744615562418e-14,0.1571154855540761,7.695955913286645e-05,-0.1571924451131954,3142.309711081521,0.01571154855540761,-0.07695955913286645
0.0351,0.3141075907812769,0.1571169450339925,-7.40221906969929e-05,0.1570646679379813,3142.338900679851,0.01571169450339925,0.0740221906969929
0.0352,0.6279051952931436,0.1569651138550381,-0.0002315336263450929,0.4711716150644505,3139.302277100762,0.01569651138550381,0.2315336263450929
0.0353,0.9410831331851512,0.1566548150264588,-0.0003897746525584056,0.7848180928112509,3133.096300529175,0.01566548150264587,0.3897746525584056
0.0354,1.253332335643049,0.1561878880511505,-0.000542909937067515,1.097687357528966,3123.757761023009,0.01561878880511505,0.542909937067515
0.0355,1.564344650402313,0.1555692589308577,-0.000694157250932248,1.409469548722388,3111.385178617153,0.01555692589308576,0.694157250932248
0.0356,1.873813145857249,0.1547988200823971,-0.0008482465636645564,1.719862572338517,3095.976401647941,0.01547988200823971,0.8482465636645564
0.0357,2.181432413965426,0.1538735690010912,-0.001002482900596124,2.028561327864931,3077.471380021824,0.01538735690010912,1.002482900596124
0.0358,2.486898871648547,0.1527953109376443,-0.001152597285930756,2.335256157996834,3055.906218752886,0.01527953109376443,1.152597285930756
0.0359,2.78991106039229,0.1515680442737413,-0.001301149127281409,2.63964416524583,3031.360885474826,0.01515680442737413,1.301149127281409
0.036,3.090169943749487,0.1501921447485127,-0.001450979068356784,2.941428778069331,3003.842894970253,0.01501921447485127,1.450979068356784
0.0361,3.387379202452908,0.1486667357993774,-0.001600024362933272,3.240312491016464,2973.334715987547,0.01486667357993774,1.600024362933272
0.0362,3.681245526846789,0.1469935467615706,-0.001746328945082087,3.5359983090303,2939.870935231411,0.01469935467615706,1.746328945082087
0.0363,3.971478906347797,0.1451755024888958,-0.001890215939915674,3.828193619798817,2903.510049777916,0.01451755024888958,1.890215939915674
0.0364,4.257792915650732,0.1432147384602688,-0.002031330809495913,4.11660950799996,2864.294769205376,0.01432147384602688,2.031330809495913
0.0365,4.539904997395456,0.1411130985835723,-0.002170884516392135,4.400962783328276,2822.261971671446,0.01411130985835723,2.170884516392135
0.0366,4.817536741017155,0.1388724087917467,-0.002309321914355955,4.680973654139764,2777.448175834933,0.01388724087917467,2.309321914355955
0.0367,5.090414157503699,0.1364945204576931,-0.002445882016131051,4.956365519062137,2729.890409153862,0.01364945204576931,2.445882016131051
0.0368,5.358267949789965,0.1339815566228785,-0.002579839184981836,5.226866232352068,2679.63113245757,0.01339815566228785,2.579839184981836
0.0369,5.620833778521318,0.1313361966314321,-0.002710272169061945,5.492207854058948,2626.723932628643,0.01313361966314321,2.710272169061945
0.037,5.877852522924742,0.1285618460449925,-0.002837605792980646,5.75212828267273,2571.236920899849,0.01285618460449925,2.837605792980646
0.0371,6.129070536529774,0.1256609265592145,-0.002962778777282793,6.006372388747843,2513.218531184289,0.01256609265592144,2.962778777282793
0.0372,6.374239897486904,0.1226360344844021,-0.003086002104739194,6.254689865107241,2452.720689688043,0.01226360344844022,3.086002104739194
0.0373,6.613118653236524,0.1194896551287079,-0.003206339675625003,6.496835337783441,2389.793102574158,0.01194896551287079,3.206339675625003
0.0374,6.845471059286892,0.1162249198568757,-0.00332328355582856,6.732569422985844,2324.498397137513,0.01162249198568757,3.32328355582856
0.0375,7.071067811865478,0.1128451449185189,-0.00343614474558418,6.961658811692543,2256.902898370378,0.01128451449185189,3.43614474558418
0.0376,7.289686274214117,0.1093543036656527,-0.00354504358384311,7.183877014132308,2187.086073313053,0.01093543036656527,3.54504358384311
0.0377,7.501110696304596,0.1057558998905982,-0.003650661386390475,7.399005457800389,2115.117997811964,0.01057558998905982,3.650661386390475
0.0378,7.705132427757891,0.1020535664210993,-0.003753223719384913,7.606832085056177,2041.071328421986,0.01020535664210993,3.753223719384913
0.0379,7.901550123756913,0.09825034895650313,-0.003852621805066292,7.807152396605476,1965.006979130062,0.009825034895650312,3.852621805066292
0.038,8.090169943749482,0.09434988724891707,-0.003948320244710146,7.999768376745275,1886.997744978341,0.009434988724891707,3.948320244710146
0.0381,8.270805742745624,0.09035584497055033,-0.00403958453818376,8.184489482313257,1807.116899411006,0.009035584497055032,4.03958453818376
0.0382,8.443279255020157,0.08627267826922944,-0.004126323507026797,8.361132900257953,1725.453565384589,0.008627267826922944,4.126323507026797
0.0383,8.607420270039439,0.08210458393161167,-0.00420887627520905,8.529524562383036,1642.091678632233,0.008210458393161167,4.20887627520905
0.0384,8.763066800438629,0.07785595485515615,-0.004287549150568282,8.689498394734041,1557.119097103123,0.007785595485515615,4.287549150568282
0.0385,8.910065241883681,0.07353057533332455,-0.004362535767642228,8.840897202317999,1470.611506666491,0.007353057533332455,4.362535767642228
0.0386,9.04827052466019,0.06913245373038768,-0.00443360382878133,8.983571674758583,1382.649074607754,0.006913245373038768,4.43360382878133
0.0387,9.177546256839811,0.0646655770882968,-0.004500015044630601,9.117380694796145,1293.311541765936,0.00646655770882968,4.500015044630601
0.0388,9.297764858882513,0.06013464954384239,-0.00456141023906298,9.242191619577733,1202.692990876848,0.006013464954384239,4.56141023906298
0.0389,9.408807689542261,0.0555444779577474,-0.004617627924684342,9.357880839509198,1110.889559154948,0.00555444779577474,4.617627924684342
0.039,9.510565162951535,0.05090015127561665,-0.00466945643498029,9.464334468110899,1018.003025512333,0.005090015127561665,4.66945643498029
0.0391,9.602936856769434,0.04620600721972717,-0.00471732814617809,9.561448177695885,924.1201443945432,0.004620600721972717,4.71732814617809
0.0392,9.685831611286309,0.04146631991564741,-0.004761634404633952,9.649126925775295,829.3263983129482,0.004146631991564741,4.761634404633952
0.0393,9.759167619387476,0.03668491959786394,-0.004801344073268154,9.72728404386288,733.6983919572788,0.003668491959786394,4.801344073268154
0.0394,9.822872507286885,0.03186665239375202,-0.004835676693261348,9.795841531586394,637.3330478750403,0.003186665239375202,4.835676693261348
0.0395,9.876883405951379,0.02701656588858948,-0.004863661751031145,9.854730501813821,540.3313177717895,0.002701656588858947,4.863661751031145
0.0396,9.921147013144777,0.02214066726900629,-0.004886303396519409,9.90389264927229,442.8133453801257,0.002214066726900629,4.886303396519409
0.0397,9.955619646030801,0.01724384635325493,-0.004904562701936399,9.943280362379483,344.8769270650986,0.001724384635325493,4.904562701936399
0.0398,9.980267284282716,0.01233087173358568,-0.004920077448144156,9.972856489997275,246.6174346717135,0.001233087173358568,4.920077448144156
0.0399,9.995065603657316,0.007404968531078903,-0.004931928388076656,9.992592563514314,148.0993706215781,0.0007404968531078903,4.931928388076656
0.04,10,0.002470531767003438,-0.004938887132901471,10.0024683553659,49.41063534006875,0.0002470531767003438,4.938887132901471
0.04,10,0.002470531767003438,-0.004938887132901471,10.0024683553659,49.41063534006875,0.0002470531767003438,4.938887132901471
